P,16777151,20.562161,-78.384185,20.554633,-78.367258,20.570217,-78.364491,20.573432,-78.355295,20.567328,-78.343577,20.554633,-78.333119,20.535102,-78.32608,20.521308,-78.328359,20.518012,-78.338979,20.530422,-78.357289,20.536526,-78.368967,20.540595,-78.38386,20.546454,-78.396596,20.573635,-78.409779,20.585639,-78.427846,20.602444,-78.46345,20.612942,-78.449208,20.609524,-78.433502,20.599107,-78.418935,20.588772,-78.408193,20.569973,-78.393422,20.562161,-78.384185
P,16777151,20.65766,-78.578481,20.648424,-78.578277,20.643622,-78.585683,20.64289,-78.593984,20.64525,-78.600982,20.650214,-78.606313,20.653632,-78.611724,20.657945,-78.613393,20.660712,-78.609039,20.658352,-78.604075,20.653998,-78.579945,20.657375,-78.580719,20.659003,-78.581288,20.661607,-78.581695,20.65766,-78.578481
P,16777151,20.653144,-78.631174,20.652289,-78.646474,20.658515,-78.656158,20.663804,-78.654693,20.664944,-78.651519,20.663275,-78.643625,20.65884,-78.62975,20.653144,-78.631174
P,16777151,20.729193,-78.478424,20.725979,-78.476471,20.731187,-78.465891,20.731757,-78.4558,20.725979,-78.436147,20.711615,-78.449127,20.701239,-78.495758,20.691148,-78.51183,20.699286,-78.527821,20.70425,-78.5454,20.712795,-78.533193,20.72016,-78.498362,20.732164,-78.483957,20.73017,-78.478586,20.729193,-78.478424
P,16777151,20.725979,-78.750844,20.712226,-78.768056,20.719916,-78.792348,20.737454,-78.814809,20.753241,-78.826568,20.757229,-78.807037,20.748969,-78.785959,20.725979,-78.750844
P,16777151,20.749823,-75.485707,20.737779,-75.482167,20.737942,-75.500844,20.746405,-75.534088,20.74901,-75.551829,20.756781,-75.567535,20.769517,-75.577748,20.787421,-75.578481,20.795803,-75.529164,20.794257,-75.517079,20.786566,-75.508168,20.761054,-75.493764,20.749823,-75.485707
P,16777151,20.820746,-78.926137,20.807847,-78.925852,20.809231,-78.876617,20.799547,-78.858551,20.773139,-78.847035,20.773139,-78.854482,20.784857,-78.87149,20.792629,-78.94164,20.814114,-78.964345,20.831366,-78.952138,20.839586,-78.94225,20.838935,-78.932729,20.831122,-78.92809,20.820746,-78.926137
P,16777151,20.844631,-78.982737,20.839057,-78.988881,20.845445,-78.991689,20.849189,-78.995107,20.855048,-79.01891,20.885972,-79.069203,20.897284,-79.079823,20.899156,-79.067047,20.898017,-79.048818,20.893744,-79.032297,20.886664,-79.025217,20.88227,-79.013539,20.879625,-78.98998,20.873521,-78.971181,20.858791,-78.973988,20.844631,-78.982737
P,16777151,21.008002,-79.182118,20.982652,-79.137685,20.947008,-79.098948,20.917711,-79.073598,20.91828,-79.078603,20.917711,-79.094065,20.912095,-79.091298,20.897284,-79.087229,20.910834,-79.11559,20.927069,-79.134511,20.964911,-79.169179,20.972357,-79.169179,20.966051,-79.151763,20.954657,-79.138905,20.941718,-79.127553,20.930813,-79.114573,20.950873,-79.127675,20.976793,-79.14981,20.997016,-79.175038,20.999701,-79.197092,20.992255,-79.197092,20.988715,-79.193756,20.986762,-79.19286,20.98428,-79.192209,20.979193,-79.189605,20.982408,-79.200999,20.987779,-79.210764,20.99551,-79.218658,21.005845,-79.224436,21.008002,-79.182118
P,16777151,21.113186,-79.331899,21.074774,-79.292633,21.068793,-79.308013,21.068305,-79.324778,21.072903,-79.340728,21.082221,-79.354115,21.081692,-79.347401,21.082221,-79.326812,21.093004,-79.331166,21.09984,-79.338531,21.101264,-79.346791,21.095893,-79.354115,21.113837,-79.380238,21.123236,-79.388905,21.12759,-79.35733,21.113186,-79.331899
P,16777151,21.568183,-82.088368,21.56745,-82.110015,21.570299,-82.114247,21.574449,-82.102162,21.590033,-82.082183,21.592963,-82.071197,21.598375,-82.061838,21.606147,-82.054514,21.610663,-82.048329,21.621039,-82.019765,21.621527,-82.007883,21.626614,-81.996653,21.634833,-81.98762,21.641913,-81.98412,21.646308,-81.9829,21.647773,-81.981191,21.639879,-81.973622,21.622219,-81.972768,21.608832,-81.989817,21.59516,-82.029449,21.581448,-82.058583,21.579739,-82.065297,21.576483,-82.070465,21.572211,-82.07433,21.568183,-82.088368
P,16777151,21.639472,-81.870107,21.615627,-81.901357,21.615465,-81.918853,21.628485,-81.932362,21.641913,-81.935699,21.640204,-81.932851,21.62934,-81.92219,21.631008,-81.905629,21.641059,-81.892201,21.64704,-81.888173,21.647406,-81.892079,21.649359,-81.88915,21.661566,-81.859202,21.66356,-81.852528,21.666205,-81.839019,21.661078,-81.837799,21.649888,-81.852651,21.639472,-81.870107
P,16777151,21.667914,-81.417551,21.618476,-81.496693,21.605862,-81.527699,21.602973,-81.560658,21.622382,-81.56078,21.62759,-81.551381,21.62344,-81.523508,21.630845,-81.512441,21.645697,-81.503041,21.65705,-81.49352,21.653876,-81.482167,21.648179,-81.469065,21.651801,-81.454498,21.65998,-81.442698,21.667873,-81.437815,21.685004,-81.431711,21.697211,-81.417307,21.715969,-81.385976,21.71894,-81.377675,21.714748,-81.371653,21.708564,-81.369374,21.70539,-81.372304,21.70307,-81.376536,21.667914,-81.417551
P,16777151,21.933661,-82.858998,21.914862,-82.777496,21.900092,-82.721425,21.892808,-82.703725,21.881822,-82.690175,21.866156,-82.684722,21.847642,-82.688222,21.835435,-82.693471,21.824042,-82.692535,21.807807,-82.677887,21.773627,-82.632965,21.774319,-82.619537,21.769599,-82.609609,21.75849,-82.602935,21.746039,-82.59789,21.736762,-82.5926,21.729071,-82.592356,21.717434,-82.597727,21.698554,-82.608998,21.698554,-82.616444,21.690131,-82.611073,21.681586,-82.609527,21.672919,-82.61144,21.664455,-82.616444,21.651068,-82.593861,21.645738,-82.581899,21.643948,-82.568023,21.636542,-82.568023,21.624701,-82.575185,21.612006,-82.567128,21.601386,-82.552642,21.595526,-82.540761,21.580268,-82.550893,21.55976,-82.571441,21.541815,-82.594635,21.534084,-82.612701,21.530748,-82.631459,21.470608,-82.759185,21.444729,-82.835561,21.437486,-82.906239,21.441596,-82.918121,21.450995,-82.927235,21.452135,-82.992584,21.455024,-83.002268,21.46308,-83.02184,21.465806,-83.033559,21.465155,-83.069488,21.469224,-83.078521,21.509752,-83.111155,21.520453,-83.123606,21.537909,-83.151723,21.549262,-83.162099,21.568264,-83.171376,21.595526,-83.178212,21.620266,-83.189524,21.630316,-83.191803,21.630316,-83.185048,21.620103,-83.17394,21.585639,-83.123606,21.571723,-83.117014,21.559801,-83.101308,21.551459,-83.082021,21.548407,-83.065256,21.548407,-83.023915,21.552476,-83.020579,21.5751,-82.992584,21.584866,-82.976918,21.591254,-82.969228,21.59927,-82.965932,21.598293,-82.962799,21.592353,-82.957631,21.58218,-82.956532,21.568264,-82.965932,21.561998,-82.959096,21.593085,-82.941029,21.604641,-82.946116,21.609198,-82.975901,21.619778,-82.98766,21.760565,-83.073476,21.800279,-83.085601,21.843166,-83.075185,21.874335,-83.032826,21.887274,-83.027333,21.897691,-83.018666,21.910956,-82.998525,21.92182,-82.975697,21.925116,-82.959096,21.929999,-82.970082,21.931952,-82.981028,21.931952,-82.992584,21.937649,-83.004709,21.939602,-83.005238,21.94184,-82.998769,21.948432,-82.989491,21.933661,-82.858998
P,16777151,21.921942,-82.602895,21.920722,-82.630116,21.932074,-82.657867,21.949123,-82.66808,21.954535,-82.645172,21.938707,-82.607737,21.926663,-82.591176,21.921942,-82.602895
P,16777151,21.966213,-83.568105,21.961371,-83.552846,21.961493,-83.550364,21.961249,-83.545318,21.959418,-83.550649,21.958808,-83.570139,21.96011,-83.5926,21.966498,-83.607818,21.971747,-83.597808,21.966213,-83.568105
P,16777151,22.058417,-81.549387,22.044582,-81.547027,22.044013,-81.554921,22.049872,-81.565419,22.049058,-81.575754,22.050605,-81.581858,22.056789,-81.586334,22.064358,-81.588857,22.072699,-81.588857,22.076606,-81.582509,22.074123,-81.571523,22.069159,-81.561147,22.065985,-81.556264,22.058417,-81.549387
P,16777151,22.075995,-77.888051,22.075629,-77.871693,22.080959,-77.860422,22.08869,-77.850819,22.095852,-77.83967,22.100531,-77.822499,22.099555,-77.808502,22.095038,-77.796376,22.089016,-77.785024,22.084784,-77.781239,22.071357,-77.771962,22.068508,-77.76769,22.070624,-77.759104,22.080024,-77.7447,22.08218,-77.737213,22.077623,-77.726308,22.05801,-77.694203,22.054267,-77.682607,22.060858,-77.669667,22.069322,-77.661448,22.070258,-77.651723,22.054267,-77.634185,22.04206,-77.626576,22.029731,-77.624379,22.016181,-77.627065,21.971137,-77.648671,21.961493,-77.645579,21.945014,-77.634185,21.944485,-77.649648,21.940131,-77.661529,21.925116,-77.682607,21.94302,-77.677887,21.951158,-77.684316,21.948065,-77.695058,21.931952,-77.703114,21.92886,-77.700429,21.922268,-77.696156,21.915188,-77.695424,21.910834,-77.703114,21.912177,-77.708892,21.916938,-77.712636,21.923041,-77.715891,21.938788,-77.728179,21.948188,-77.732981,21.957221,-77.739125,21.966132,-77.751536,21.959784,-77.765777,21.964057,-77.787262,21.973578,-77.808665,21.98314,-77.822581,21.991848,-77.825103,22.002427,-77.821156,22.013617,-77.815297,22.024115,-77.812367,22.031317,-77.817128,22.036119,-77.827952,22.041205,-77.847076,22.03262,-77.84203,22.023993,-77.840077,22.015367,-77.841664,22.007025,-77.847076,22.027533,-77.853912,22.027533,-77.860097,22.013251,-77.870229,22.009223,-77.886586,22.015204,-77.901845,22.031236,-77.908559,22.043158,-77.917226,22.056138,-77.934478,22.072821,-77.947133,22.095852,-77.942047,22.102607,-77.949452,22.102118,-77.930165,22.093817,-77.916249,22.083238,-77.903635,22.075995,-77.888051
P,16777151,22.178371,-77.757721,22.177802,-77.781728,22.202582,-77.807118,22.260321,-77.847076,22.273749,-77.839589,22.288804,-77.850697,22.301744,-77.868479,22.308743,-77.880686,22.312445,-77.856109,22.295885,-77.834218,22.271145,-77.81843,22.228217,-77.805735,22.211493,-77.790151,22.196112,-77.772043,22.178371,-77.757721
P,16777151,22.236721,-77.987416,22.233222,-77.978627,22.236518,-77.953969,22.232978,-77.942047,22.224026,-77.935129,22.213853,-77.930572,22.206366,-77.923411,22.205024,-77.908559,22.21247,-77.92162,22.218817,-77.917633,22.224311,-77.913197,22.228949,-77.90807,22.232978,-77.902333,22.220852,-77.894846,22.214789,-77.884877,22.216295,-77.875071,22.226752,-77.867584,22.209621,-77.859609,22.202216,-77.870473,22.198432,-77.888661,22.192043,-77.902333,22.189154,-77.890777,22.183295,-77.882192,22.176703,-77.874908,22.171536,-77.867584,22.168199,-77.857004,22.164211,-77.836415,22.157904,-77.825999,22.116034,-77.8485,22.099189,-77.863433,22.109524,-77.87442,22.107571,-77.878977,22.104641,-77.890492,22.102607,-77.894887,22.110297,-77.898101,22.114488,-77.900746,22.123114,-77.908559,22.143215,-77.912831,22.150214,-77.933949,22.142157,-77.950754,22.116889,-77.942047,22.12226,-77.954945,22.141832,-77.990102,22.147366,-77.997304,22.162258,-78.00414,22.183417,-78.036041,22.198879,-78.045725,22.204535,-78.029449,22.217434,-78.016469,22.233832,-78.007924,22.250067,-78.00475,22.286363,-78.003326,22.297675,-78.006825,22.314887,-78.017812,22.31269,-78.002675,22.307807,-77.987172,22.298896,-77.974924,22.284817,-77.96996,22.275621,-77.975657,22.26557,-77.98648,22.253119,-77.993398,22.236721,-77.987416
P,16777151,22.437201,-78.197621,22.42475,-78.189687,22.435045,-78.169749,22.428941,-78.144195,22.413764,-78.119049,22.396877,-78.100331,22.384467,-78.090728,22.369696,-78.082021,22.354071,-78.075551,22.320868,-78.071645,22.310452,-78.067047,22.288235,-78.045725,22.288031,-78.037221,22.283026,-78.023346,22.281399,-78.010976,22.266018,-78.027659,22.272203,-78.051584,22.301907,-78.100331,22.305854,-78.122141,22.305854,-78.146311,22.310736,-78.171539,22.329169,-78.196523,22.34162,-78.175364,22.358222,-78.184885,22.367987,-78.20519,22.359605,-78.21642,22.350287,-78.217681,22.339911,-78.221547,22.333441,-78.228139,22.336005,-78.237457,22.346625,-78.243723,22.359117,-78.244211,22.366929,-78.239613,22.363349,-78.230702,22.380764,-78.230458,22.400621,-78.246327,22.410142,-78.269765,22.396877,-78.292144,22.402045,-78.297231,22.403225,-78.301747,22.403022,-78.306549,22.404283,-78.312611,22.420396,-78.298736,22.425442,-78.279042,22.42475,-78.243723,22.436591,-78.211578,22.437201,-78.197621
P,16777151,22.541653,-78.728831,22.530585,-78.736195,22.524319,-78.738759,22.518541,-78.756988,22.518785,-78.765981,22.525214,-78.767893,22.541653,-78.768137,22.543524,-78.762196,22.539781,-78.74828,22.541002,-78.738881,22.548407,-78.73766,22.551256,-78.735422,22.547919,-78.728261,22.541653,-78.728831
P,16777151,22.543036,-78.35204,22.528469,-78.340566,22.529853,-78.344228,22.534613,-78.353586,22.521145,-78.34911,22.457465,-78.282216,22.448676,-78.278472,22.438788,-78.281484,22.43891,-78.288686,22.443101,-78.297678,22.445258,-78.305776,22.418606,-78.429921,22.42475,-78.429921,22.427802,-78.427805,22.430325,-78.425282,22.434394,-78.423329,22.442125,-78.422475,22.445868,-78.419545,22.44538,-78.412953,22.444037,-78.406077,22.445258,-78.401967,22.454657,-78.401112,22.464301,-78.404612,22.468817,-78.412831,22.462592,-78.426178,22.454576,-78.445668,22.451158,-78.472768,22.452094,-78.518056,22.458482,-78.540842,22.476304,-78.568227,22.483466,-78.609527,22.492011,-78.638417,22.503119,-78.655995,22.514146,-78.641591,22.529975,-78.656972,22.515692,-78.677358,22.507514,-78.693593,22.541449,-78.696197,22.538723,-78.692535,22.534613,-78.683176,22.554429,-78.679758,22.556545,-78.670644,22.551907,-78.660024,22.551703,-78.65217,22.553371,-78.641265,22.544867,-78.596913,22.530463,-78.572581,22.528388,-78.544423,22.530463,-78.515981,22.528469,-78.490793,22.529853,-78.46642,22.541734,-78.450551,22.555406,-78.436838,22.561957,-78.419057,22.559801,-78.396352,22.553534,-78.372385,22.543036,-78.35204
P,16777151,22.565741,-82.518788,22.559312,-82.522857,22.563463,-82.527455,22.62637,-82.525299,22.634752,-82.527821,22.640041,-82.52831,22.640855,-82.524566,22.636664,-82.519765,22.629136,-82.51594,22.625149,-82.514475,22.613186,-82.510813,22.590074,-82.507721,22.572455,-82.51358,22.565741,-82.518788
P,16777151,22.624416,-79.20641,22.624416,-79.213246,22.631049,-79.213206,22.636623,-79.21642,22.639716,-79.224517,22.643012,-79.215728,22.64468,-79.176869,22.634508,-79.189768,22.624416,-79.20641
P,16777151,22.649115,-78.961171,22.637681,-78.984202,22.651435,-78.989858,22.656724,-79.004506,22.660346,-79.064443,22.664252,-79.074615,22.67182,-79.087229,22.674018,-79.070383,22.668524,-78.976552,22.660142,-78.960846,22.649115,-78.961171
P,16777151,22.804104,-79.569976,22.749579,-79.517974,22.73314,-79.496327,22.719916,-79.450266,22.691352,-79.412913,22.676663,-79.371978,22.657294,-79.351918,22.63467,-79.335601,22.616523,-79.326812,22.635321,-79.349477,22.637681,-79.357533,22.63935,-79.366363,22.643215,-79.375559,22.651313,-79.388905,22.663642,-79.403798,22.698472,-79.437367,22.692288,-79.455393,22.694322,-79.473744,22.702053,-79.490834,22.718411,-79.51358,22.720689,-79.52009,22.725002,-79.524037,22.736396,-79.525461,22.740302,-79.528879,22.75141,-79.54483,22.75373,-79.549672,22.760159,-79.557973,22.774237,-79.5631,22.788275,-79.571767,22.794664,-79.590647,22.783149,-79.620351,22.78384,-79.633656,22.802151,-79.635325,22.810248,-79.606923,22.811225,-79.586537,22.804104,-79.569976
P,16777151,22.859442,-79.680084,22.852118,-79.666371,22.84516,-79.660797,22.836249,-79.66983,22.833686,-79.685292,22.840155,-79.692372,22.847154,-79.692291,22.850491,-79.69518,22.852484,-79.699086,22.851752,-79.704579,22.853461,-79.711537,22.866116,-79.730865,22.8758,-79.739858,22.88581,-79.738759,22.888983,-79.726186,22.895331,-79.728261,22.903957,-79.727528,22.907213,-79.722157,22.896145,-79.715443,22.880032,-79.718332,22.877834,-79.711293,22.873928,-79.692006,22.865302,-79.685862,22.859442,-79.680084
P,16777151,22.966376,-79.911,22.959174,-79.895375,22.959703,-79.887115,22.946275,-79.887847,22.936713,-79.898549,22.949286,-79.91983,22.946479,-79.929351,22.932847,-79.939809,22.928412,-79.949696,22.95303,-79.957428,22.961127,-79.943023,22.966295,-79.927235,22.966376,-79.911
P,16777151,22.911811,-79.83495,22.910346,-79.846506,22.916938,-79.858022,22.925971,-79.864491,22.931952,-79.86148,22.936713,-79.855295,22.941636,-79.852935,22.942939,-79.861887,22.947699,-79.871165,22.962592,-79.861073,22.968085,-79.838531,22.964667,-79.826283,22.954332,-79.818471,22.947252,-79.817047,22.94245,-79.82311,22.938951,-79.835072,22.931789,-79.842152,22.926174,-79.837636,22.92475,-79.82901,22.919135,-79.827382,22.911811,-79.83495
P,16777151,22.986518,-80.251617,22.982571,-80.242502,22.976752,-80.236073,22.96894,-80.232533,22.959174,-80.231801,22.975328,-80.332509,22.986518,-80.347808,22.991034,-80.341705,22.993354,-80.335764,22.992255,-80.328969,22.986518,-80.320546,23.008694,-80.271881,23.010932,-80.249745,23.000149,-80.231801,22.997301,-80.236969,22.989447,-80.246693,22.986518,-80.251617
P,16777151,23.05801,-80.064605,23.049791,-80.061391,23.042426,-80.057607,23.029202,-80.053578,23.026679,-80.056304,23.034247,-80.06192,23.038886,-80.066558,23.03856,-80.070709,23.037299,-80.077301,23.038316,-80.085357,23.042873,-80.091217,23.048326,-80.094797,23.050686,-80.094472,23.049994,-80.091054,23.055487,-80.089467,23.06745,-80.087636,23.069892,-80.076772,23.05801,-80.064605
P,16777151,23.075873,-80.142405,23.067328,-80.162424,23.07095,-80.182729,23.089545,-80.224965,23.099758,-80.222646,23.107123,-80.217397,23.114447,-80.210805,23.124254,-80.204457,23.124254,-80.197011,23.111396,-80.190745,23.100246,-80.17984,23.092475,-80.166493,23.089545,-80.152659,23.089016,-80.136586,23.086982,-80.131256,23.082831,-80.134104,23.075873,-80.142405
P,16777151,23.085273,-80.244618,23.084866,-80.250315,23.089301,-80.257069,23.096177,-80.26179,23.103746,-80.265859,23.106269,-80.273793,23.114081,-80.288564,23.115871,-80.29304,23.120429,-80.294749,23.122626,-80.296457,23.12641,-80.302968,23.134508,-80.305735,23.140448,-80.29601,23.14175,-80.288564,23.14232,-80.281117,23.140041,-80.27245,23.134467,-80.272572,23.127427,-80.265533,23.115302,-80.250885,23.107489,-80.2447,23.104315,-80.242177,23.097642,-80.238149,23.09101,-80.23941,23.085273,-80.244618
P,16777151,23.147691,-80.378,23.145819,-80.386098,23.14643,-80.393951,23.143378,-80.419667,23.136217,-80.42927,23.130194,-80.444407,23.126776,-80.458079,23.128607,-80.459788,23.135199,-80.462229,23.137193,-80.458404,23.136217,-80.449452,23.145087,-80.45108,23.150621,-80.446116,23.152533,-80.431793,23.152777,-80.424469,23.154608,-80.401438,23.154486,-80.390004,23.152167,-80.376291,23.147691,-80.378
P,16777151,23.178209,-80.843739,23.165229,-80.828236,23.1789,-80.828236,23.1789,-80.82079,23.164293,-80.811106,23.157538,-80.804799,23.152899,-80.80484,23.144761,-80.814036,23.135647,-80.830637,23.136664,-80.8426,23.14175,-80.853179,23.144761,-80.865549,23.14175,-80.897817,23.133857,-80.92219,23.110663,-80.971669,23.122138,-80.960439,23.159166,-80.89981,23.162787,-80.881947,23.162177,-80.862538,23.157782,-80.841298,23.163235,-80.845204,23.173651,-80.850819,23.1789,-80.85497,23.185126,-80.848134,23.178209,-80.843739
P,16777151,23.192572,-80.52599,23.191799,-80.517323,23.192572,-80.491851,23.193793,-80.48644,23.196357,-80.4794,23.196031,-80.473378,23.18887,-80.470774,23.181545,-80.473012,23.177436,-80.478912,23.173896,-80.486806,23.168362,-80.495229,23.169745,-80.505279,23.176744,-80.522939,23.182196,-80.54308,23.1789,-80.56017,23.18476,-80.564076,23.185126,-80.568471,23.1789,-80.580637,23.192572,-80.576975,23.200914,-80.570424,23.205064,-80.559682,23.206244,-80.543365,23.204332,-80.539296,23.195461,-80.531361,23.192572,-80.52599
P,16777151,23.201402,-80.663645,23.194485,-80.666127,23.19481,-80.670522,23.194037,-80.673695,23.186835,-80.674672,23.185614,-80.67984,23.18773,-80.691314,23.183905,-80.698842,23.177191,-80.700836,23.180325,-80.704254,23.193061,-80.704945,23.203925,-80.694895,23.210273,-80.677602,23.212226,-80.668528,23.209174,-80.665883,23.201402,-80.663645
P,16777151,23.052069,-81.184885,23.034898,-81.149159,23.034491,-81.129303,23.038967,-81.120717,23.049221,-81.113678,23.065985,-81.098541,23.074205,-81.093739,23.0987,-81.08316,23.103827,-81.078114,23.104967,-81.066762,23.109849,-81.046254,23.110663,-81.039906,23.103827,-80.998362,23.104071,-80.991444,23.105862,-80.987538,23.10224,-80.985707,23.086412,-80.98526,23.064439,-80.977773,23.059027,-80.959381,23.062934,-80.936757,23.069037,-80.916371,23.096991,-80.759348,23.097602,-80.734771,23.088609,-80.68814,23.089545,-80.663157,23.097805,-80.642242,23.112942,-80.623525,23.131741,-80.618031,23.151028,-80.636464,23.156724,-80.623443,23.158189,-80.609853,23.156073,-80.597279,23.151028,-80.587473,23.144761,-80.587473,23.137437,-80.596018,23.089545,-80.622222,23.070136,-80.59435,23.06802,-80.593088,23.007392,-80.556793,22.993964,-80.536244,22.992906,-80.520375,22.985663,-80.479848,22.980292,-80.464508,22.972073,-80.455068,22.960395,-80.444732,22.949937,-80.431508,22.945502,-80.413319,22.945624,-80.356923,22.942084,-80.344472,22.929836,-80.329416,22.921291,-80.313344,22.915676,-80.296702,22.912014,-80.279612,22.911038,-80.246693,22.91706,-80.215688,22.938707,-80.156077,22.962551,-80.163564,22.96308,-80.146718,22.938544,-80.093617,22.931789,-80.070058,22.935248,-80.050038,22.959174,-80.046213,22.953843,-80.035512,22.946682,-80.024566,22.938056,-80.016103,22.928453,-80.012685,22.890611,-79.990061,22.884101,-79.987864,22.863593,-79.950022,22.862779,-79.944569,22.863593,-79.926747,22.861314,-79.91983,22.856431,-79.916982,22.851549,-79.916412,22.849311,-79.916493,22.85517,-79.895741,22.883694,-79.863149,22.899726,-79.801747,22.897773,-79.792958,22.890123,-79.792958,22.882148,-79.802358,22.870429,-79.820912,22.880683,-79.843861,22.872545,-79.85497,22.836249,-79.868031,22.820705,-79.857167,22.814114,-79.850901,22.808336,-79.841379,22.80565,-79.830719,22.802151,-79.78954,22.796617,-79.771881,22.757799,-79.713124,22.753079,-79.70995,22.748765,-79.706166,22.746894,-79.700185,22.749172,-79.694651,22.754096,-79.688629,22.758979,-79.684193,22.761176,-79.683095,22.763861,-79.660308,22.758775,-79.651723,22.657497,-79.627024,22.656928,-79.626454,22.65233,-79.61148,22.646552,-79.599355,22.638495,-79.588531,22.627102,-79.57726,22.611151,-79.565826,22.580268,-79.552113,22.56566,-79.542836,22.53913,-79.517486,22.534613,-79.51183,22.531968,-79.496938,22.531399,-79.468007,22.528469,-79.456532,22.49022,-79.42984,22.478746,-79.424713,22.47248,-79.416737,22.413153,-79.341786,22.400295,-79.312489,22.404283,-79.285878,22.394843,-79.275746,22.38227,-79.256947,22.37641,-79.238759,22.387193,-79.23058,22.388414,-79.219838,22.377875,-79.16747,22.377631,-79.148671,22.384833,-79.137807,22.391181,-79.13565,22.395657,-79.133127,22.396877,-79.120717,22.394599,-79.110585,22.385728,-79.095041,22.383775,-79.083485,22.386664,-79.062001,22.39997,-79.024485,22.404283,-79.005279,22.404608,-78.982493,22.398749,-78.927195,22.388332,-78.828684,22.390611,-78.78185,22.380561,-78.776723,22.322333,-78.757639,22.324856,-78.754018,22.329169,-78.744618,22.31623,-78.734609,22.324205,-78.725331,22.355902,-78.709869,22.372707,-78.722646,22.379136,-78.729482,22.383775,-78.737782,22.390611,-78.737782,22.386908,-78.708079,22.357001,-78.676137,22.321031,-78.566884,22.311835,-78.552846,22.299058,-78.544301,22.283271,-78.524403,22.268866,-78.501454,22.260321,-78.483957,22.253607,-78.460072,22.244045,-78.399892,22.246649,-78.3815,22.239936,-78.381947,22.22602,-78.380971,22.219306,-78.3815,22.224026,-78.371205,22.226752,-78.367258,22.216783,-78.360504,22.197659,-78.351145,22.18891,-78.343902,22.182563,-78.334869,22.173896,-78.316965,22.167792,-78.309193,22.163804,-78.301422,22.163642,-78.291575,22.164618,-78.281117,22.164049,-78.271637,22.151068,-78.237457,22.14704,-78.221913,22.143622,-78.172353,22.13935,-78.163645,22.129462,-78.161692,22.118109,-78.160878,22.109524,-78.155588,22.107571,-78.147328,22.107856,-78.121693,22.10635,-78.124989,22.102607,-78.128285,22.093451,-78.117787,22.089016,-78.105377,22.086249,-78.092437,22.08279,-78.081817,22.08218,-78.079823,22.086982,-78.065053,22.07746,-78.055572,22.051174,-78.042307,22.034329,-78.023264,22.027533,-78.017812,22.009263,-78.01122,21.979682,-77.993235,21.970038,-77.985219,21.966132,-77.973378,21.958238,-77.961334,21.914252,-77.915395,21.905992,-77.911977,21.876939,-77.895009,21.869859,-77.888051,21.871527,-77.876047,21.881537,-77.870351,21.956244,-77.86559,21.966132,-77.860097,21.970526,-77.84911,21.966457,-77.822255,21.966132,-77.806142,21.955756,-77.815012,21.950385,-77.846995,21.94184,-77.853912,21.924018,-77.852528,21.91059,-77.848541,21.89997,-77.842152,21.890326,-77.833485,21.880276,-77.822011,21.876451,-77.813303,21.876695,-77.788726,21.870022,-77.777943,21.85456,-77.770375,21.837348,-77.766021,21.825507,-77.764556,21.8133,-77.760894,21.804633,-77.751576,21.798651,-77.738393,21.790188,-77.710072,21.789252,-77.704457,21.795885,-77.689768,21.791693,-77.681264,21.784735,-77.673207,21.781155,-77.664662,21.78974,-77.603871,21.787909,-77.586415,21.780585,-77.569651,21.753811,-77.524973,21.767646,-77.524403,21.774604,-77.516591,21.781155,-77.490834,21.771226,-77.489247,21.766181,-77.483388,21.765041,-77.474233,21.766832,-77.46288,21.770575,-77.464955,21.777737,-77.467519,21.781155,-77.469716,21.776842,-77.455637,21.766588,-77.44225,21.746405,-77.421986,21.744615,-77.43635,21.75023,-77.446278,21.750678,-77.452545,21.733344,-77.456044,21.715033,-77.453725,21.683824,-77.439076,21.667873,-77.435618,21.65762,-77.430287,21.653713,-77.41747,21.650133,-77.387196,21.638251,-77.363352,21.636542,-77.35676,21.638617,-77.347157,21.643297,-77.342152,21.648017,-77.339426,21.650133,-77.336537,21.655585,-77.336903,21.667548,-77.342885,21.679511,-77.352406,21.690497,-77.378407,21.703843,-77.38915,21.733344,-77.401479,21.756578,-77.407094,21.763414,-77.411692,21.767279,-77.418568,21.774848,-77.438303,21.777737,-77.442372,21.788235,-77.443715,21.801907,-77.448801,21.809272,-77.459137,21.800971,-77.476552,21.815253,-77.490834,21.803534,-77.504384,21.811835,-77.518544,21.843166,-77.545481,21.873277,-77.583079,21.888739,-77.593658,21.890448,-77.600494,21.884182,-77.614329,21.901272,-77.605824,21.919257,-77.589915,21.930813,-77.571645,21.928534,-77.55602,21.90119,-77.52123,21.893012,-77.517486,21.867743,-77.511098,21.862454,-77.507558,21.790473,-77.401357,21.781155,-77.380971,21.766343,-77.330068,21.756903,-77.315785,21.743354,-77.301584,21.717515,-77.26773,21.712836,-77.254303,21.671291,-77.195424,21.664252,-77.180653,21.660142,-77.166737,21.660061,-77.151845,21.664455,-77.133941,21.645575,-77.141713,21.63349,-77.136301,21.624742,-77.12621,21.616034,-77.120269,21.596177,-77.123769,21.571967,-77.147817,21.554592,-77.154408,21.560004,-77.163197,21.57803,-77.180491,21.581855,-77.185414,21.609768,-77.249745,21.614244,-77.266021,21.616034,-77.284779,21.614244,-77.28425,21.610582,-77.286733,21.607123,-77.290028,21.606106,-77.291615,21.602484,-77.293772,21.60399,-77.298818,21.607367,-77.304677,21.611151,-77.313588,21.620347,-77.324452,21.62344,-77.33316,21.621649,-77.356191,21.611762,-77.364247,21.600775,-77.360951,21.595526,-77.349599,21.592963,-77.338002,21.587104,-77.329701,21.580268,-77.322011,21.5751,-77.312734,21.572943,-77.302805,21.5751,-77.27477,21.56745,-77.255116,21.550849,-77.249989,21.534247,-77.257232,21.526679,-77.27477,21.518459,-77.277577,21.500474,-77.27123,21.4831,-77.262522,21.476386,-77.258046,21.474311,-77.246734,21.477769,-77.224355,21.47606,-77.208485,21.458401,-77.216461,21.460883,-77.206614,21.472642,-77.181711,21.473822,-77.180776,21.478949,-77.171295,21.480129,-77.161855,21.495266,-77.153066,21.548407,-77.140736,21.593207,-77.115468,21.602973,-77.107249,21.606187,-77.088287,21.595771,-77.069936,21.472642,-76.962636,21.459052,-76.946767,21.45775,-76.944814,21.447943,-76.929921,21.431627,-76.893707,21.4206,-76.83845,21.4112,-76.825429,21.397528,-76.832265,21.397528,-76.811757,21.376899,-76.817616,21.366645,-76.825551,21.363186,-76.837717,21.36107,-76.873158,21.355658,-76.887441,21.346096,-76.89745,21.332017,-76.901194,21.307359,-76.887278,21.332465,-76.836171,21.307563,-76.839101,21.314114,-76.829457,21.324408,-76.825022,21.336575,-76.822581,21.348538,-76.818593,21.348538,-76.825429,21.368069,-76.811431,21.378119,-76.807281,21.390082,-76.805572,21.370266,-76.74413,21.370551,-76.738393,21.374945,-76.73058,21.373277,-76.726145,21.362779,-76.70934,21.356635,-76.682281,21.355943,-76.671498,21.349555,-76.656077,21.335517,-76.642486,21.321357,-76.636586,21.315009,-76.64391,21.311591,-76.660146,21.287665,-76.716176,21.302639,-76.71231,21.311469,-76.721506,21.311916,-76.731435,21.301337,-76.729848,21.285549,-76.73469,21.279039,-76.721344,21.275865,-76.701161,21.269965,-76.685211,21.259019,-76.670155,21.251899,-76.65331,21.247992,-76.634389,21.246731,-76.613149,21.252916,-76.613149,21.260077,-76.634918,21.264635,-76.641469,21.273383,-76.647328,21.287746,-76.654042,21.294135,-76.653554,21.301337,-76.634267,21.301825,-76.61677,21.294827,-76.592926,21.282416,-76.57079,21.266588,-76.557932,21.266588,-76.551666,21.287665,-76.551666,21.287665,-76.544911,21.247626,-76.548411,21.234524,-76.559885,21.232367,-76.613149,21.225572,-76.613149,21.225572,-76.592681,21.220201,-76.602366,21.218736,-76.606313,21.205878,-76.598256,21.206366,-76.58845,21.211371,-76.577301,21.211982,-76.565338,21.205227,-76.556793,21.187812,-76.546742,21.184638,-76.537465,21.186713,-76.532379,21.191596,-76.525502,21.197252,-76.519521,21.202053,-76.516957,21.205268,-76.514556,21.205471,-76.508941,21.204739,-76.502431,21.205146,-76.49706,21.22134,-76.467641,21.225572,-76.456125,21.230658,-76.471588,21.234809,-76.504262,21.239244,-76.516957,21.252631,-76.529042,21.268622,-76.532379,21.28205,-76.525543,21.287665,-76.507314,21.284329,-76.387563,21.277086,-76.363026,21.266059,-76.348785,21.254218,-76.316518,21.251899,-76.313547,21.23371,-76.290273,21.225043,-76.275868,21.187161,-76.169667,21.167222,-76.137807,21.143704,-76.133412,21.135565,-76.129994,21.114163,-76.130727,21.102118,-76.126576,21.091498,-76.11677,21.092231,-76.109853,21.102118,-76.099843,21.110541,-76.083811,21.112982,-76.072662,21.109565,-76.058258,21.103827,-76.048085,21.096666,-76.041005,21.087348,-76.037221,21.074774,-76.03718,21.074774,-76.030914,21.079576,-76.02892,21.08454,-76.025746,21.089057,-76.023549,21.073676,-76.016713,21.070299,-76.008168,21.07807,-76.002187,21.095893,-76.003041,21.09455,-75.994618,21.09398,-75.967885,21.095893,-75.955312,21.099799,-75.949045,21.112942,-75.933461,21.115709,-75.924875,21.11518,-75.912424,21.112779,-75.899892,21.107733,-75.890248,21.090277,-75.881947,21.088772,-75.873525,21.093085,-75.868276,21.102118,-75.873362,21.136868,-75.821767,21.135647,-75.816274,21.129299,-75.801259,21.126614,-75.798207,21.119045,-75.794016,21.118638,-75.784291,21.123236,-75.766835,21.123277,-75.732289,21.118964,-75.70401,21.103095,-75.684316,21.06859,-75.675364,21.076361,-75.635894,21.062567,-75.613149,21.013373,-75.578481,20.972357,-75.598948,20.965399,-75.604848,20.956732,-75.616038,20.951239,-75.620107,20.94481,-75.621938,20.929877,-75.624176,20.923977,-75.626332,20.912543,-75.634877,20.8994,-75.648752,20.890082,-75.665151,20.890448,-75.681549,20.900051,-75.686513,20.915188,-75.690256,20.924872,-75.696401,20.917711,-75.708852,20.922553,-75.71703,20.923407,-75.723622,20.921454,-75.729482,20.917711,-75.735504,20.916571,-75.727366,20.914455,-75.721425,20.910346,-75.717519,20.90351,-75.715688,20.901557,-75.744008,20.88935,-75.743398,20.872219,-75.730458,20.855048,-75.721832,20.855048,-75.715688,20.870836,-75.704498,20.878241,-75.678131,20.879543,-75.648183,20.876776,-75.626332,20.856838,-75.584869,20.851955,-75.578481,20.83808,-75.577382,20.827541,-75.573313,20.821479,-75.564931,20.821519,-75.551137,20.797675,-75.559071,20.797675,-75.57315,20.807685,-75.589101,20.814114,-75.602691,20.816555,-75.610178,20.822496,-75.613433,20.829657,-75.615712,20.835842,-75.620107,20.841457,-75.627431,20.843085,-75.630605,20.83511,-75.685374,20.828681,-75.704742,20.835842,-75.770253,20.824408,-75.765004,20.811591,-75.766347,20.787421,-75.776479,20.781317,-75.775706,20.768704,-75.776601,20.756903,-75.779368,20.746405,-75.783925,20.737616,-75.774648,20.71601,-75.763051,20.695502,-75.724517,20.690579,-75.708852,20.701117,-75.702016,20.722886,-75.691029,20.760728,-75.643178,20.780585,-75.633127,20.768622,-75.617299,20.75316,-75.607737,20.735989,-75.605702,20.718492,-75.61262,20.721503,-75.586822,20.718451,-75.577504,20.707953,-75.581899,20.698228,-75.583567,20.691392,-75.573313,20.684394,-75.551137,20.706448,-75.556711,20.693427,-75.497792,20.711656,-75.482249,20.711656,-75.476064,20.706122,-75.471262,20.700629,-75.464711,20.695502,-75.456858,20.691148,-75.44811,20.711656,-75.440663,20.717963,-75.457183,20.719224,-75.465932,20.718492,-75.476064,20.734076,-75.463612,20.740627,-75.439687,20.741156,-75.413564,20.738959,-75.394154,20.732164,-75.376576,20.719916,-75.356028,20.708482,-75.349233,20.70425,-75.373036,20.691392,-75.364329,20.677558,-75.359364,20.677558,-75.35261,20.681871,-75.351389,20.691148,-75.345774,20.669664,-75.337229,20.66474,-75.312815,20.670722,-75.256337,20.681586,-75.273752,20.699449,-75.311594,20.70425,-75.33141,20.717108,-75.318715,20.723131,-75.294301,20.723334,-75.267974,20.718492,-75.249501,20.725979,-75.256337,20.724799,-75.241038,20.715644,-75.194325,20.709133,-75.181956,20.702216,-75.178578,20.697984,-75.194895,20.691148,-75.194895,20.684394,-75.166982,20.686428,-75.165151,20.687812,-75.164866,20.689195,-75.163971,20.691148,-75.160756,20.683092,-75.149078,20.687405,-75.131825,20.686591,-75.115346,20.663275,-75.106109,20.668606,-75.104115,20.67768,-75.099599,20.684394,-75.098704,20.67768,-75.089426,20.673651,-75.080393,20.673245,-75.071929,20.677558,-75.064565,20.691148,-75.078765,20.700751,-74.998362,20.694566,-74.978871,20.689521,-74.969228,20.687323,-74.959096,20.68358,-74.95108,20.67414,-74.947865,20.668402,-74.940745,20.668036,-74.924672,20.670722,-74.900054,20.659491,-74.883534,20.645941,-74.869293,20.634589,-74.850901,20.6258,-74.77184,20.619574,-74.75121,20.60928,-74.735585,20.603949,-74.745717,20.602444,-74.749867,20.578559,-74.735585,20.567613,-74.734934,20.564846,-74.732574,20.564439,-74.728383,20.560858,-74.721913,20.556057,-74.715159,20.552232,-74.709828,20.540961,-74.673492,20.527655,-74.669993,20.513088,-74.650706,20.485745,-74.605214,20.476793,-74.597279,20.455797,-74.586497,20.414455,-74.554799,20.410061,-74.547231,20.403551,-74.543935,20.35517,-74.494985,20.350816,-74.485748,20.349189,-74.472076,20.343085,-74.450266,20.327582,-74.423411,20.307278,-74.401112,20.286526,-74.392974,20.286526,-74.385569,20.300523,-74.372182,20.300442,-74.351918,20.295233,-74.329701,20.293931,-74.310414,20.30093,-74.293691,20.311225,-74.276235,20.319648,-74.257192,20.321234,-74.235951,20.317369,-74.223541,20.310981,-74.213612,20.293931,-74.193715,20.273424,-74.159657,20.259182,-74.147532,20.242336,-74.139638,20.223822,-74.135081,20.204576,-74.132883,20.182603,-74.141957,20.170559,-74.162913,20.162665,-74.184071,20.148871,-74.198069,20.137844,-74.218332,20.135688,-74.225087,20.130316,-74.230295,20.094672,-74.235951,20.068305,-74.267405,20.069322,-74.304514,20.079576,-74.346588,20.081041,-74.392974,20.068671,-74.455922,20.065619,-74.498362,20.047642,-74.580477,20.05452,-74.61865,20.042164,-74.650184,20.051801,-74.713124,20.039467,-74.788425,20.037258,-74.812978,20.026435,-74.838002,20.012763,-74.855133,19.997016,-74.870676,19.984076,-74.887807,19.978664,-74.910024,19.978219,-74.933517,19.975949,-74.947334,19.967813,-74.955516,19.94701,-74.961561,19.923035,-74.977868,19.911566,-75.010081,19.907601,-75.045668,19.919372,-75.051035,19.922966,-75.058231,19.921605,-75.063518,19.914368,-75.066378,19.904862,-75.066333,19.897133,-75.09178,19.897226,-75.095006,19.971584,-75.09495,19.971551,-75.137036,19.976279,-75.13516,19.981147,-75.12975,19.990617,-75.115052,19.9929,-75.102077,20.014137,-75.090133,20.025895,-75.084857,20.035468,-75.09081,20.061225,-75.092437,20.057485,-75.112791,20.043912,-75.122381,20.033508,-75.128609,20.021296,-75.135795,20.025948,-75.143812,20.031166,-75.154333,20.025577,-75.169425,20.013739,-75.175445,20.003974,-75.177358,19.993476,-75.174062,19.991936,-75.16868,19.990411,-75.162112,19.99136,-75.15807,19.99494,-75.155426,19.999172,-75.15331,19.994574,-75.151235,19.984278,-75.146997,19.977769,-75.159127,19.970648,-75.160192,19.970732,-75.178862,19.93744,-75.228969,19.900052,-75.232857,19.900051,-75.232859,19.888251,-75.284657,19.882473,-75.38329,19.88349,-75.394276,19.890692,-75.427602,19.895657,-75.437489,19.896715,-75.444407,19.894761,-75.447336,19.885484,-75.455637,19.882473,-75.461822,19.879096,-75.488881,19.879625,-75.520904,19.885159,-75.550852,19.896715,-75.571645,19.892035,-75.604726,19.912584,-75.645619,19.940375,-75.687001,19.957506,-75.721832,19.959866,-75.743723,19.957506,-75.815297,19.959784,-75.83434,19.96955,-75.873362,19.971829,-75.893788,19.967678,-75.932118,19.962226,-75.952219,19.954413,-75.965484,19.952379,-75.980092,19.982489,-76.11205,19.992336,-76.20226,19.990627,-76.248158,19.97016,-76.327992,19.964993,-76.366119,19.964993,-76.43871,19.962104,-76.460276,19.948391,-76.502268,19.943915,-76.524403,19.951117,-76.651601,19.940741,-76.781077,19.930732,-76.801747,19.931586,-76.823598,19.936265,-76.845611,19.93769,-76.866444,19.931383,-76.881825,19.906643,-76.914133,19.896715,-76.935292,19.891059,-76.958892,19.885443,-77.088043,19.889309,-77.113433,19.908108,-77.163401,19.912584,-77.188954,19.902899,-77.202789,19.902899,-77.209625,19.909613,-77.217112,19.911078,-77.227284,19.906887,-77.237172,19.896715,-77.243764,19.904527,-77.269154,19.906684,-77.298248,19.900295,-77.324086,19.882473,-77.339996,19.882473,-77.312734,19.875637,-77.312734,19.874823,-77.330474,19.864488,-77.35851,19.861965,-77.377268,19.859565,-77.46996,19.844916,-77.533355,19.841498,-77.569325,19.844631,-77.61148,19.828925,-77.673248,19.827826,-77.692535,19.830024,-77.706044,19.835883,-77.719553,19.844794,-77.73058,19.855699,-77.737213,19.874172,-77.735992,19.907213,-77.717356,19.916571,-77.716176,19.918687,-77.708811,19.919989,-77.696116,19.923407,-77.688832,19.929592,-77.682118,19.939887,-77.675282,19.943915,-77.668324,19.954779,-77.671376,19.96247,-77.666737,19.978664,-77.647857,20.007799,-77.625559,20.012763,-77.623931,20.020331,-77.620432,20.061103,-77.572743,20.06981,-77.574696,20.082465,-77.588124,20.088528,-77.586415,20.087958,-77.577382,20.079779,-77.551015,20.088772,-77.541086,20.09455,-77.521881,20.098456,-77.517486,20.104438,-77.514719,20.129462,-77.496978,20.140855,-77.479563,20.162421,-77.436635,20.185045,-77.420237,20.198065,-77.401357,20.242743,-77.300649,20.245551,-77.281361,20.253241,-77.266469,20.289293,-77.250722,20.300767,-77.236318,20.301215,-77.233388,20.301337,-77.229848,20.300767,-77.223297,20.28913,-77.228993,20.283393,-77.222971,20.282864,-77.210072,20.286526,-77.195424,20.294867,-77.181752,20.307278,-77.171213,20.32217,-77.164296,20.338324,-77.161855,20.344062,-77.15453,20.368476,-77.113433,20.416409,-77.11026,20.423651,-77.103505,20.430162,-77.095815,20.465277,-77.082428,20.512437,-77.113433,20.520941,-77.123199,20.537909,-77.150136,20.55093,-77.185943,20.552151,-77.195668,20.540961,-77.189198,20.534125,-77.195424,20.54621,-77.214019,20.552924,-77.229482,20.563056,-77.239898,20.585354,-77.243764,20.592108,-77.240387,20.596015,-77.232493,20.598822,-77.223378,20.602444,-77.216461,20.629788,-77.195424,20.636542,-77.195424,20.658271,-77.231679,20.662095,-77.251047,20.643378,-77.258046,20.662055,-77.278188,20.687079,-77.295155,20.709052,-77.314849,20.718492,-77.343129,20.716132,-77.371734,20.709174,-77.403188,20.698432,-77.429351,20.684394,-77.442372,20.690009,-77.451894,20.689887,-77.457672,20.686998,-77.462717,20.684394,-77.469716,20.681789,-77.480295,20.679185,-77.486724,20.677476,-77.493398,20.677558,-77.504506,20.680325,-77.521962,20.697984,-77.572743,20.678453,-77.611643,20.677558,-77.620513,20.687934,-77.634999,20.691148,-77.641713,20.692572,-77.649281,20.691148,-77.678863,20.692043,-77.686676,20.697414,-77.706125,20.701117,-77.712717,20.698879,-77.71642,20.697984,-77.729319,20.700751,-77.778432,20.705878,-77.795562,20.723049,-77.822133,20.728258,-77.84081,20.732164,-77.877512,20.727281,-77.899241,20.716376,-77.914174,20.704901,-77.926869,20.697984,-77.942047,20.696194,-78.007069,20.704495,-78.041127,20.725979,-78.05191,20.725979,-78.059397,20.711656,-78.065541,20.748114,-78.098378,20.753241,-78.11026,20.757392,-78.132069,20.768256,-78.144114,20.800442,-78.161773,20.811754,-78.172353,20.827623,-78.190785,20.839504,-78.211049,20.838935,-78.226918,20.833401,-78.23766,20.838528,-78.241282,20.847886,-78.241851,20.855048,-78.243723,20.868638,-78.255727,20.87816,-78.262074,20.886664,-78.264801,20.901109,-78.272043,20.949408,-78.342681,20.95303,-78.356353,20.951239,-78.391469,20.957953,-78.40392,20.97309,-78.415028,20.999701,-78.429921,21.011135,-78.44225,21.037584,-78.478993,21.03856,-78.487904,21.047919,-78.49474,21.082099,-78.500885,21.147121,-78.504384,21.175116,-78.512278,21.203274,-78.527577,21.231635,-78.538197,21.260403,-78.531728,21.250312,-78.522572,21.248847,-78.511464,21.255561,-78.502105,21.269965,-78.498199,21.280219,-78.505523,21.290351,-78.537994,21.297593,-78.5454,21.31509,-78.547475,21.34748,-78.556874,21.366523,-78.55899,21.38345,-78.563303,21.413886,-78.582102,21.428209,-78.586334,21.461819,-78.592437,21.49372,-78.607818,21.521064,-78.628163,21.54092,-78.649037,21.551174,-78.665354,21.556627,-78.680979,21.564358,-78.733998,21.568061,-78.746327,21.575507,-78.751088,21.589301,-78.744618,21.583238,-78.733306,21.581244,-78.720611,21.581855,-78.693105,21.586412,-78.689117,21.596666,-78.694203,21.612616,-78.706776,21.618598,-78.713694,21.625556,-78.723948,21.636542,-78.744618,21.640611,-78.759267,21.639716,-78.76651,21.635647,-78.773061,21.630316,-78.785553,21.620307,-78.831899,21.616034,-78.878407,21.614203,-78.883372,21.609687,-78.889027,21.604193,-78.893544,21.59927,-78.895416,21.595526,-78.898752,21.594672,-78.906484,21.596381,-78.937082,21.598782,-78.949208,21.599555,-78.95995,21.595526,-78.97057,21.602973,-78.977366,21.594062,-78.994537,21.590074,-79.012807,21.589301,-79.055898,21.586086,-79.075551,21.561998,-79.128163,21.551703,-79.16926,21.548489,-79.208892,21.551947,-79.24942,21.573676,-79.329579,21.583157,-79.346099,21.59927,-79.364654,21.601264,-79.378774,21.595404,-79.430653,21.595526,-79.450307,21.601996,-79.472279,21.607367,-79.48176,21.616034,-79.491322,21.639797,-79.506459,21.648586,-79.515289,21.640204,-79.519195,21.630032,-79.522206,21.62344,-79.529693,21.621975,-79.539662,21.626899,-79.549672,21.634996,-79.559153,21.637885,-79.564931,21.648993,-79.607777,21.651313,-79.613678,21.65762,-79.621653,21.666938,-79.627594,21.678209,-79.632314,21.68773,-79.639272,21.691718,-79.652089,21.693427,-79.722727,21.711615,-79.79011,21.711249,-79.815785,21.695136,-79.827056,21.67768,-79.833852,21.68008,-79.850819,21.690863,-79.872955,21.698554,-79.895375,21.70539,-79.895375,21.712836,-79.874867,21.719062,-79.874867,21.722398,-79.89037,21.733588,-79.893625,21.747748,-79.892649,21.759996,-79.895375,21.748358,-79.912343,21.743313,-79.930002,21.743109,-79.949452,21.746405,-79.971669,21.753323,-79.992055,21.755805,-80.003651,21.753811,-80.012685,21.746731,-80.01537,21.739936,-80.009023,21.735012,-79.999135,21.733344,-79.990956,21.720893,-80.003245,21.729193,-80.021799,21.747138,-80.038808,21.763414,-80.046213,21.784898,-80.048451,21.803697,-80.055328,21.817043,-80.06725,21.822089,-80.08434,21.825385,-80.104888,21.839911,-80.145904,21.848456,-80.188222,21.871487,-80.217681,21.88703,-80.269928,21.911689,-80.300771,22.020697,-80.409901,22.025092,-80.411855,22.03026,-80.411855,22.035834,-80.412587,22.041205,-80.416737,22.041897,-80.421132,22.040188,-80.433217,22.041205,-80.437245,22.050279,-80.44811,22.056627,-80.45108,22.068508,-80.450917,22.065904,-80.436757,22.066636,-80.419342,22.071682,-80.40217,22.08218,-80.388783,22.078518,-80.404164,22.075995,-80.409901,22.084703,-80.405832,22.093166,-80.400299,22.101386,-80.396148,22.109524,-80.396311,22.112616,-80.404286,22.109605,-80.416331,22.110053,-80.425364,22.123114,-80.424184,22.123196,-80.443918,22.130439,-80.456532,22.142768,-80.457753,22.157904,-80.44343,22.171617,-80.467275,22.180162,-80.476715,22.192043,-80.484446,22.18183,-80.491282,22.178209,-80.50357,22.179918,-80.518422,22.185777,-80.532826,22.164455,-80.538238,22.150865,-80.528798,22.130561,-80.498647,22.111884,-80.483998,22.089097,-80.470855,22.064765,-80.46467,22.041205,-80.470774,22.056342,-80.513743,22.053046,-80.63801,22.061103,-80.761098,22.046129,-80.905263,22.054267,-80.992096,22.060533,-81.011627,22.078437,-81.049184,22.085842,-81.08845,22.095893,-81.103668,22.111233,-81.113759,22.161811,-81.139475,22.171536,-81.142974,22.187405,-81.143625,22.229885,-81.136098,22.232733,-81.140696,22.270819,-81.167144,22.278876,-81.180531,22.281562,-81.193959,22.278062,-81.20519,22.267768,-81.211822,22.255316,-81.211578,22.21247,-81.197581,22.091254,-81.196889,22.060289,-81.204701,22.061672,-81.225494,22.083482,-81.211252,22.114976,-81.215443,22.143948,-81.229807,22.151068,-81.239125,22.141588,-81.267079,22.137397,-81.273305,22.128892,-81.276438,22.110256,-81.275258,22.102607,-81.27953,22.097561,-81.291331,22.101264,-81.299306,22.107367,-81.30606,22.109524,-81.31428,22.104722,-81.321523,22.097846,-81.322743,22.091702,-81.325592,22.089016,-81.33788,22.104153,-81.374094,22.170722,-81.396108,22.185777,-81.434071,22.185777,-81.482167,22.18887,-81.49356,22.201972,-81.512807,22.205024,-81.523508,22.201972,-81.531239,22.18887,-81.545888,22.185777,-81.557607,22.184638,-81.560211,22.182074,-81.562123,22.179511,-81.565175,22.178371,-81.571197,22.180121,-81.57433,22.18887,-81.576772,22.192043,-81.581166,22.205024,-81.622711,22.207953,-81.627797,22.212714,-81.639556,22.212958,-81.651479,22.201972,-81.65685,22.197903,-81.666615,22.196845,-81.688629,22.199164,-81.711985,22.205024,-81.725738,22.205024,-81.732004,22.192776,-81.734609,22.189602,-81.741078,22.192043,-81.759918,22.188056,-81.756907,22.18537,-81.755238,22.178371,-81.752512,22.178412,-81.763539,22.183824,-81.810211,22.18891,-81.824452,22.214993,-81.84968,22.228909,-81.858754,22.243557,-81.862375,22.260403,-81.879709,22.3133,-82.021392,22.32099,-82.035878,22.332587,-82.051015,22.337307,-82.059967,22.339301,-82.079905,22.342231,-82.088246,22.347846,-82.09317,22.366197,-82.104644,22.370185,-82.105621,22.370063,-82.119252,22.372138,-82.137603,22.379869,-82.15453,22.396877,-82.163971,22.412534,-82.158384,22.422187,-82.146392,22.428127,-82.131215,22.431828,-82.118737,22.428153,-82.003629,22.437124,-81.96608,22.433216,-81.939473,22.435464,-81.909035,22.43855,-81.890575,22.432626,-81.863892,22.430757,-81.841138,22.438317,-81.789642,22.454006,-81.750071,22.452094,-81.73884,22.457221,-81.728505,22.45718,-81.70873,22.45954,-81.697865,22.463595,-81.683502,22.475948,-81.670303,22.484186,-81.660949,22.487827,-81.651563,22.508783,-81.652804,22.518297,-81.648793,22.533841,-81.651308,22.561957,-81.642649,22.572737,-81.643255,22.577255,-81.657677,22.57768,-81.672631,22.599595,-81.700022,22.613702,-81.718849,22.638037,-81.753386,22.650097,-81.788412,22.67973,-81.877501,22.678534,-81.912424,22.671698,-81.992543,22.654921,-82.098793,22.667873,-82.130971,22.685774,-82.198855,22.685617,-82.274841,22.680976,-82.317209,22.678656,-82.339019,22.680813,-82.359853,22.68842,-82.391584,22.680385,-82.457356,22.692288,-82.509999,22.690172,-82.521718,22.680813,-82.541086,22.678656,-82.550933,22.688008,-82.597418,22.680185,-82.632945,22.706366,-82.738433,22.705959,-82.759877,22.696112,-82.78067,22.679877,-82.790883,22.660468,-82.794301,22.640815,-82.794586,22.622748,-82.800689,22.61343,-82.815419,22.602932,-82.849233,22.555569,-82.909291,22.548285,-82.921254,22.546576,-82.943959,22.54206,-82.959381,22.509752,-83.02599,22.489447,-83.058705,22.462795,-83.08609,22.361274,-83.143178,22.339545,-83.16686,22.336005,-83.19933,22.344794,-83.232249,22.345933,-83.245839,22.342231,-83.260121,22.339748,-83.260569,22.325751,-83.260121,22.321967,-83.26179,22.322252,-83.265696,22.323554,-83.270253,22.321031,-83.277455,22.322333,-83.281972,22.322699,-83.285797,22.318671,-83.287424,22.304633,-83.286936,22.301907,-83.287424,22.280219,-83.323598,22.267768,-83.335805,22.259345,-83.341176,22.254543,-83.34203,22.251044,-83.341461,22.246649,-83.342641,22.232164,-83.349233,22.225775,-83.354115,22.219306,-83.363149,22.222398,-83.366363,22.225572,-83.367909,22.213853,-83.368479,22.206977,-83.375559,22.217147,-83.381148,22.220365,-83.389441,22.21928,-83.398223,22.202831,-83.398991,22.186093,-83.415472,22.182074,-83.465321,22.188218,-83.516957,22.205024,-83.561147,22.213446,-83.552846,22.223619,-83.555491,22.234849,-83.562856,22.246649,-83.568593,22.246649,-83.575429,22.219916,-83.589589,22.195746,-83.614369,22.17829,-83.643625,22.171536,-83.67101,22.175035,-83.668935,22.181952,-83.666737,22.185777,-83.664784,22.170722,-83.775461,22.171536,-83.780873,22.175442,-83.784779,22.182359,-83.787506,22.189032,-83.788726,22.192043,-83.787709,22.188788,-83.799143,22.17475,-83.811025,22.171536,-83.825551,22.175686,-83.903228,22.171536,-83.925445,22.133979,-83.966461,22.12637,-83.967681,22.098822,-83.975331,22.089016,-83.980092,22.082465,-83.974843,22.076483,-83.973297,22.061672,-83.972646,22.070543,-83.983998,22.068264,-83.994985,22.057563,-84.00178,22.041205,-84.0006,22.027981,-83.993031,22.023098,-83.983225,22.025784,-83.971669,22.03498,-83.958974,22.013332,-83.96467,21.989488,-83.999257,21.969184,-84.007436,21.964423,-84.003814,21.958686,-83.99706,21.951361,-83.993031,21.94184,-83.997467,21.933295,-84.006907,21.925482,-84.01769,21.919867,-84.029408,21.91767,-84.041615,21.921942,-84.060414,21.940741,-84.098215,21.945014,-84.120432,21.940334,-84.142161,21.91828,-84.180735,21.910834,-84.199208,21.910102,-84.20934,21.911526,-84.230092,21.910834,-84.240142,21.906562,-84.25121,21.893215,-84.273915,21.884508,-84.305165,21.792304,-84.423248,21.770453,-84.466176,21.766832,-84.508372,21.786566,-84.521352,21.86518,-84.481313,21.904608,-84.473541,21.933783,-84.496165,21.940172,-84.536041,21.933905,-84.580556,21.912055,-84.659983,21.894843,-84.69872,21.832099,-84.799713,21.822903,-84.839915,21.823554,-84.883412,21.835761,-84.925404,21.846096,-84.939117,21.860338,-84.947255,21.876776,-84.949615,21.893541,-84.946034,21.900051,-84.942738,21.908108,-84.937571,21.91474,-84.931223,21.917222,-84.92455,21.91474,-84.919789,21.909613,-84.916575,21.903713,-84.913889,21.898993,-84.910797,21.893622,-84.903554,21.89057,-84.895375,21.889553,-84.886586,21.890326,-84.877594,21.89704,-84.860504,21.908393,-84.848744,21.921088,-84.848215,21.931952,-84.864613,21.940619,-84.847564,21.940579,-84.832387,21.930894,-84.822906,21.910834,-84.822987,21.951809,-84.741078,21.971869,-84.668446,22.007514,-84.583323,22.044338,-84.528879,22.048041,-84.521352,22.049018,-84.508046,22.047349,-84.49592,22.042792,-84.489654,22.03498,-84.494049,22.02204,-84.462636,22.028144,-84.43932,22.041002,-84.416656,22.048041,-84.387318,22.043931,-84.372792,22.034084,-84.355824,22.021674,-84.341664,22.010443,-84.335805,22.004584,-84.330963,22.022895,-84.303822,22.020697,-84.288564,22.075995,-84.274322,22.063381,-84.286285,22.045966,-84.296864,22.036689,-84.308176,22.048041,-84.322133,22.067125,-84.328033,22.081855,-84.326772,22.093329,-84.33019,22.102607,-84.350006,22.123969,-84.340728,22.130561,-84.335805,22.132514,-84.35436,22.139309,-84.374582,22.148505,-84.392812,22.157904,-84.405344,22.172024,-84.413442,22.188666,-84.420033,22.201728,-84.42927,22.205024,-84.445668,22.21369,-84.435699,22.229153,-84.424469,22.247382,-84.415354,22.263983,-84.411488,22.287258,-84.409657,22.308743,-84.405344,22.352769,-84.391021,22.35517,-84.388539,22.380683,-84.373931,22.383287,-84.368804,22.384263,-84.358022,22.387193,-84.353139,22.393622,-84.34911,22.406236,-84.345123,22.411078,-84.3426,22.440131,-84.321278,22.455634,-84.306508,22.465766,-84.288564,22.473212,-84.288564,22.473212,-84.309071,22.486274,-84.291819,22.493557,-84.249013,22.503607,-84.230295,22.518744,-84.218373,22.541164,-84.2058,22.562812,-84.201161,22.575588,-84.21288,22.583075,-84.21288,22.580064,-84.202382,22.575588,-84.192372,22.585679,-84.178131,22.587633,-84.164622,22.582017,-84.152984,22.569403,-84.144602,22.606838,-84.135732,22.616523,-84.13036,22.620266,-84.120513,22.622382,-84.094635,22.627102,-84.089345,22.637152,-84.088612,22.654202,-84.085439,22.666205,-84.078277,22.661282,-84.0655,22.653306,-84.052113,22.658433,-84.041615,22.669379,-84.031972,22.678656,-84.021108,22.69009,-84.028676,22.697089,-84.038971,22.699856,-84.052317,22.698472,-84.068837,22.706244,-84.06432,22.713284,-84.057037,22.718248,-84.048004,22.720201,-84.038442,22.714748,-84.022328,22.702541,-84.013783,22.690375,-84.007192,22.684882,-83.997467,22.687079,-83.984039,22.692532,-83.972076,22.733303,-83.911244,22.720201,-83.897572,22.741441,-83.888051,22.7508,-83.872792,22.75373,-83.829254,22.756741,-83.812652,22.78913,-83.743723,22.800686,-83.709137,22.802151,-83.692738,22.80036,-83.681549,22.794908,-83.668935,22.794664,-83.65803,22.79682,-83.651112,22.805121,-83.637318,22.808336,-83.630035,22.815823,-83.630035,22.81269,-83.637196,22.808336,-83.644358,22.811998,-83.64566,22.814276,-83.645375,22.815375,-83.64623,22.815823,-83.651194,22.828315,-83.629872,22.834377,-83.6079,22.836249,-83.558013,22.842231,-83.553782,22.873847,-83.541331,22.877021,-83.534983,22.877265,-83.49352,22.870347,-83.496083,22.867499,-83.497629,22.863593,-83.500356,22.860256,-83.480824,22.870592,-83.469106,22.885972,-83.461049,22.897773,-83.452504,22.903469,-83.437571,22.899237,-83.426096,22.890815,-83.414052,22.884101,-83.397288,22.873765,-83.404368,22.876899,-83.393463,22.886135,-83.377512,22.893988,-83.369374,22.910468,-83.363352,22.932115,-83.348459,22.951077,-83.329661,22.959174,-83.311635,22.963324,-83.298166,22.993964,-83.246449,23.001858,-83.226186,23.002672,-83.207631,22.997382,-83.191477,22.986518,-83.178212,22.980292,-83.178212,22.973822,-83.187367,22.961859,-83.191233,22.947821,-83.18932,22.935289,-83.18163,22.930121,-83.169423,22.936225,-83.159169,22.946275,-83.150543,22.95303,-83.143422,22.966946,-83.161692,22.979967,-83.160512,22.9914,-83.145823,23.000149,-83.123606,23.007636,-83.081939,23.011298,-83.074127,23.019599,-83.061147,23.021226,-83.055287,23.019517,-83.044911,23.010688,-83.031117,23.007636,-83.020579,23.010321,-83.01537,23.016018,-83.009389,23.019232,-83.002024,23.01439,-82.992584,23.004096,-82.986318,23.000963,-82.992828,22.999457,-83.002838,22.993964,-83.006907,22.983588,-83.002797,22.98017,-82.996693,22.983629,-82.988881,22.993964,-82.979604,22.974189,-82.981679,22.972886,-82.964223,22.985093,-82.944407,22.986314,-82.942454,23.011054,-82.931752,23.032457,-82.917592,23.033108,-82.885162,23.027777,-82.849355,23.03148,-82.825307,23.038804,-82.803293,23.034898,-82.712717,23.046129,-82.619985,23.055365,-82.596018,23.054023,-82.57551,23.077094,-82.532094,23.083319,-82.509999,23.086493,-82.504465,23.100653,-82.494537,23.103827,-82.489573,23.10517,-82.477203,23.108547,-82.467681,23.117499,-82.452016,23.138861,-82.422353,23.147447,-82.40689,23.153022,-82.367096,23.171454,-82.321034,23.182115,-82.251088,23.194241,-82.21935,23.1789,-82.150299,23.181057,-82.128407,23.187649,-82.100087,23.190416,-82.088246,23.192572,-82.065012,23.19477,-82.054921,23.198717,-82.044016,23.200507,-82.033193,23.19595,-82.023427,23.171454,-81.985829,23.163642,-81.956125,23.157864,-81.892079,23.151028,-81.862375,23.157782,-81.840077,23.156928,-81.683909,23.156806,-81.65807,23.15884,-81.642323,23.165229,-81.628977,23.159613,-81.617584,23.15884,-81.606435,23.159329,-81.594594,23.157782,-81.581166,23.153998,-81.57429,23.140815,-81.556793,23.129381,-81.535553,23.10932,-81.532094,23.08633,-81.535308,23.069037,-81.540191,23.061184,-81.546213,23.057359,-81.552398,23.054348,-81.552561,23.04857,-81.540191,23.047187,-81.528798,23.049791,-81.517649,23.055365,-81.502675,23.060492,-81.498769,23.084866,-81.492543,23.093248,-81.489003,23.100328,-81.480702,23.102607,-81.473297,23.102851,-81.464223,23.11636,-81.380116,23.120917,-81.368886,23.131741,-81.358144,23.138251,-81.333363,23.144761,-81.286285,23.149563,-81.271392,23.166449,-81.234242,23.183743,-81.209828,23.207831,-81.165598,23.212388,-81.149159,23.205634,-81.130605,23.194281,-81.144765,23.183661,-81.172434,23.172675,-81.217885,23.141995,-81.272206,23.13052,-81.286285,23.124254,-81.286285,23.113715,-81.241933,23.052069,-81.184885
P,16777151,23.199897,-80.712473,23.197008,-80.711008,23.190823,-80.711903,23.188951,-80.717763,23.192776,-80.725168,23.193061,-80.732289,23.186754,-80.736806,23.184272,-80.740834,23.193183,-80.762074,23.196601,-80.773834,23.197699,-80.780751,23.195868,-80.799224,23.196601,-80.810048,23.206244,-80.83849,23.208482,-80.848256,23.217719,-80.855621,23.220364,-80.86144,23.225816,-80.85733,23.223538,-80.83788,23.213813,-80.809926,23.20661,-80.775014,23.199897,-80.712473
P,16777151,23.26557,-80.912994,23.250067,-80.88561,23.250434,-80.878774,23.248969,-80.874135,23.240383,-80.87092,23.232123,-80.87857,23.233873,-80.890126,23.237209,-80.901235,23.238715,-80.913157,23.243109,-80.924469,23.250149,-80.929433,23.254462,-80.933746,23.25727,-80.942698,23.263129,-80.935862,23.26557,-80.912994
