P,16777151,-52.357973,-59.742495,-52.3672,-59.720249,-52.36387,-59.681173,-52.355405,-59.654092,-52.36779,-59.641989,-52.379366,-59.667309,-52.391941,-59.687521,-52.406523,-59.695822,-52.398368,-59.723177,-52.389136,-59.745444,-52.37883,-59.760908,-52.381034,-59.78639,-52.368634,-59.798459,-52.358357,-59.820694,-52.342642,-59.790305,-52.338363,-59.764872,-52.326961,-59.768428,-52.309228,-59.751688,-52.303902,-59.726289,-52.303713,-59.692321,-52.315111,-59.688745,-52.319399,-59.712467,-52.332895,-59.712264,-52.344415,-59.73079,-52.357973,-59.742495
P,16777151,-52.138767,-59.781809,-52.166436,-59.765859,-52.163018,-59.716542,-52.166274,-59.69518,-52.179457,-59.680165,-52.184259,-59.684804,-52.191095,-59.688873,-52.199151,-59.69225,-52.208103,-59.694447,-52.21559,-59.676869,-52.229262,-59.679189,-52.242446,-59.693267,-52.248305,-59.711252,-52.249688,-59.719716,-52.253351,-59.72997,-52.258884,-59.738596,-52.274021,-59.746693,-52.273614,-59.756012,-52.266371,-59.764231,-52.254327,-59.765004,-52.252699,-59.765492,-52.251235,-59.766347,-52.24977,-59.767568,-52.248305,-59.769521,-52.240818,-59.758697,-52.227797,-59.749501,-52.211521,-59.744985,-52.19378,-59.748402,-52.180922,-59.760976,-52.174493,-59.777008,-52.166681,-59.791005,-52.149509,-59.796864,-52.130548,-59.792144,-52.138767,-59.781809
P,16777151,-52.004978,-58.444,-52.005548,-58.438547,-52.004653,-58.429514,-52.000095,-58.423818,-51.993341,-58.42512,-51.992364,-58.420806,-51.994073,-58.415598,-52.00213,-58.402211,-52.003513,-58.402008,-52.00506,-58.406484,-52.01214,-58.407826,-52.020196,-58.410797,-52.02044,-58.422475,-52.015395,-58.441274,-52.015558,-58.450266,-52.019708,-58.450266,-52.029555,-58.444203,-52.033787,-58.448964,-52.032892,-58.460072,-52.035577,-58.461252,-52.039972,-58.450754,-52.036879,-58.439849,-52.030857,-58.431304,-52.032973,-58.429514,-52.042087,-58.434193,-52.05169,-58.436431,-52.060968,-58.434722,-52.072524,-58.426178,-52.078383,-58.427073,-52.082615,-58.430043,-52.0888,-58.429351,-52.096368,-58.42276,-52.100681,-58.427602,-52.098321,-58.448313,-52.093032,-58.456166,-52.087579,-58.448964,-52.080743,-58.448354,-52.080662,-58.45401,-52.08294,-58.464752,-52.077732,-58.48058,-52.070977,-58.494985,-52.063653,-58.517974,-52.058526,-58.520416,-52.049737,-58.520741,-52.041681,-58.525624,-52.034275,-58.538401,-52.025567,-58.546742,-52.018976,-58.539622,-52.013442,-58.527333,-52.008722,-58.513336,-52.00628,-58.49885,-52.00213,-58.488922,-52.000909,-58.479644,-51.999607,-58.476959,-51.99505,-58.48412,-51.992283,-58.48058,-51.992771,-58.465647,-51.995782,-58.453969,-52.000584,-58.448232,-52.004978,-58.444
P,16777151,-51.970392,-59.67398,-51.980564,-59.671702,-51.987726,-59.680287,-51.989923,-59.690175,-51.988702,-59.695872,-51.985772,-59.697621,-51.982517,-59.700063,-51.979669,-59.703765,-51.979425,-59.708852,-51.980157,-59.714833,-51.97617,-59.718902,-51.963962,-59.713002,-51.956313,-59.714915,-51.945896,-59.711293,-51.938409,-59.698883,-51.940606,-59.68871,-51.947198,-59.688303,-51.955336,-59.69164,-51.962823,-59.68635,-51.96559,-59.679921,-51.970392,-59.67398
P,16777151,-51.831313,-61.234975,-51.837498,-61.234975,-51.840916,-61.225657,-51.841892,-61.215566,-51.84059,-61.204945,-51.837498,-61.194,-51.862074,-61.217519,-51.861993,-61.252268,-51.846368,-61.288808,-51.824477,-61.318186,-51.821384,-61.313303,-51.819268,-61.308339,-51.817071,-61.297678,-51.819757,-61.288726,-51.823663,-61.267323,-51.833754,-61.25064,-51.829685,-61.246083,-51.817071,-61.242421,-51.812188,-61.239166,-51.805352,-61.237213,-51.799086,-61.2329,-51.796563,-61.222279,-51.797947,-61.213531,-51.801935,-61.206166,-51.808526,-61.199696,-51.817071,-61.194,-51.819268,-61.204986,-51.831313,-61.234975
P,16777151,-51.858575,-60.879303,-51.870375,-60.88565,-51.899591,-60.907297,-51.899591,-60.865712,-51.908787,-60.873606,-51.927016,-60.880605,-51.93434,-60.88679,-51.940606,-60.900787,-51.947361,-60.947621,-51.953383,-60.97643,-51.952732,-60.996693,-51.940606,-61.043813,-51.930597,-61.03954,-51.926935,-61.036977,-51.92669,-61.05134,-51.920343,-61.057607,-51.912205,-61.060536,-51.906427,-61.064931,-51.903904,-61.074818,-51.90252,-61.095937,-51.899591,-61.105865,-51.897149,-61.109486,-51.894627,-61.111806,-51.892755,-61.114613,-51.892755,-61.119537,-51.870782,-61.111806,-51.856541,-61.118642,-51.848321,-61.134348,-51.844903,-61.153066,-51.83172,-61.13565,-51.82586,-61.121897,-51.824314,-61.105946,-51.824802,-61.065256,-51.823907,-61.059478,-51.807061,-61.047231,-51.788507,-61.028391,-51.781183,-61.016672,-51.776625,-61.002268,-51.776056,-60.99767,-51.776056,-60.986887,-51.776625,-60.98233,-51.780043,-60.974599,-51.783868,-60.971832,-51.787286,-60.970937,-51.789727,-60.968658,-51.796075,-60.948394,-51.803399,-60.939809,-51.813897,-60.944203,-51.823907,-60.963124,-51.841567,-61.012196,-51.858575,-61.030181,-51.866876,-61.032623,-51.869236,-61.027455,-51.853774,-60.954945,-51.836521,-60.92455,-51.829685,-60.904856,-51.819268,-60.888539,-51.796563,-60.879303,-51.788263,-60.883656,-51.785089,-60.8933,-51.780857,-60.897939,-51.76922,-60.88679,-51.761895,-60.874013,-51.760919,-60.862864,-51.766697,-60.855051,-51.77988,-60.85204,-51.788751,-60.853912,-51.798923,-60.858551,-51.808038,-60.864329,-51.813897,-60.869374,-51.823012,-60.874989,-51.847589,-60.877105,-51.858575,-60.879303
P,16777151,-51.693536,-61.194,-51.699884,-61.211171,-51.698337,-61.250478,-51.704034,-61.266672,-51.714044,-61.274322,-51.725681,-61.277333,-51.755548,-61.277211,-51.752537,-61.28954,-51.747654,-61.302113,-51.739923,-61.312408,-51.728204,-61.318186,-51.708266,-61.312001,-51.69492,-61.304351,-51.686212,-61.291819,-51.680434,-61.270375,-51.680108,-61.24885,-51.690851,-61.212961,-51.693536,-61.194
P,16777151,-51.354913,-59.364858,-51.361423,-59.35733,-51.387384,-59.255971,-51.399102,-59.229075,-51.413507,-59.214019,-51.412042,-59.256907,-51.417169,-59.274485,-51.432794,-59.282867,-51.447849,-59.279164,-51.448419,-59.266347,-51.44492,-59.249867,-51.447035,-59.235178,-51.456964,-59.26183,-51.490004,-59.308217,-51.501723,-59.33137,-51.490655,-59.338002,-51.487074,-59.348459,-51.48919,-59.360585,-51.494887,-59.372304,-51.501723,-59.372304,-51.507013,-59.368642,-51.512872,-59.369862,-51.528985,-59.378529,-51.5263,-59.371409,-51.522719,-59.350575,-51.528985,-59.350575,-51.556899,-59.382232,-51.563246,-59.385813,-51.590997,-59.389068,-51.597345,-59.396148,-51.601821,-59.408518,-51.621352,-59.433176,-51.625177,-59.447377,-51.621189,-59.458608,-51.612481,-59.464101,-51.601658,-59.464508,-51.591078,-59.460439,-51.614435,-59.491567,-51.623142,-59.508616,-51.618341,-59.522532,-51.65252,-59.577138,-51.651137,-59.549428,-51.662042,-59.553578,-51.690118,-59.588002,-51.741306,-59.632395,-51.761651,-59.659535,-51.799249,-59.725657,-51.894952,-59.83137,-51.920668,-59.851471,-51.936212,-59.860951,-51.948989,-59.871734,-51.957778,-59.887034,-51.96502,-59.93106,-51.994561,-59.994862,-51.965265,-60.002512,-51.961033,-60.005727,-51.958673,-60.030914,-51.955662,-60.044301,-51.951104,-60.05012,-51.940199,-60.054351,-51.940606,-60.064198,-51.945977,-60.074615,-51.951104,-60.080881,-51.961521,-60.08316,-51.982029,-60.071278,-51.991469,-60.074045,-51.998712,-60.094106,-51.994561,-60.180409,-52.002699,-60.203603,-52.003595,-60.215443,-51.994561,-60.221425,-51.988539,-60.218088,-51.976658,-60.200103,-51.968438,-60.194081,-51.985447,-60.259877,-51.994561,-60.276031,-52.012791,-60.286529,-52.02809,-60.28067,-52.044854,-60.269195,-52.067153,-60.26301,-52.082127,-60.268137,-52.094496,-60.280344,-52.153578,-60.360422,-52.159601,-60.372222,-52.158787,-60.394276,-52.144789,-60.425364,-52.145929,-60.447336,-52.147393,-60.443227,-52.152602,-60.441884,-52.158868,-60.442535,-52.163018,-60.444244,-52.165623,-60.451039,-52.161554,-60.457916,-52.155857,-60.464752,-52.148533,-60.481435,-52.129815,-60.500111,-52.125584,-60.505971,-52.122735,-60.517568,-52.111993,-60.537099,-52.111912,-60.550364,-52.116143,-60.556549,-52.122979,-60.558339,-52.12949,-60.555287,-52.137872,-60.528391,-52.151625,-60.513173,-52.169366,-60.502187,-52.186944,-60.495758,-52.217055,-60.53661,-52.236749,-60.592763,-52.233087,-60.646718,-52.19378,-60.681304,-52.194594,-60.668324,-52.196873,-60.658518,-52.197524,-60.649566,-52.19378,-60.639068,-52.184828,-60.657867,-52.167576,-60.682525,-52.148126,-60.704498,-52.13242,-60.714833,-52.129327,-60.707265,-52.119561,-60.694,-52.109145,-60.688588,-52.104425,-60.704254,-52.101739,-60.804921,-52.104425,-60.81786,-52.111749,-60.82608,-52.115981,-60.820139,-52.118097,-60.807118,-52.118748,-60.794301,-52.12477,-60.774078,-52.139744,-60.751454,-52.157892,-60.732249,-52.173923,-60.722279,-52.173923,-60.780344,-52.172052,-60.796783,-52.16725,-60.805043,-52.160414,-60.810211,-52.122166,-60.855458,-52.115167,-60.867299,-52.113865,-60.880238,-52.11419,-60.893788,-52.111912,-60.907297,-52.101332,-60.924916,-52.073012,-60.95759,-52.06406,-60.975575,-52.05755,-61.021596,-52.046563,-61.036936,-52.022556,-61.030181,-52.012465,-61.019765,-52.015883,-60.9947,-52.029962,-60.940785,-52.031915,-60.897206,-52.036228,-60.88679,-52.045994,-60.882395,-52.057306,-60.882883,-52.065199,-60.878326,-52.06406,-60.858876,-52.029962,-60.873158,-52.024347,-60.805491,-52.008884,-60.742177,-52.002048,-60.742177,-51.990818,-60.773997,-51.987726,-60.801015,-51.979913,-60.824371,-51.954767,-60.845204,-51.954278,-60.758412,-51.961358,-60.712961,-51.98211,-60.694407,-51.98211,-60.687571,-51.974786,-60.683665,-51.970147,-60.679514,-51.961033,-60.667063,-51.971368,-60.665395,-51.980157,-60.660268,-51.983819,-60.652455,-51.978692,-60.642568,-51.971775,-60.632192,-51.971287,-60.622548,-51.973728,-60.611928,-51.976658,-60.584055,-51.979913,-60.573801,-51.988377,-60.5572,-51.999688,-60.540639,-51.999933,-60.532053,-51.988377,-60.523061,-51.98211,-60.536733,-51.975274,-60.536733,-51.975681,-60.511301,-51.972263,-60.483022,-51.965102,-60.456044,-51.954767,-60.434316,-51.925226,-60.408437,-51.920668,-60.402943,-51.916599,-60.399892,-51.908787,-60.405507,-51.904229,-60.416656,-51.909845,-60.430572,-51.930434,-60.466786,-51.941827,-60.514719,-51.941176,-60.56432,-51.926935,-60.60558,-51.930271,-60.526194,-51.923761,-60.505971,-51.920505,-60.498647,-51.915216,-60.479237,-51.909845,-60.47525,-51.900811,-60.472035,-51.891778,-60.464426,-51.884047,-60.45519,-51.879083,-60.447336,-51.867283,-60.456654,-51.85947,-60.455637,-51.85296,-60.450429,-51.844903,-60.447336,-51.835382,-60.448557,-51.813653,-60.453684,-51.799981,-60.454742,-51.782892,-60.444488,-51.77044,-60.420318,-51.765313,-60.392893,-51.76922,-60.372222,-51.777602,-60.379954,-51.784926,-60.388336,-51.796563,-60.406361,-51.791925,-60.375722,-51.791925,-60.363108,-51.799981,-60.357981,-51.80934,-60.360707,-51.837498,-60.379709,-51.842218,-60.367991,-51.858575,-60.338735,-51.84238,-60.337229,-51.830011,-60.329335,-51.823419,-60.315826,-51.824477,-60.297109,-51.809747,-60.30899,-51.798272,-60.312652,-51.765802,-60.31078,-51.756443,-60.306996,-51.750421,-60.29776,-51.747979,-60.286366,-51.748712,-60.276031,-51.753351,-60.269439,-51.769301,-60.262318,-51.776625,-60.256174,-51.775567,-60.249338,-51.770766,-60.240224,-51.769708,-60.232289,-51.77988,-60.228871,-51.782485,-60.224517,-51.778497,-60.214711,-51.761163,-60.184071,-51.742771,-60.181223,-51.721856,-60.182362,-51.707208,-60.180409,-51.701349,-60.207183,-51.704685,-60.231842,-51.711114,-60.255686,-51.714614,-60.279775,-51.709161,-60.33845,-51.714125,-60.364003,-51.73504,-60.357981,-51.746515,-60.365956,-51.746515,-60.37328,-51.742364,-60.381703,-51.741306,-60.39269,-51.759535,-60.437571,-51.762384,-60.451039,-51.762384,-60.496083,-51.765883,-60.510162,-51.774102,-60.51773,-51.783136,-60.523061,-51.789727,-60.530507,-51.789809,-60.550649,-51.774998,-60.560902,-51.757257,-60.570383,-51.748712,-60.588246,-51.742771,-60.610178,-51.727472,-60.628977,-51.707289,-60.640126,-51.6867,-60.639068,-51.66961,-60.624989,-51.671482,-60.608876,-51.680922,-60.589996,-51.700372,-60.490102,-51.700942,-60.461578,-51.694268,-60.437978,-51.671645,-60.391998,-51.666762,-60.368804,-51.671808,-60.289947,-51.654229,-60.219594,-51.656427,-60.198842,-51.682794,-60.156972,-51.689874,-60.133127,-51.693536,-60.077382,-51.674981,-60.091949,-51.664727,-60.116038,-51.660333,-60.14387,-51.659356,-60.169911,-51.653253,-60.189809,-51.611586,-60.248769,-51.60768,-60.259389,-51.602797,-60.279612,-51.597345,-60.290273,-51.570571,-60.317616,-51.56878,-60.343577,-51.526462,-60.490387,-51.519138,-60.502553,-51.498468,-60.513051,-51.486505,-60.515289,-51.481215,-60.505971,-51.481215,-60.447336,-51.48919,-60.399241,-51.48447,-60.388783,-51.464125,-60.402943,-51.450616,-60.423492,-51.441502,-60.450103,-51.435724,-60.478017,-51.43255,-60.516103,-51.434015,-60.543772,-51.432794,-60.5572,-51.421482,-60.588531,-51.419692,-60.602162,-51.417413,-60.61205,-51.411391,-60.623199,-51.403578,-60.630727,-51.395929,-60.629506,-51.385024,-60.625844,-51.372979,-60.630971,-51.351495,-60.645985,-51.352227,-60.634674,-51.351658,-60.624257,-51.349054,-60.614613,-51.344008,-60.60558,-51.358168,-60.572662,-51.385675,-60.461578,-51.399102,-60.426747,-51.453302,-60.324452,-51.478936,-60.242909,-51.487481,-60.153147,-51.467543,-59.988637,-51.449884,-60.012685,-51.445977,-60.083608,-51.423272,-60.074045,-51.405938,-60.05309,-51.392511,-60.029612,-51.379327,-60.024037,-51.375177,-60.017486,-51.382257,-60.005727,-51.38836,-60.002065,-51.413507,-59.994862,-51.381768,-59.934438,-51.372817,-59.901479,-51.378839,-59.871938,-51.385675,-59.871938,-51.388849,-59.877594,-51.392022,-59.880442,-51.395603,-59.882436,-51.399347,-59.88561,-51.410577,-59.791615,-51.419692,-59.762074,-51.424574,-59.777903,-51.42669,-59.794789,-51.42669,-59.830393,-51.447035,-59.801829,-51.447035,-59.748525,-51.419692,-59.560374,-51.415134,-59.542551,-51.395685,-59.50886,-51.392511,-59.488393,-51.399347,-59.488393,-51.431329,-59.558746,-51.43963,-59.584584,-51.455743,-59.539296,-51.456231,-59.491322,-51.432794,-59.392812,-51.423435,-59.399648,-51.414809,-59.41161,-51.408461,-59.425364,-51.40602,-59.437489,-51.400323,-59.443959,-51.370864,-59.444569,-51.358331,-59.447377,-51.358982,-59.438954,-51.357599,-59.42162,-51.358331,-59.413238,-51.353774,-59.41511,-51.342462,-59.417633,-51.337823,-59.419504,-51.33766,-59.405263,-51.340102,-59.387074,-51.345636,-59.37149,-51.354913,-59.364858
P,16777151,-51.347017,-59.716808,-51.35972,-59.689398,-51.339458,-59.687848,-51.341512,-59.665641,-51.357484,-59.660384,-51.365929,-59.638102,-51.368977,-59.600481,-51.38069,-59.596946,-51.385071,-59.625967,-51.396936,-59.66347,-51.407696,-59.694151,-51.409918,-59.723187,-51.398281,-59.75231,-51.383354,-59.748994,-51.372637,-59.728576,-51.368443,-59.752508,-51.372808,-59.79174,-51.361152,-59.822528,-51.350507,-59.829411,-51.348316,-59.802123,-51.346115,-59.773132,-51.327971,-59.764718,-51.328978,-59.744239,-51.338531,-59.730523,-51.347017,-59.716808
P,16777151,-51.338962,-59.91804,-51.344496,-59.940989,-51.344008,-59.961334,-51.336358,-59.980865,-51.325128,-59.998199,-51.311456,-60.012522,-51.296157,-60.022817,-51.286879,-59.975738,-51.286798,-59.960317,-51.289483,-59.944936,-51.303399,-59.905873,-51.303643,-59.899281,-51.309503,-59.913808,-51.309991,-59.920318,-51.317478,-59.920318,-51.329197,-59.906484,-51.338962,-59.91804
P,16777151,-51.302911,-60.2058,-51.304783,-60.178293,-51.303643,-60.153147,-51.295587,-60.099192,-51.299981,-60.07429,-51.320733,-60.06371,-51.324884,-60.059234,-51.335545,-60.051503,-51.346449,-60.049143,-51.351495,-60.060658,-51.378839,-60.0985,-51.401951,-60.114166,-51.40602,-60.119008,-51.40545,-60.129384,-51.395115,-60.158355,-51.392511,-60.169911,-51.401137,-60.241282,-51.399591,-60.256093,-51.394464,-60.274403,-51.385186,-60.288686,-51.371677,-60.291493,-51.357354,-60.277455,-51.349054,-60.252756,-51.344008,-60.204661,-51.348403,-60.193674,-51.367608,-60.173451,-51.372003,-60.163075,-51.37127,-60.148305,-51.369073,-60.135406,-51.364841,-60.123443,-51.358331,-60.111562,-51.347263,-60.129709,-51.327569,-60.18456,-51.31992,-60.222971,-51.298272,-60.269887,-51.289483,-60.283518,-51.274998,-60.299794,-51.268243,-60.300893,-51.26214,-60.290273,-51.260919,-60.273915,-51.267348,-60.264963,-51.277276,-60.259145,-51.28631,-60.252431,-51.297296,-60.231801,-51.302911,-60.2058
P,16777151,-51.315037,-60.521108,-51.316583,-60.527008,-51.310968,-60.530181,-51.305352,-60.531158,-51.300958,-60.534413,-51.298028,-60.546498,-51.295017,-60.56607,-51.284601,-60.586293,-51.26336,-60.596669,-51.254978,-60.582875,-51.269301,-60.555247,-51.27988,-60.541249,-51.28338,-60.533437,-51.292739,-60.520172,-51.304783,-60.516591,-51.315037,-60.521108
P,16777151,-51.328302,-58.73351,-51.330987,-58.710032,-51.330987,-58.659088,-51.334161,-58.647613,-51.339288,-58.637603,-51.343438,-58.626454,-51.344008,-58.611399,-51.337823,-58.611399,-51.325453,-58.615142,-51.31463,-58.599924,-51.306736,-58.576527,-51.300958,-58.481435,-51.306817,-58.463938,-51.315199,-58.447377,-51.323826,-58.406606,-51.334405,-58.388824,-51.368422,-58.343617,-51.382257,-58.337026,-51.40252,-58.333363,-51.416274,-58.329091,-51.427504,-58.333811,-51.43963,-58.357493,-51.445082,-58.377024,-51.449395,-58.402903,-51.450616,-58.428334,-51.447035,-58.446889,-51.435642,-58.456695,-51.401625,-58.473459,-51.392511,-58.487864,-51.395278,-58.50475,-51.406427,-58.520741,-51.432794,-58.549224,-51.433364,-58.515452,-51.446873,-58.509348,-51.491143,-58.521962,-51.498224,-58.508901,-51.476251,-58.445465,-51.477797,-58.422353,-51.488214,-58.417958,-51.500909,-58.419667,-51.514093,-58.423573,-51.525974,-58.425771,-51.543227,-58.424672,-51.549412,-58.421213,-51.549493,-58.405914,-51.547947,-58.402008,-51.53867,-58.395009,-51.536554,-58.388824,-51.539646,-58.384674,-51.554457,-58.378407,-51.560154,-58.374867,-51.565688,-58.36144,-51.565118,-58.345611,-51.55934,-58.331654,-51.549493,-58.323964,-51.557306,-58.302968,-51.56756,-58.290395,-51.581638,-58.284047,-51.601007,-58.282379,-51.614516,-58.276479,-51.631606,-58.262359,-51.646417,-58.245351,-51.65252,-58.230865,-51.646091,-58.213368,-51.631117,-58.221588,-51.60475,-58.247629,-51.592543,-58.236928,-51.59531,-58.215403,-51.611586,-58.172515,-51.588067,-58.179921,-51.578058,-58.203969,-51.571873,-58.229563,-51.560154,-58.241444,-51.55283,-58.23469,-51.546563,-58.221425,-51.538507,-58.212229,-51.525974,-58.217193,-51.52158,-58.230051,-51.53045,-58.26061,-51.528985,-58.275502,-51.521091,-58.285471,-51.513442,-58.286366,-51.505141,-58.285308,-51.494887,-58.289174,-51.489353,-58.293935,-51.483087,-58.301015,-51.481866,-58.307485,-51.491143,-58.310292,-51.500746,-58.314361,-51.506036,-58.324208,-51.508233,-58.336537,-51.508477,-58.347808,-51.504653,-58.359364,-51.495782,-58.354644,-51.481215,-58.337026,-51.42254,-58.291249,-51.413507,-58.278961,-51.410333,-58.26769,-51.395685,-58.240875,-51.392511,-58.227447,-51.382745,-58.017893,-51.37184,-57.96288,-51.372003,-57.932932,-51.376642,-57.906402,-51.382257,-57.895253,-51.392511,-57.884511,-51.433526,-57.867584,-51.43963,-57.860951,-51.44492,-57.850413,-51.477797,-57.819651,-51.484633,-57.809071,-51.489679,-57.795155,-51.494887,-57.767812,-51.504815,-57.77599,-51.512302,-57.795155,-51.522719,-57.802602,-51.522556,-57.777089,-51.531671,-57.769154,-51.543064,-57.777943,-51.549493,-57.802602,-51.538832,-57.927235,-51.507257,-58.011342,-51.504327,-58.032094,-51.512302,-58.040883,-51.536554,-58.028554,-51.522393,-58.081939,-51.542657,-58.145172,-51.56113,-58.127512,-51.576349,-58.093821,-51.586847,-58.056711,-51.591078,-58.028554,-51.582208,-57.971059,-51.593032,-57.943105,-51.599054,-57.84968,-51.60589,-57.812327,-51.619399,-57.780995,-51.642267,-57.767812,-51.655043,-57.786204,-51.664646,-57.827748,-51.673028,-57.898793,-51.680434,-57.898793,-51.694106,-57.838694,-51.693536,-57.816233,-51.684666,-57.776438,-51.683038,-57.756907,-51.6867,-57.734283,-51.693536,-57.734283,-51.695001,-57.762359,-51.726251,-57.86384,-51.728692,-57.884429,-51.729587,-57.952301,-51.732599,-57.965566,-51.74033,-57.96642,-51.747491,-57.979115,-51.751072,-57.992421,-51.762302,-58.144399,-51.754571,-58.222035,-51.755548,-58.261301,-51.762384,-58.261301,-51.76393,-58.249013,-51.776625,-58.214101,-51.780369,-58.197621,-51.782892,-58.145172,-51.789727,-58.145172,-51.795099,-58.173207,-51.792739,-58.232167,-51.796563,-58.261301,-51.823826,-58.330637,-51.824477,-58.357493,-51.830987,-58.335927,-51.830011,-58.315338,-51.81113,-58.253163,-51.810805,-58.186147,-51.822035,-58.199859,-51.833185,-58.224965,-51.841567,-58.252268,-51.849298,-58.295033,-51.879083,-58.371165,-51.892185,-58.419057,-51.882989,-58.51122,-51.885349,-58.562896,-51.892755,-58.598948,-51.89129,-58.757802,-51.885349,-58.782094,-51.865411,-58.816151,-51.854587,-58.862416,-51.842543,-58.884674,-51.835138,-58.906239,-51.827895,-58.916371,-51.819431,-58.921376,-51.809177,-58.925038,-51.800551,-58.930409,-51.796563,-58.940297,-51.802423,-58.952789,-51.816502,-58.963735,-51.83172,-58.971506,-51.841241,-58.974436,-51.853774,-58.969106,-51.865981,-58.955963,-51.875421,-58.939117,-51.884373,-58.892568,-51.897556,-58.852162,-51.915297,-58.8155,-51.93434,-58.796295,-51.951918,-58.810414,-51.957127,-58.784169,-51.947361,-58.727406,-51.9485,-58.698476,-51.955011,-58.660715,-51.96795,-58.632314,-51.988377,-58.631825,-52.002048,-58.604482,-52.024021,-58.656484,-52.036228,-58.672841,-52.043145,-58.661122,-52.052179,-58.653879,-52.063572,-58.649281,-52.097752,-58.640777,-52.107843,-58.641225,-52.111423,-58.648915,-52.111912,-58.665924,-52.10711,-58.67512,-52.070245,-58.706288,-52.059747,-58.717763,-52.051039,-58.7294,-52.045099,-58.743479,-52.043064,-58.76183,-52.040948,-58.770741,-52.031915,-58.782786,-52.029962,-58.789174,-52.031915,-58.795277,-52.036391,-58.797922,-52.040948,-58.802113,-52.043064,-58.8131,-52.041925,-58.821889,-52.037205,-58.836537,-52.036228,-58.844106,-52.039646,-58.857086,-52.047459,-58.856435,-52.056817,-58.851186,-52.06406,-58.850942,-52.073175,-58.864491,-52.085138,-58.895619,-52.094415,-58.909291,-52.101658,-58.925771,-52.09002,-58.936269,-52.056573,-58.947743,-52.070977,-58.968577,-52.062595,-58.979888,-52.044529,-58.986969,-52.029962,-58.994944,-52.023126,-59.01651,-52.026544,-59.038645,-52.0263,-59.055898,-52.008884,-59.063222,-52.014907,-59.08137,-52.01214,-59.096181,-51.994561,-59.125315,-51.987074,-59.13268,-51.983331,-59.138295,-51.98211,-59.145741,-51.985284,-59.157786,-51.990411,-59.162343,-51.996352,-59.165435,-52.002048,-59.173085,-52.006524,-59.187408,-52.007582,-59.200266,-52.005792,-59.213124,-52.002048,-59.227651,-51.998142,-59.236562,-51.993422,-59.243235,-51.989841,-59.250844,-51.988377,-59.262441,-51.990492,-59.269602,-51.99977,-59.28425,-52.002048,-59.292836,-52.007908,-59.303293,-52.01922,-59.297515,-52.026137,-59.282582,-52.014337,-59.253082,-52.022556,-59.200673,-52.028985,-59.186025,-52.043227,-59.184071,-52.05755,-59.184478,-52.06406,-59.176829,-52.061782,-59.157135,-52.058038,-59.143625,-52.057224,-59.13036,-52.06406,-59.111643,-52.090753,-59.145741,-52.089288,-59.109446,-52.091241,-59.091664,-52.09824,-59.076812,-52.108087,-59.093617,-52.117934,-59.132558,-52.125584,-59.145741,-52.14422,-59.153432,-52.15016,-59.138905,-52.148858,-59.115793,-52.136489,-59.058461,-52.135837,-59.038889,-52.145929,-59.035878,-52.154392,-59.046498,-52.173923,-59.097971,-52.187107,-59.085317,-52.199314,-59.062652,-52.212498,-59.04898,-52.228611,-59.063222,-52.231541,-59.084706,-52.22503,-59.109527,-52.208103,-59.152577,-52.20615,-59.1787,-52.208591,-59.201283,-52.207208,-59.221669,-52.19378,-59.241322,-52.185154,-59.246449,-52.176853,-59.248687,-52.168552,-59.252512,-52.159601,-59.262441,-52.155369,-59.274037,-52.153578,-59.286204,-52.149672,-59.298166,-52.139093,-59.30956,-52.143976,-59.326894,-52.115167,-59.366851,-52.111912,-59.385976,-52.118097,-59.390248,-52.129978,-59.394683,-52.149509,-59.399648,-52.155938,-59.404856,-52.149102,-59.416331,-52.13242,-59.433746,-52.142185,-59.456044,-52.159926,-59.44636,-52.186944,-59.413238,-52.186782,-59.416982,-52.192966,-59.42394,-52.202081,-59.430776,-52.211196,-59.433746,-52.21795,-59.428578,-52.22031,-59.416493,-52.221775,-59.392812,-52.230727,-59.368072,-52.24212,-59.352162,-52.256931,-59.345937,-52.2763,-59.350575,-52.279962,-59.356679,-52.289321,-59.368398,-52.299086,-59.373891,-52.303643,-59.36144,-52.30755,-59.359242,-52.322931,-59.336781,-52.324151,-59.33137,-52.341729,-59.338938,-52.335707,-59.358957,-52.310479,-59.392812,-52.302016,-59.415842,-52.295668,-59.466705,-52.283787,-59.488393,-52.264418,-59.484446,-52.252048,-59.496816,-52.24505,-59.516835,-52.237888,-59.562815,-52.229669,-59.58019,-52.217218,-59.580637,-52.200616,-59.55663,-52.195082,-59.573598,-52.202244,-59.608022,-52.197198,-59.622182,-52.191583,-59.624623,-52.178643,-59.623931,-52.173923,-59.625559,-52.151951,-59.65685,-52.134535,-59.693837,-52.128351,-59.703359,-52.118748,-59.714426,-52.107599,-59.721547,-52.096856,-59.71935,-52.093438,-59.712554,-52.094334,-59.703847,-52.097426,-59.694976,-52.101007,-59.687978,-52.115899,-59.666982,-52.118748,-59.659657,-52.117934,-59.641225,-52.11061,-59.628285,-52.098891,-59.625966,-52.084568,-59.639231,-52.079197,-59.598012,-52.071384,-59.579661,-52.056573,-59.570302,-52.051202,-59.588246,-52.041925,-59.608225,-52.02988,-59.624745,-52.01572,-59.632395,-52.006768,-59.631174,-52.002618,-59.626129,-52.004002,-59.618235,-52.012302,-59.608144,-52.016371,-59.5985,-52.017185,-59.583974,-52.01572,-59.55663,-51.996189,-59.572336,-51.989028,-59.580474,-51.98211,-59.59142,-51.976983,-59.574778,-51.973321,-59.539174,-51.968438,-59.522532,-51.961033,-59.522532,-51.951267,-59.578603,-51.940525,-59.604726,-51.920668,-59.605092,-51.91131,-59.581288,-51.918878,-59.548207,-51.930841,-59.514312,-51.93434,-59.488393,-51.922133,-59.467397,-51.909763,-59.482249,-51.897393,-59.508656,-51.885349,-59.522532,-51.874282,-59.516672,-51.87363,-59.503774,-51.875584,-59.488352,-51.872247,-59.474721,-51.864028,-59.468495,-51.855239,-59.468902,-51.848321,-59.475657,-51.844903,-59.488393,-51.838067,-59.471059,-51.820733,-59.396148,-51.83294,-59.376088,-51.822361,-59.363759,-51.776625,-59.350575,-51.786554,-59.334869,-51.788507,-59.318756,-51.782892,-59.282867,-51.75921,-59.299794,-51.748712,-59.303375,-51.707208,-59.207183,-51.72088,-59.190541,-51.714451,-59.177642,-51.700942,-59.165028,-51.693536,-59.149159,-51.684666,-59.072825,-51.6867,-59.056386,-51.694431,-59.050649,-51.703302,-59.050445,-51.712498,-59.051666,-51.721449,-59.05016,-51.728936,-59.044789,-51.73561,-59.037953,-51.742934,-59.032094,-51.75213,-59.029652,-51.761489,-59.032582,-51.77044,-59.038075,-51.778741,-59.0419,-51.79339,-59.036122,-51.801853,-59.036773,-51.810235,-59.03954,-51.817071,-59.042714,-51.812677,-59.02595,-51.809747,-59.006744,-51.803643,-58.990102,-51.789727,-58.981272,-51.775323,-58.985992,-51.757989,-58.998036,-51.740004,-59.007558,-51.713637,-59.003896,-51.705336,-59.016957,-51.69378,-59.02831,-51.673028,-59.022206,-51.667901,-59.013336,-51.666925,-59.001943,-51.664646,-58.992258,-51.655938,-58.988108,-51.64658,-58.9912,-51.645603,-58.999135,-51.646417,-59.009145,-51.638604,-59.0301,-51.621759,-59.100697,-51.597345,-59.145741,-51.573663,-59.167836,-51.556817,-59.150054,-51.536228,-59.121653,-51.501723,-59.111643,-51.562758,-59.060943,-51.583917,-59.029124,-51.556899,-59.007965,-51.533624,-59.034576,-51.510837,-59.041127,-51.498956,-59.026112,-51.508477,-58.988108,-51.491795,-59.014272,-51.465753,-59.105377,-51.456964,-59.125315,-51.441827,-59.121693,-51.425714,-59.112172,-51.41253,-59.099029,-51.40602,-59.084299,-51.40781,-59.078196,-51.417087,-59.058502,-51.419692,-59.05016,-51.419854,-59.037709,-51.413507,-59.004872,-51.409275,-58.996165,-51.399591,-58.991078,-51.389907,-58.987782,-51.385675,-58.98469,-51.384454,-58.917063,-51.38006,-58.893463,-51.371759,-58.873606,-51.358331,-58.864613,-51.344659,-58.870473,-51.318048,-58.899037,-51.300714,-58.909576,-51.292901,-58.918935,-51.286065,-58.929514,-51.283298,-58.936879,-51.278904,-58.941762,-51.248468,-58.953969,-51.253839,-58.932769,-51.277765,-58.900868,-51.283298,-58.88565,-51.285252,-58.863678,-51.296645,-58.816477,-51.328302,-58.73351
P,16777151,-51.256931,-59.714996,-51.26214,-59.690745,-51.255304,-59.588002,-51.256768,-59.579172,-51.260431,-59.578481,-51.265232,-59.579823,-51.270196,-59.577138,-51.277032,-59.570546,-51.283298,-59.56725,-51.287774,-59.561187,-51.289483,-59.546457,-51.286798,-59.53954,-51.280532,-59.535227,-51.274102,-59.532297,-51.270196,-59.529368,-51.265069,-59.519154,-51.262953,-59.511871,-51.26214,-59.502024,-51.267511,-59.479482,-51.281671,-59.462514,-51.301528,-59.45165,-51.324151,-59.447377,-51.327895,-59.471669,-51.336033,-59.494985,-51.337823,-59.553212,-51.330255,-59.576772,-51.297052,-59.610097,-51.289483,-59.635813,-51.283298,-59.748402,-51.276625,-59.790517,-51.273045,-59.799957,-51.264581,-59.80663,-51.255955,-59.808746,-51.249688,-59.803863,-51.248468,-59.789418,-51.241143,-59.766754,-51.24684,-59.7412,-51.256931,-59.714996
P,16777151,-51.080336,-61.048695,-51.08172,-61.056549,-51.079197,-61.070221,-51.069594,-61.103098,-51.067641,-61.116811,-51.065199,-61.125803,-51.059991,-61.126332,-51.055271,-61.118031,-51.050877,-61.112213,-51.046075,-61.112945,-51.036391,-61.119781,-51.027765,-61.119211,-51.029962,-61.105621,-51.038344,-61.092397,-51.050958,-61.078521,-51.056736,-61.073883,-51.063409,-61.069895,-51.066502,-61.067616,-51.070977,-61.055572,-51.075372,-61.049631,-51.080336,-61.048695
