P,16777151,59.851467,22.443696,59.849514,22.427745,59.852932,22.416026,59.861233,22.413829,59.865668,22.421886,59.865912,22.427745,59.866767,22.433767,59.872992,22.457042,59.874335,22.480154,59.876654,22.488129,59.877631,22.498546,59.876288,22.510265,59.873725,22.512869,59.86872,22.505056,59.851467,22.443696
P,16777151,59.959418,23.920421,59.953803,23.908702,59.954291,23.896007,59.951239,23.895681,59.949693,23.894216,59.947984,23.886078,59.946723,23.870779,59.953315,23.856212,59.952582,23.850434,59.954657,23.847423,59.962877,23.854015,59.972805,23.870291,59.976508,23.892263,59.973456,23.915212,59.969306,23.923513,59.96776,23.920095,59.959418,23.920421
P,16777151,60.011054,22.880056,60.006049,22.872244,60.01142,22.859548,60.027899,22.851085,60.041327,22.855724,60.043118,22.883311,60.048082,22.8838,60.0515,22.875173,60.051907,22.86199,60.055569,22.855154,60.062567,22.863292,60.067776,22.88738,60.068671,22.917735,60.065375,22.926606,60.058336,22.919607,60.049221,22.91684,60.041571,22.910981,60.038398,22.906586,60.037543,22.900727,60.033149,22.893403,60.019355,22.884044,60.011054,22.880056
P,16777151,60.066474,22.449474,60.029527,22.449718,60.012356,22.448009,59.997504,22.442638,59.997504,22.435802,60.006903,22.425629,60.009345,22.409516,60.005032,22.394542,59.994452,22.38795,59.99258,22.382823,60.004543,22.37143,60.020901,22.359711,60.032294,22.353201,60.047512,22.349457,60.063218,22.348888,60.075629,22.354828,60.080756,22.370616,60.07453,22.38266,60.061835,22.383474,60.051663,22.387218,60.052802,22.408376,60.075751,22.401866,60.085191,22.411794,60.081855,22.430431,60.066474,22.449474
P,16777151,60.096869,22.963145,60.088853,22.957286,60.084703,22.946788,60.083889,22.93686,60.085883,22.931977,60.089748,22.933279,60.089911,22.927908,60.084703,22.91505,60.081,22.898936,60.081529,22.870372,60.081041,22.861583,60.082221,22.84547,60.085761,22.845063,60.09162,22.856619,60.100816,22.864024,60.109849,22.873302,60.113674,22.879731,60.119086,22.891612,60.125067,22.917003,60.124335,22.937673,60.118638,22.950043,60.110785,22.95753,60.104397,22.961681,60.096869,22.963145
P,16777151,60.112047,21.987641,60.111396,21.971365,60.113471,21.943858,60.116278,21.939301,60.124579,21.929942,60.131293,21.93572,60.135728,21.950531,60.137885,21.962087,60.130764,21.977224,60.12995,21.991547,60.128485,21.999766,60.122748,22.01238,60.115465,22.007335,60.112047,21.987641
P,16777151,60.138821,21.63738,60.129096,21.613292,60.128485,21.630219,60.123684,21.636974,60.116156,21.635102,60.107367,21.626313,60.102118,21.613129,60.102729,21.599132,60.107367,21.572032,60.106594,21.561778,60.101386,21.534353,60.097805,21.524262,60.097357,21.514415,60.102973,21.503917,60.110175,21.493175,60.114814,21.48227,60.12108,21.499197,60.12287,21.518565,60.121649,21.558116,60.13345,21.549001,60.13703,21.533051,60.135321,21.496593,60.15941,21.529796,60.170356,21.571056,60.168891,21.614513,60.155829,21.654307,60.145087,21.647472,60.138821,21.63738
P,16777151,60.183743,21.887706,60.176337,21.887706,60.176947,21.876475,60.176418,21.865733,60.17414,21.855642,60.170111,21.846039,60.167182,21.852306,60.155829,21.867849,60.155829,21.791515,60.149604,21.826182,60.145453,21.817149,60.142524,21.80714,60.141384,21.79656,60.139716,21.801036,60.135321,21.805675,60.123236,21.783214,60.11518,21.752126,60.113715,21.720225,60.121649,21.695811,60.126899,21.704438,60.129584,21.706879,60.142157,21.702647,60.148383,21.717296,60.149604,21.722504,60.155829,21.722504,60.160712,21.705089,60.17178,21.708181,60.18358,21.723481,60.190619,21.743663,60.196601,21.799571,60.196763,21.853526,60.183743,21.887706
P,16777151,60.146877,22.323741,60.146877,22.298676,60.149848,22.288341,60.152045,22.292166,60.156317,22.292247,60.164618,22.290782,60.170356,22.293712,60.172553,22.298188,60.17593,22.299083,60.182196,22.299327,60.188788,22.304535,60.191962,22.313162,60.204047,22.375011,60.195258,22.38559,60.177395,22.367931,60.16885,22.344249,60.164049,22.319998,60.160102,22.319102,60.154039,22.333263,60.148505,22.336925,60.146877,22.323741
P,16777151,60.190863,21.394379,60.190619,21.448904,60.183743,21.448904,60.184516,21.409353,60.178656,21.394216,60.162665,21.38738,60.162665,21.380544,60.170356,21.372244,60.174465,21.357107,60.176337,21.325694,60.179389,21.310557,60.185736,21.300792,60.190863,21.289724,60.190619,21.270681,60.203843,21.285167,60.209703,21.306407,60.211086,21.353282,60.196601,21.368907,60.190863,21.394379
P,16777151,60.137274,22.009288,60.135484,21.977712,60.149075,21.950694,60.176337,21.935395,60.181383,21.950206,60.190619,21.997569,60.205756,22.026541,60.211412,22.041759,60.211086,22.05893,60.196763,22.072032,60.170111,22.011241,60.167304,22.017426,60.158515,22.031505,60.155829,22.037852,60.137274,22.009288
P,16777151,60.199774,25.852061,60.196031,25.835623,60.197211,25.820649,60.207668,25.81422,60.216295,25.822032,60.218817,25.840587,60.217231,25.876231,60.20425,25.863129,60.199774,25.852061
P,16777151,60.195868,22.269298,60.184963,22.23227,60.20425,22.209239,60.223863,22.222423,60.243069,22.24586,60.252997,22.271658,60.245185,22.291759,60.221259,22.296886,60.195868,22.269298
P,16777151,60.257025,21.597423,60.254828,21.600434,60.255194,21.615896,60.25259,21.62672,60.243109,21.621593,60.234849,21.610118,60.228258,21.606456,60.222561,21.601736,60.221747,21.592296,60.222561,21.587413,60.221625,21.577891,60.226223,21.563487,60.239936,21.562266,60.255927,21.571056,60.269355,21.586925,60.268785,21.604666,60.260688,21.606781,60.257025,21.597423
P,16777151,60.218329,25.6338,60.20425,25.635997,60.211249,25.611583,60.215399,25.603363,60.222398,25.608165,60.238349,25.622325,60.24258,25.592052,60.258043,25.57016,60.278266,25.564464,60.296373,25.581716,60.290717,25.598318,60.245185,25.684418,60.238349,25.677013,60.234442,25.659923,60.228095,25.643728,60.218329,25.6338
P,16777151,60.193061,22.833507,60.182074,22.833995,60.170111,22.840343,60.169257,22.833507,60.167141,22.828868,60.164618,22.824555,60.162665,22.819347,60.161444,22.825043,60.155829,22.840343,60.145941,22.835704,60.142157,22.833018,60.111029,22.846853,60.082099,22.813162,60.046576,22.730479,60.03974,22.730479,60.040107,22.739757,60.038479,22.745779,60.032294,22.757986,60.02619,22.74822,60.008612,22.735118,60.00495,22.729828,60.006903,22.705414,60.005113,22.694835,59.997504,22.68214,60.016303,22.6692,60.032294,22.654959,60.021918,22.646251,60.001654,22.613943,60.000149,22.608409,59.995917,22.605317,59.984524,22.606456,59.984524,22.600271,59.998481,22.601899,60.008043,22.598969,60.010932,22.591482,60.00495,22.579112,60.017035,22.57488,60.024604,22.580821,60.032782,22.58961,60.046576,22.593435,60.038642,22.581554,60.020819,22.546235,60.008246,22.529959,60.001858,22.486339,59.997504,22.4699,60.023668,22.469574,60.035631,22.47169,60.046576,22.477306,60.058987,22.471446,60.071234,22.473399,60.082221,22.476329,60.090969,22.473643,60.097561,22.461762,60.105129,22.434825,60.114814,22.42213,60.11872,22.443044,60.13231,22.480479,60.135321,22.500824,60.135321,22.600271,60.142157,22.600271,60.149604,22.415212,60.171332,22.426117,60.199408,22.43393,60.221381,22.44809,60.224677,22.477306,60.200019,22.455903,60.188544,22.45102,60.183743,22.466482,60.193305,22.56658,60.206366,22.602061,60.211086,22.620616,60.226996,22.814952,60.241767,22.843516,60.265326,22.865733,60.285549,22.890961,60.296698,22.920746,60.292955,22.956391,60.270453,22.949474,60.257229,22.930431,60.247463,22.906423,60.235297,22.884532,60.225653,22.877452,60.215522,22.873057,60.207465,22.866873,60.201117,22.839854,60.193061,22.833507
P,16777151,60.28498,21.983165,60.284573,21.976817,60.285346,21.972911,60.289252,21.979015,60.296129,21.996349,60.297309,22.008311,60.292141,22.006033,60.287299,21.995779,60.28498,21.983165
P,16777151,60.312161,21.959809,60.309312,21.973806,60.302558,21.975352,60.281399,21.956879,60.277086,21.944591,60.277289,21.925955,60.280097,21.909679,60.2897,21.896007,60.289496,21.884939,60.304877,21.875336,60.310533,21.879731,60.310614,21.895193,60.309394,21.908539,60.312649,21.925466,60.312161,21.959809
P,16777151,60.2862,22.33961,60.274482,22.337169,60.269436,22.331798,60.265692,22.312836,60.26675,22.305186,60.270738,22.297699,60.273139,22.289806,60.26911,22.281505,60.266303,22.277599,60.260077,22.265391,60.258857,22.260997,60.253119,22.215505,60.25434,22.200857,60.265692,22.216645,60.276313,22.203949,60.281317,22.181163,60.281724,22.156993,60.278713,22.14088,60.278713,22.181895,60.259223,22.163341,60.262397,22.136892,60.271308,22.10963,60.26911,22.089366,60.269477,22.080089,60.283515,22.076671,60.301459,22.083832,60.313463,22.106781,60.31566,22.132009,60.311469,22.249766,60.297065,22.3213,60.2862,22.33961
P,16777151,60.33393,22.428966,60.333238,22.443858,60.334133,22.45753,60.331529,22.469005,60.32095,22.477306,60.308905,22.454438,60.299058,22.425304,60.293158,22.394786,60.292955,22.367442,60.299221,22.374522,60.306098,22.379893,60.32095,22.38795,60.314521,22.369884,60.313666,22.350597,60.32095,22.312836,60.337348,22.329356,60.347846,22.350271,60.35342,22.373709,60.355048,22.398204,60.353095,22.401866,60.348619,22.401703,60.34398,22.400645,60.341376,22.401622,60.33393,22.428966
P,16777151,60.343207,22.202159,60.341742,22.191091,60.344184,22.170177,60.351874,22.157237,60.358303,22.157074,60.36164,22.164236,60.374172,22.255707,60.374986,22.284923,60.36758,22.299653,60.357978,22.289561,60.343207,22.202159
P,16777151,60.375556,22.20753,60.352932,22.112478,60.354153,22.104259,60.371649,22.122081,60.379096,22.137869,60.380439,22.146821,60.382554,22.206228,60.375556,22.20753
P,16777151,60.370429,21.352306,60.35814,21.357107,60.351793,21.355317,60.35163,21.352794,60.353827,21.345714,60.353095,21.33839,60.356024,21.333669,60.362982,21.333995,60.36518,21.331065,60.366685,21.323741,60.364244,21.303884,60.37051,21.294444,60.37759,21.296153,60.383694,21.302989,60.389594,21.307791,60.391506,21.319835,60.383368,21.338064,60.370429,21.352306
P,16777151,60.378363,26.548595,60.378079,26.538341,60.385159,26.526134,60.403469,26.507172,60.411282,26.513438,60.416815,26.560883,60.42178,26.574718,60.427395,26.58074,60.434638,26.580251,60.441067,26.584972,60.44595,26.593435,60.446519,26.602061,60.431871,26.644054,60.426907,26.652599,60.421536,26.649669,60.414862,26.636485,60.405341,26.57309,60.397406,26.55893,60.378363,26.548595
P,16777151,60.402167,21.950369,60.395982,21.950369,60.40119,21.921072,60.40176,21.906993,60.395982,21.894542,60.390448,21.90797,60.382636,21.936778,60.375556,21.950369,60.368109,21.942231,60.369452,21.974864,60.365912,21.988617,60.355048,21.997569,60.347846,21.973318,60.347602,21.96339,60.342597,21.979503,60.341254,21.987966,60.341376,21.997569,60.33393,21.997569,60.328599,21.979666,60.327541,21.960623,60.329576,21.941091,60.33393,21.921723,60.332668,21.918712,60.329413,21.913829,60.326728,21.907888,60.327094,21.901378,60.329535,21.900727,60.339016,21.901703,60.341376,21.901378,60.350898,21.879242,60.353949,21.868419,60.357571,21.837413,60.364244,21.814464,60.373969,21.794119,60.385443,21.78533,60.396959,21.792247,60.405219,21.808849,60.409613,21.828868,60.409654,21.846039,60.41649,21.846039,60.443793,21.79835,60.456773,21.801931,60.466702,21.808116,60.471991,21.817882,60.471137,21.832367,60.463813,21.848399,60.449205,21.892345,60.440375,21.901378,60.431627,21.904633,60.426459,21.912852,60.423977,21.923025,60.423326,21.931977,60.402167,21.950369
P,16777151,60.459703,21.700694,60.455308,21.687999,60.464911,21.681651,60.484076,21.690929,60.508612,21.714203,60.526435,21.741873,60.525784,21.764171,60.51203,21.760509,60.501654,21.750824,60.481676,21.725922,60.470893,21.715099,60.459703,21.700694
P,16777151,60.482082,21.32488,60.481676,21.319102,60.487738,21.300141,60.490058,21.265961,60.49844,21.250255,60.519721,21.26059,60.531399,21.25294,60.541938,21.238455,60.559882,21.229177,60.559882,21.250255,60.542304,21.278494,60.518948,21.304942,60.509589,21.307628,60.482082,21.32488
P,16777151,60.539374,21.461925,60.525784,21.48227,60.525214,21.477794,60.524075,21.474783,60.523749,21.470714,60.525784,21.463145,60.516099,21.458507,60.506781,21.456309,60.498521,21.45753,60.492255,21.463145,60.493354,21.446462,60.489081,21.433604,60.481147,21.430675,60.471137,21.442638,60.477688,21.417654,60.489976,21.392263,60.508368,21.371267,60.533189,21.360118,60.522895,21.346934,60.519436,21.336111,60.525336,21.328624,60.543158,21.325938,60.557359,21.333832,60.561835,21.35255,60.559882,21.394216,60.542914,21.410981,60.539374,21.461925
P,16777151,60.567328,21.298676,60.566352,21.281016,60.572821,21.273285,60.581692,21.269786,60.587836,21.264415,60.590806,21.244395,60.593899,21.233165,60.601467,21.222911,60.61636,21.213878,60.622626,21.219086,60.62873,21.243419,60.635688,21.249197,60.6435,21.253266,60.647528,21.259288,60.643052,21.270681,60.634467,21.271495,60.626776,21.274913,60.620307,21.281261,60.615139,21.291189,60.600898,21.283376,60.586127,21.278331,60.575629,21.281505,60.574164,21.298676,60.567328,21.298676
P,16777151,60.850287,21.22462,60.847113,21.226573,60.848619,21.235362,60.848212,21.242035,60.846015,21.24586,60.847113,21.251964,60.853095,21.259532,60.85106,21.267345,60.837795,21.267589,60.830268,21.263194,60.832953,21.250173,60.845282,21.209809,60.843248,21.205333,60.844916,21.202403,60.848293,21.201182,60.85224,21.195486,60.856513,21.18629,60.860541,21.189464,60.863186,21.206554,60.858954,21.221528,60.850287,21.22462
P,16777151,60.889472,21.325938,60.880194,21.318126,60.879136,21.297374,60.883287,21.275238,60.882025,21.264415,60.882025,21.2317,60.884101,21.216563,60.889472,21.202403,60.899726,21.227794,60.889106,21.276622,60.895697,21.298676,60.899644,21.295258,60.902981,21.293793,60.906155,21.292817,60.90998,21.291189,60.912299,21.297374,60.919338,21.306407,60.923,21.312266,60.942816,21.283214,60.949612,21.264822,60.950873,21.243419,60.967963,21.27003,60.971991,21.285004,60.971381,21.304942,60.956244,21.321951,60.946723,21.337087,60.930406,21.374278,60.919867,21.354747,60.916693,21.338552,60.910142,21.327891,60.889472,21.325938
P,16777151,61.192206,21.389171,61.176744,21.421886,61.173,21.429373,61.171454,21.431651,61.172105,21.423595,61.180976,21.388845,61.176093,21.369395,61.176011,21.352387,61.177558,21.34669,61.177883,21.348155,61.178046,21.349783,61.181871,21.347179,61.190619,21.342947,61.196275,21.346446,61.197455,21.353526,61.199774,21.357432,61.202582,21.356781,61.208564,21.363129,61.214016,21.380056,61.209621,21.391368,61.200995,21.385753,61.192206,21.389171
P,16777151,61.618069,21.507823,61.617743,21.500987,61.620836,21.478363,61.626166,21.461925,61.62934,21.459972,61.630316,21.470958,61.640448,21.484548,61.633979,21.521251,61.633124,21.523936,61.629096,21.526134,61.625434,21.521983,61.624945,21.514659,61.622219,21.510509,61.618069,21.507823
P,16777151,62.975165,21.215994,62.961371,21.221202,62.951361,21.221934,62.947089,21.216563,62.946234,21.208507,62.953925,21.191417,62.9501,21.182872,62.94599,21.168142,62.953274,21.146658,62.962958,21.135997,62.967231,21.136485,62.968248,21.141856,62.965522,21.148204,62.963568,21.150564,62.967597,21.154796,62.975409,21.159353,62.979682,21.15268,62.984565,21.140391,62.992825,21.131847,63.0008,21.130382,63.006578,21.136241,63.010159,21.145193,63.010321,21.151622,63.006822,21.155121,63.00434,21.159841,62.999416,21.184744,62.994371,21.195649,62.986151,21.207367,62.975165,21.215994
P,16777151,63.287787,21.078949,63.271959,21.120291,63.273749,21.159434,63.280707,21.199474,63.280992,21.243419,63.274807,21.243419,63.271633,21.227224,63.263861,21.21518,63.239407,21.195079,63.231594,21.197927,63.230292,21.199474,63.23017,21.198904,63.225775,21.195079,63.221381,21.209483,63.21955,21.264415,63.217108,21.272227,63.21308,21.27947,63.211371,21.286794,63.215806,21.294932,63.223049,21.297862,63.228909,21.294607,63.234198,21.290375,63.239407,21.291189,63.251939,21.315766,63.260728,21.355968,63.260688,21.396332,63.246812,21.42213,63.233466,21.415212,63.220445,21.414806,63.208686,21.419607,63.198432,21.428396,63.192532,21.404552,63.190131,21.377452,63.193671,21.363943,63.205878,21.380544,63.206244,21.362804,63.177924,21.291189,63.171129,21.291189,63.170233,21.298188,63.164944,21.318533,63.156155,21.301524,63.151923,21.283458,63.150702,21.243419,63.158393,21.23113,63.169623,21.219249,63.183336,21.207367,63.191596,21.188813,63.1883,21.175792,63.181952,21.161632,63.182196,21.147227,63.198432,21.133556,63.198432,21.154552,63.205878,21.154552,63.210679,21.141612,63.227484,21.113129,63.235989,21.102794,63.24551,21.096528,63.277289,21.081798,63.287787,21.078949
P,16777151,63.322089,22.033458,63.302151,22.060802,63.294867,22.058116,63.282172,22.046641,63.277411,22.029796,63.277737,22.013845,63.281073,22.007091,63.288235,22.008149,63.291164,22.004568,63.289008,21.997813,63.284735,21.995616,63.280097,21.99464,63.277574,21.989919,63.277167,21.984386,63.280015,21.978282,63.286811,21.974376,63.298651,21.977712,63.31037,21.989024,63.313422,22.002289,63.307196,22.021821,63.308417,22.029959,63.313422,22.026215,63.320299,22.011974,63.324897,22.007579,63.326117,22.012706,63.326239,22.018565,63.323432,22.022227,63.322211,22.026215,63.322089,22.033458
P,16777151,63.313788,22.238943,63.307074,22.246267,63.302476,22.244477,63.293158,22.234386,63.279975,22.222667,63.273261,22.208669,63.273505,22.187266,63.28856,22.156505,63.284166,22.114431,63.282213,22.114106,63.27912,22.139008,63.274075,22.158539,63.263332,22.163097,63.256537,22.157237,63.255805,22.148692,63.254136,22.144054,63.25141,22.144216,63.250556,22.136485,63.261786,22.08546,63.266303,22.079356,63.270453,22.083181,63.274482,22.078461,63.278998,22.067068,63.283881,22.068696,63.2862,22.075694,63.288031,22.083344,63.294623,22.088878,63.304185,22.082774,63.312812,22.072765,63.318549,22.069184,63.321601,22.078624,63.323065,22.092621,63.328925,22.110199,63.326361,22.123546,63.325914,22.132091,63.322211,22.139985,63.315579,22.14796,63.311021,22.158214,63.311713,22.163585,63.316718,22.164399,63.319159,22.169688,63.317857,22.178559,63.314765,22.18629,63.310533,22.190603,63.30976,22.195649,63.312812,22.202647,63.317939,22.208018,63.325385,22.210704,63.332953,22.215343,63.338568,22.22169,63.340644,22.226329,63.338813,22.231293,63.331244,22.235688,63.325507,22.237071,63.313788,22.238943
P,16777151,63.31566,21.358246,63.287787,21.318533,63.304023,21.315278,63.305894,21.305919,63.302191,21.292654,63.301459,21.277517,63.328803,21.229177,63.332831,21.23406,63.334377,21.23878,63.335028,21.250255,63.340766,21.276622,63.355618,21.311046,63.363756,21.345958,63.34927,21.374278,63.333401,21.373871,63.31566,21.358246
P,16777151,63.385199,22.069835,63.38349,22.079438,63.383938,22.089122,63.38349,22.096039,63.380316,22.096039,63.377631,22.088878,63.376858,22.079438,63.373603,22.080251,63.367011,22.085134,63.360053,22.076182,63.357856,22.059337,63.366156,22.026866,63.363715,22.012706,63.354193,22.001964,63.348456,21.997081,63.341132,21.984141,63.333157,21.966075,63.33161,21.957205,63.333808,21.948985,63.337958,21.947276,63.340033,21.948985,63.343655,21.951345,63.349311,21.956228,63.353827,21.961192,63.359809,21.966075,63.365139,21.97169,63.368883,21.978201,63.373277,21.983653,63.377875,21.986583,63.384711,21.99643,63.385403,22.014659,63.383368,22.030284,63.387519,22.045909,63.388373,22.059825,63.38703,22.064952,63.385199,22.069835
P,16777151,63.777655,22.795665,63.776068,22.800304,63.778225,22.804454,63.779527,22.807953,63.779242,22.823416,63.776313,22.828868,63.772854,22.825531,63.77147,22.821137,63.768866,22.820079,63.763251,22.819102,63.756496,22.815196,63.753485,22.812022,63.747138,22.809418,63.738186,22.802094,63.74022,22.793224,63.744818,22.782074,63.741767,22.777192,63.73432,22.780447,63.728176,22.776052,63.727037,22.764496,63.722724,22.756602,63.720526,22.739594,63.72663,22.719249,63.736396,22.702891,63.751125,22.692231,63.755113,22.687022,63.758612,22.683116,63.763414,22.681488,63.769761,22.702973,63.773383,22.711436,63.778876,22.719574,63.78559,22.737315,63.791449,22.763845,63.790432,22.781749,63.783759,22.789806,63.777655,22.795665
P,16777151,65.065834,24.873013,65.059139,24.882842,65.060482,24.906522,65.059142,24.936267,65.055104,24.993437,65.057512,25.033586,65.04348,25.061818,65.034619,25.028009,65.034779,24.962218,65.045255,24.877376,65.04328,24.819657,65.024266,24.801552,65.003467,24.722367,64.975966,24.750775,64.979194,24.812388,64.972968,24.827322,64.968085,24.816091,64.967231,24.804698,64.967719,24.792817,64.966783,24.780121,64.963853,24.771251,64.956448,24.761078,64.953111,24.752126,64.950914,24.734711,64.951728,24.713145,64.958157,24.700694,64.972968,24.710623,64.976508,24.706065,64.98664,24.69752,64.996568,24.68393,64.971991,24.658376,64.967841,24.631602,64.992518,24.597367,65.009536,24.579009,65.022915,24.5699,65.037177,24.562755,65.049384,24.585785,65.080221,24.65419,65.083272,24.740888,65.0948,24.834506,65.086904,24.883096,65.072415,24.896983,65.065834,24.873013
P,16777151,70.070685,27.897294,70.05327,27.927163,70.009604,27.98101,69.894339,28.167355,69.886045,28.189266,69.856202,28.381192,69.822354,28.379745,69.802252,28.40455,69.791452,28.442687,69.785716,28.480928,69.729957,28.806076,69.674198,29.131224,69.663914,29.14714,69.585986,29.203158,69.464392,29.344544,69.376852,29.229254,69.216603,28.86478,69.203529,28.852171,69.181256,28.84411,69.106842,28.826953,69.090771,28.827573,69.080281,28.839614,69.027261,28.954077,68.984473,28.833464,68.968039,28.713265,68.900137,28.456226,68.898535,28.410234,68.880086,28.413128,68.870578,28.426771,68.865823,28.444238,68.871663,28.645672,68.865048,28.728251,68.835489,28.801477,68.760145,28.747268,68.727951,28.716366,68.542432,28.459947,68.52972,28.447907,68.514889,28.447441,68.491066,28.460981,68.462592,28.480928,68.204003,28.663759,68.183178,28.690321,68.172687,28.727218,68.127238,29.012937,68.081789,29.298656,68.072694,29.33085,68.056726,29.360151,67.991148,29.442626,67.991096,29.442626,67.960452,29.480867,67.823562,29.651192,67.792504,29.713824,67.685844,30.009413,67.67246,29.987864,67.662228,29.977684,67.649309,29.973446,67.584713,29.964661,67.571587,29.959907,67.52637,29.933449,67.508129,29.916241,67.298167,29.519831,67.28809,29.508462,67.270262,29.49699,67.262976,29.490685,67.256774,29.480867,67.232771,29.429397,66.991261,29.100115,66.991235,29.100115,66.991209,29.099908,66.991132,29.099908,66.907803,29.051539,66.837549,29.089159,66.680065,29.32222,66.626553,29.362498,66.624591,29.363975,66.60529,29.392397,66.596453,29.395394,66.586634,29.396427,66.576222,29.401337,66.56847,29.40945,66.491214,29.524482,66.474031,29.534197,66.431969,29.546194,66.412795,29.551663,66.378172,29.569699,66.345926,29.593211,66.287893,29.650882,66.180871,29.792372,66.133587,29.875365,66.108059,29.900169,66.06863,29.92053,65.99127,29.948849,65.973881,29.95846,65.931532,29.997941,65.915693,30.009723,65.865386,30.039282,65.822805,30.075146,65.804615,30.083517,65.712011,30.111733,65.687206,30.11628,65.665502,30.113903,65.656381,30.098503,65.661678,30.064707,65.678137,30.003005,65.648087,29.76426,65.62938,29.702869,65.60871,29.732324,65.584861,29.806738,65.564888,29.838571,65.551969,29.825755,65.511403,29.74545,65.496921,29.731533,65.491507,29.72633,65.491249,29.72633,65.454171,29.718165,65.365365,29.730567,65.329088,29.720129,65.269402,29.615122,65.235399,29.580085,65.215219,29.626698,65.217364,29.766844,65.205013,29.833197,65.166902,29.839294,65.158608,29.829683,65.1522,29.818004,65.145224,29.809115,65.135302,29.808185,65.126517,29.820329,65.124812,29.838054,65.121504,29.850198,65.108017,29.845599,65.093651,29.820484,65.077941,29.667832,65.062231,29.627318,65.034378,29.598379,64.991435,29.588147,64.90715,29.633622,64.839144,29.698321,64.795581,29.78028,64.784832,29.877845,64.78416,30.062537,64.775479,30.101914,64.767934,30.118864,64.761578,30.120414,64.754343,30.114937,64.744421,30.111113,64.731657,30.109045,64.725611,30.106823,64.720082,30.109149,64.70892,30.120518,64.70122,30.13137,64.681686,30.17054,64.662359,30.1878,64.642774,30.180824,64.626082,30.160412,64.615385,30.136434,64.578643,29.965798,64.574871,29.95877,64.56898,29.954843,64.565983,29.958874,64.564432,29.965178,64.56283,29.968486,64.545415,29.970036,64.536217,29.973602,64.52676,29.980785,64.524021,29.978924,64.521127,29.978201,64.518337,29.978976,64.515546,29.980785,64.513221,29.991533,64.51074,29.993394,64.504178,29.9905,64.491465,30.035768,64.47188,30.070391,64.448419,30.062795,64.422942,30.041039,64.396949,30.032461,64.378087,30.052977,64.361241,30.093129,64.341914,30.164443,64.317677,30.321126,64.300831,30.370477,64.283106,30.39926,64.264657,30.421585,64.250756,30.445976,64.24378,30.50344,64.234685,30.536203,64.219699,30.558475,64.198873,30.550259,64.179184,30.532482,64.162545,30.532792,64.14637,30.544781,64.127405,30.562144,64.084668,30.586432,64.051079,30.58049,64.021726,30.552326,63.991496,30.509331,63.991444,30.509331,63.991392,30.509331,63.895998,30.328567,63.830679,30.265573,63.792645,30.201546,63.763758,30.051271,63.7471,29.998433,63.741537,29.980785,63.715337,30.001145,63.581805,30.242474,63.532454,30.38045,63.491578,30.441428,63.472871,30.461065,63.462122,30.488661,63.375668,30.82094,63.289161,30.974936,63.225238,31.177817,63.21268,31.203966,63.19604,31.22567,63.175732,31.23306,63.157231,31.234248,63.135734,31.240759,63.115477,31.250836,63.100594,31.262773,63.084729,31.288508,63.062198,31.351554,63.047936,31.380337,63.001944,31.444468,62.991557,31.468032,62.986337,31.480641,62.968199,31.505446,62.943188,31.519295,62.91952,31.535832,62.905929,31.569525,62.826089,31.480641,62.788701,31.441264,62.746533,31.410568,62.651577,31.363336,62.629331,31.347006,62.596025,31.302771,62.572978,31.284064,62.524841,31.260086,62.503344,31.243757,62.491716,31.222156,62.491716,31.221949,62.491587,31.221587,62.476007,31.168619,62.467351,31.152961,62.456525,31.141644,62.434821,31.12335,62.358805,30.98062,62.348185,30.967081,62.314595,30.941863,62.302116,30.925636,62.292891,30.90755,62.252997,30.79381,62.21039,30.703841,62.199822,30.665497,62.192768,30.647721,62.184009,30.635008,62.151272,30.607206,62.067685,30.480702,61.991773,30.339936,61.991669,30.339729,61.991669,30.339574,61.850469,30.145649,61.728171,29.977684,61.660165,29.84224,61.644585,29.82188,61.609651,29.798057,61.593115,29.779143,61.511104,29.635121,61.499193,29.60427,61.484956,29.539726,61.47506,29.51704,61.459247,29.499057,61.434778,29.480867,61.413824,29.4634,61.338428,29.318396,61.316207,29.289251,61.304599,29.277059,61.290524,29.262275,61.245901,29.203158,61.213422,29.130087,61.168102,28.980846,61.147948,28.926379,61.112679,28.855479,61.09684,28.797601,61.08697,28.781323,61.061364,28.750162,61.027387,28.688977,61.012479,28.670684,60.991885,28.653837,60.99186,28.653837,60.991756,28.653734,60.991679,28.653734,60.961939,28.614563,60.950234,28.526403,60.933465,28.480928,60.859387,28.335924,60.791588,28.24394,60.757714,28.148132,60.664226,28.003782,60.649477,27.98101,60.604261,27.892953,60.553046,27.807872,60.562201,27.791189,60.573676,27.777599,60.580146,27.762055,60.574164,27.739513,60.57095,27.743175,60.563137,27.749522,60.559882,27.753184,60.555569,27.736176,60.544257,27.733409,60.530585,27.740571,60.518948,27.753184,60.513332,27.738129,60.512112,27.732677,60.506496,27.74643,60.505845,27.753184,60.488471,27.718435,60.485419,27.705414,60.492255,27.636485,60.503567,27.645763,60.511176,27.676606,60.518948,27.691661,60.52265,27.651703,60.521674,27.632172,60.512112,27.615977,60.499945,27.608246,60.492133,27.61085,60.484076,27.619314,60.471137,27.629649,60.477362,27.592459,60.513861,27.508474,60.505845,27.472667,60.504299,27.48227,60.501939,27.486339,60.492255,27.493175,60.489447,27.487071,60.481676,27.478282,60.477973,27.472667,60.474433,27.483572,60.470201,27.493012,60.464748,27.500743,60.457465,27.506684,60.46369,27.456798,60.49787,27.369314,60.505845,27.325206,60.50788,27.24879,60.512112,27.232432,60.526313,27.230805,60.529446,27.256602,60.525784,27.308116,60.536526,27.284923,60.559882,27.211925,60.579576,27.227712,60.584947,27.21461,60.579739,27.191742,60.567328,27.177745,60.552191,27.183849,60.537055,27.197032,60.523261,27.200694,60.512112,27.177745,60.525133,27.175792,60.528632,27.169688,60.525784,27.149913,60.529039,27.137706,60.543524,27.124034,60.54682,27.112559,60.543606,27.105642,60.529202,27.095714,60.525784,27.08839,60.528632,27.078949,60.542914,27.062836,60.54682,27.054373,60.545803,27.045177,60.541815,27.033376,60.536078,27.024425,60.529486,27.023936,60.519924,27.02711,60.51435,27.020763,60.509467,27.011729,60.488023,26.99822,60.483547,26.976899,60.485419,26.931407,60.469306,26.955577,60.458482,26.965343,60.447211,26.962413,60.449408,26.9546,60.466986,26.924327,60.474555,26.914724,60.45775,26.82309,60.457465,26.79363,60.46369,26.801036,60.470526,26.806488,60.485419,26.814708,60.485907,26.797048,60.482856,26.776541,60.47663,26.756847,60.468004,26.742442,60.460883,26.739024,60.443671,26.740977,60.436957,26.739024,60.432929,26.731944,60.425849,26.710623,60.419908,26.701427,60.418158,26.687348,60.428412,26.669281,60.442084,26.65089,60.450629,26.635916,60.452948,26.617035,60.452297,26.594412,60.447333,26.577159,60.436957,26.574474,60.43301,26.553396,60.439887,26.527354,60.45307,26.501964,60.468004,26.482677,60.48725,26.474864,60.498114,26.491466,60.505805,26.517263,60.51553,26.536632,60.543362,26.56365,60.549954,26.567638,60.572577,26.564464,60.580959,26.567393,60.591376,26.579845,60.609605,26.625011,60.606431,26.666677,60.574164,26.753184,60.61286,26.731781,60.640204,26.699229,60.651801,26.65919,60.643052,26.615489,60.628567,26.591807,60.591783,26.553315,60.508124,26.465831,60.474555,26.456228,60.443793,26.485688,60.427476,26.469412,60.420885,26.460704,60.41649,26.451508,60.416327,26.42335,60.411933,26.416352,60.395982,26.424164,60.398017,26.412852,60.402655,26.402599,60.41649,26.383311,60.404853,26.384532,60.398749,26.381196,60.39643,26.374034,60.395982,26.362804,60.392808,26.35141,60.38581,26.348969,60.37873,26.348318,60.375556,26.342052,60.383002,26.323985,60.3994,26.310232,60.41592,26.299164,60.423326,26.290212,60.429145,26.278656,60.440985,26.262543,60.450873,26.245616,60.450629,26.231781,60.438422,26.22934,60.424262,26.242931,60.402167,26.273448,60.410631,26.178966,60.409654,26.170421,60.398505,26.150727,60.395982,26.142426,60.402818,26.134451,60.423326,26.094574,60.432278,26.062185,60.437486,26.049164,60.462592,26.013682,60.475775,25.980968,60.484198,25.9463,60.485419,25.917247,60.477973,25.917247,60.464911,25.971853,60.458075,25.982595,60.440497,26.003754,60.433336,26.028982,60.42475,26.036143,60.414496,26.039317,60.405951,26.04005,60.400621,26.032481,60.401679,26.017426,60.400539,26.006847,60.388577,26.012218,60.380683,26.023204,60.368109,26.060557,60.350409,26.0796,60.34394,26.088634,60.341376,26.10141,60.335924,26.108165,60.324042,26.106456,60.312079,26.099864,60.306627,26.091319,60.299791,26.04005,60.322659,26.038829,60.354926,25.997081,60.368109,26.00587,60.367825,25.9935,60.363105,25.984874,60.357733,25.977306,60.355048,25.968028,60.356024,25.956554,60.358873,25.947765,60.389146,25.888357,60.39704,25.867198,60.402167,25.842052,60.377916,25.877696,60.367255,25.899099,60.361274,25.917247,60.340969,25.907237,60.320014,25.884288,60.306627,25.883067,60.291571,25.892426,60.265286,25.921235,60.245185,25.930186,60.246161,25.909353,60.249579,25.894867,60.255927,25.88266,60.265692,25.868826,60.272528,25.876231,60.284003,25.861013,60.287746,25.841482,60.288886,25.820323,60.292955,25.800548,60.314154,25.770356,60.320746,25.753754,60.313463,25.739024,60.295803,25.745372,60.28266,25.780935,60.265692,25.848888,60.25141,25.780528,60.245185,25.780528,60.240383,25.761974,60.24726,25.735525,60.293036,25.655772,60.299791,25.649669,60.313463,25.65089,60.32274,25.658539,60.32746,25.670584,60.33393,25.649669,60.341376,25.649669,60.341376,25.704356,60.36286,25.690196,60.364651,25.66863,60.35635,25.646007,60.347602,25.629161,60.338568,25.602712,60.327094,25.526134,60.32095,25.526134,60.316352,25.54127,60.305854,25.54656,60.292304,25.545095,60.278713,25.540375,60.275702,25.535899,60.274482,25.528819,60.271389,25.522227,60.254543,25.516856,60.249213,25.510916,60.246161,25.502778,60.245185,25.361664,60.260077,25.363455,60.267239,25.350922,60.272528,25.313813,60.26789,25.316173,60.256293,25.319509,60.25141,25.3213,60.245917,25.290538,60.245185,25.19752,60.243842,25.192149,60.240058,25.19044,60.228461,25.190929,60.227769,25.190278,60.223131,25.185802,60.225409,25.174164,60.232164,25.156261,60.223782,25.15504,60.212348,25.191254,60.20425,25.203949,60.200832,25.194672,60.200507,25.181407,60.190619,25.197113,60.183295,25.177013,60.175727,25.117035,60.176337,25.094737,60.183417,25.097423,60.18651,25.098969,60.190619,25.101573,60.177314,25.058604,60.168891,25.047862,60.162665,25.067393,60.156562,25.061046,60.156806,25.045258,60.147854,25.029307,60.151353,25.010753,60.162665,24.997895,60.169867,25.010753,60.183987,25.021495,60.199449,25.02589,60.211086,25.019054,60.212836,24.99879,60.199449,24.984548,60.151557,24.961192,60.143459,24.950938,60.140123,24.865733,60.143744,24.845225,60.155829,24.834158,60.161689,24.870942,60.179755,24.868826,60.194648,24.842459,60.190619,24.806814,60.162665,24.827322,60.158271,24.812511,60.146226,24.785899,60.142157,24.772634,60.138414,24.720958,60.132514,24.687755,60.130113,24.679698,60.125434,24.67335,60.118232,24.671153,60.105536,24.674815,60.101223,24.670258,60.100979,24.656423,60.109565,24.649587,60.120917,24.646169,60.129096,24.642263,60.136298,24.630626,60.153998,24.569102,60.155951,24.554047,60.152777,24.549001,60.142157,24.560395,60.13524,24.576671,60.132229,24.590831,60.127265,24.596853,60.114814,24.587657,60.107733,24.574718,60.10456,24.560557,60.099677,24.548025,60.087551,24.540375,60.101223,24.608165,60.091783,24.602712,60.084947,24.594249,60.07392,24.573985,60.066474,24.594493,60.060248,24.594493,60.035346,24.527029,60.005805,24.487641,59.996405,24.46811,59.992255,24.445649,59.99136,24.41627,60.005072,24.424327,60.037746,24.452973,60.046576,24.464122,60.047512,24.446137,60.035468,24.420909,60.00495,24.374766,60.02204,24.367686,60.016547,24.350271,60.003363,24.329763,59.997504,24.312673,60.014146,24.319102,60.021674,24.330577,60.026801,24.344249,60.036038,24.357677,60.043118,24.360362,60.051988,24.359711,60.062405,24.36085,60.07392,24.367931,60.075832,24.319672,60.072211,24.295909,60.060248,24.278575,60.052802,24.292247,60.041571,24.261078,60.03974,24.252452,60.039374,24.239024,60.046576,24.203949,60.048041,24.176524,60.043036,24.158458,60.034491,24.15797,60.025458,24.182953,60.019436,24.164236,60.021959,24.147716,60.027981,24.131847,60.032294,24.114757,60.031928,24.105968,60.020575,24.068126,60.020413,24.05836,60.025458,24.046397,60.009345,24.028168,60.010565,24.009613,60.020982,24.002615,60.032294,24.019216,60.03974,24.019216,60.038275,24.000824,60.031562,23.990245,60.021959,23.981944,60.011786,23.970714,60.003567,23.955333,59.999335,23.940684,59.993069,23.873057,59.95661,23.79949,59.967963,23.771251,59.95661,23.607595,59.961127,23.594493,59.973334,23.583832,59.977688,23.573497,59.977607,23.56186,59.968085,23.495453,59.957261,23.452973,59.95661,23.429454,59.971829,23.440603,60.011298,23.483572,60.019273,23.498302,60.02383,23.52711,60.02912,23.540863,60.036038,23.542735,60.044989,23.536143,60.053697,23.534353,60.063056,23.537364,60.07392,23.546153,60.06745,23.509613,60.0633,23.498302,60.055487,23.490245,60.045152,23.485688,60.036119,23.47877,60.032294,23.463878,60.027981,23.453787,60.017564,23.449392,60.005113,23.446056,59.994452,23.439708,59.988674,23.430186,59.980414,23.40797,59.97427,23.398692,59.94538,23.365001,59.923041,23.326427,59.898017,23.237153,59.886217,23.222341,59.867825,23.222179,59.851996,23.233165,59.847968,23.251313,59.841132,23.251313,59.82685,23.080577,59.820787,23.068126,59.826158,23.006847,59.823717,22.983897,59.818305,22.964854,59.811225,22.905121,59.813178,22.888194,59.819648,22.906016,59.842841,22.931407,59.847968,22.946137,59.851955,22.986583,59.886379,23.127452,59.888902,23.168142,59.910224,23.161143,59.91767,23.165863,59.917426,23.177094,59.915595,23.18922,59.916083,23.222423,59.922431,23.247081,59.936225,23.268891,59.958686,23.293712,59.979438,23.309093,60.009345,23.326427,60.029853,23.332856,60.022406,23.315929,59.948472,23.249766,59.929877,23.223399,59.929877,23.203624,59.933173,23.205089,59.939765,23.207286,59.943549,23.209727,59.948188,23.199718,59.950181,23.188813,59.94892,23.178071,59.943549,23.168142,59.936428,23.171235,59.942939,23.131847,59.93358,23.120942,59.923774,23.117849,59.923285,23.110688,59.929674,23.103689,59.940416,23.100597,59.970282,23.110688,59.97427,23.111339,59.9831,23.128184,59.997504,23.203624,60.008368,23.217947,60.033108,23.241384,60.03974,23.257579,60.049709,23.205089,60.039049,23.106212,60.03974,23.059418,60.044582,23.035492,60.051581,23.013357,60.062079,22.996918,60.077338,22.990733,60.089667,22.997244,60.101752,23.012869,60.121649,23.045909,60.135321,23.025401,60.128811,23.019867,60.112006,23.0088,60.107367,23.004893,60.103705,22.996755,60.098782,22.977875,60.094387,22.969493,60.110826,22.968272,60.121568,22.958669,60.127387,22.942556,60.131781,22.907888,60.144924,22.886974,60.149604,22.874685,60.159857,22.884776,60.169338,22.88559,60.177476,22.879161,60.183743,22.867198,60.231147,22.92156,60.245185,22.942882,60.277004,23.007579,60.292955,23.025401,60.302639,23.031261,60.319159,23.038097,60.327094,23.045909,60.33869,23.07252,60.345893,23.082856,60.355048,23.080577,60.357327,23.060313,60.34394,23.03419,60.323961,23.01059,60.306627,22.998057,60.316474,22.941173,60.301093,22.877126,60.238186,22.736176,60.219957,22.611176,60.205024,22.553396,60.20425,22.525076,60.213568,22.539806,60.232164,22.593435,60.234931,22.573497,60.242662,22.572032,60.262274,22.590343,60.268215,22.601085,60.278713,22.648123,60.275784,22.598399,60.270819,22.574555,60.252143,22.527354,60.247056,22.503591,60.245185,22.449474,60.252387,22.457774,60.258734,22.459239,60.26496,22.459158,60.272528,22.463064,60.276923,22.469412,60.28498,22.487478,60.301093,22.5088,60.318996,22.540294,60.33393,22.545665,60.363674,22.596365,60.375393,22.627615,60.389553,22.631358,60.399075,22.624278,60.375922,22.580821,60.372545,22.543468,60.375556,22.463064,60.402167,22.483572,60.382392,22.326182,60.382636,22.291515,60.386461,22.280121,60.404608,22.249522,60.430487,22.181488,60.434638,22.161143,60.436957,22.11671,60.444078,22.111013,60.456855,22.108165,60.462144,22.101085,60.447211,22.082693,60.436347,22.064464,60.438788,22.047048,60.457465,22.018077,60.459906,22.017426,60.468695,22.018565,60.471137,22.018077,60.471747,22.013438,60.47012,22.00172,60.471137,21.997569,60.475165,21.989024,60.476752,21.981944,60.48078,21.979177,60.492255,21.983897,60.492255,21.935395,60.499213,21.939708,60.51203,21.945649,60.518948,21.950369,60.52497,21.931651,60.528876,21.903168,60.529527,21.874034,60.525784,21.853526,60.51553,21.843923,60.50373,21.848481,60.477973,21.874034,60.485419,21.828624,60.485989,21.806,60.477973,21.78533,60.495103,21.789561,60.525133,21.802989,60.54682,21.805675,60.561957,21.805349,60.575588,21.807872,60.585028,21.819591,60.587836,21.846039,60.596503,21.833263,60.606391,21.828461,60.617133,21.830903,60.62873,21.840505,60.603949,21.773936,60.590969,21.754242,60.581732,21.731781,60.576483,21.678966,60.567328,21.661794,60.559068,21.660167,60.545233,21.668956,60.536322,21.664806,60.530341,21.658702,60.525946,21.65561,60.519843,21.65447,60.508979,21.654307,60.495754,21.641449,60.488837,21.612071,60.48786,21.579845,60.492255,21.558116,60.505032,21.583751,60.526435,21.569672,60.567328,21.517751,60.568061,21.533458,60.559882,21.578624,60.567328,21.578624,60.57217,21.555024,60.574164,21.486095,60.567694,21.4546,60.567328,21.442638,60.569892,21.434337,60.578437,21.418468,60.58039,21.408539,60.587836,21.408539,60.588446,21.41505,60.589911,21.419444,60.594062,21.428396,60.608303,21.414806,60.6022,21.44516,60.601752,21.462657,60.608303,21.469981,60.62873,21.42156,60.634101,21.399913,60.64704,21.379649,60.662787,21.363048,60.676581,21.353282,60.681708,21.354015,60.682929,21.355805,60.684394,21.356212,60.690172,21.353282,60.679633,21.425955,60.680325,21.438975,60.692857,21.445649,60.70303,21.440929,60.712958,21.431163,60.725002,21.42213,60.725002,21.469981,60.731147,21.469981,60.732245,21.448497,60.736518,21.427094,60.743476,21.406505,60.752346,21.38738,60.758246,21.403331,60.75967,21.411632,60.759101,21.42213,60.774563,21.400238,60.779242,21.387706,60.779608,21.374278,60.793402,21.38087,60.807603,21.374278,60.81623,21.36085,60.813137,21.346446,60.817125,21.339041,60.821845,21.333263,60.827541,21.328868,60.834866,21.325938,60.844713,21.336436,60.864691,21.318533,60.868354,21.33253,60.863186,21.382335,60.864569,21.407888,60.8758,21.428396,60.880316,21.417328,60.882025,21.405935,60.882025,21.38087,60.884589,21.373709,60.902533,21.353282,60.904853,21.36378,60.914618,21.381684,60.916815,21.390798,60.914049,21.399669,60.908271,21.4074,60.903225,21.416189,60.902533,21.428396,60.912909,21.422211,60.924302,21.417817,60.933498,21.412771,60.937242,21.40447,60.939032,21.392589,60.943671,21.387869,60.950263,21.385509,60.957709,21.380544,61.004584,21.335704,61.012356,21.318533,61.023912,21.332856,61.026597,21.339041,61.037543,21.311534,61.046047,21.302094,61.060126,21.298676,61.060207,21.320323,61.044745,21.364268,61.040269,21.38738,61.04328,21.408865,61.048163,21.408132,61.050727,21.407725,61.057929,21.391368,61.060126,21.366954,61.069403,21.395274,61.054999,21.453868,61.060126,21.48227,61.06684,21.468272,61.078192,21.454845,61.090766,21.45045,61.101142,21.463145,61.12523,21.452403,61.135159,21.446056,61.142727,21.435232,61.143052,21.445079,61.149563,21.469981,61.149359,21.462657,61.150214,21.455821,61.15233,21.449067,61.155748,21.442638,61.169989,21.456309,61.169989,21.442638,61.176174,21.455821,61.178168,21.471039,61.177436,21.503429,61.187445,21.498871,61.191107,21.496593,61.199693,21.526622,61.204169,21.558116,61.225084,21.543468,61.234605,21.524099,61.245754,21.476085,61.256171,21.485606,61.261054,21.49936,61.266832,21.508311,61.279853,21.503429,61.279853,21.544444,61.287299,21.544444,61.292711,21.542003,61.310777,21.544444,61.320868,21.544444,61.32689,21.542003,61.329495,21.53419,61.334459,21.530772,61.340522,21.529959,61.349677,21.531749,61.354967,21.530772,61.375312,21.524262,61.381578,21.518403,61.389106,21.503429,61.393256,21.490082,61.398424,21.462087,61.402777,21.448904,61.411566,21.477875,61.408393,21.541677,61.416409,21.572439,61.43122,21.557872,61.442125,21.542247,61.457994,21.510265,61.475043,21.442068,61.485338,21.42213,61.475165,21.555675,61.485338,21.592133,61.514106,21.571137,61.519477,21.565603,61.521796,21.550955,61.517401,21.524262,61.519477,21.510265,61.54682,21.469981,61.557766,21.461925,61.562405,21.460134,61.564439,21.466482,61.567857,21.48227,61.570136,21.507986,61.545885,21.623383,61.524482,21.68686,61.519477,21.716319,61.526923,21.716319,61.560289,21.648123,61.585435,21.614268,61.628119,21.591807,61.635565,21.573253,61.640774,21.552501,61.649848,21.537608,61.658026,21.536143,61.672838,21.544119,61.680243,21.541026,61.705064,21.517751,61.711249,21.517751,61.708197,21.536306,61.695014,21.570323,61.697659,21.585948,61.713324,21.559337,61.736965,21.489268,61.759711,21.469981,61.771918,21.472667,61.78559,21.481944,61.79914,21.489024,61.811184,21.486095,61.81684,21.472504,61.819973,21.455577,61.826321,21.444591,61.84162,21.448904,61.862535,21.418468,61.87641,21.403168,61.88939,21.394216,61.893134,21.403575,61.900092,21.411957,61.906887,21.414073,61.913235,21.393565,61.921129,21.389496,61.930406,21.387218,61.937812,21.380544,61.939114,21.37143,61.937812,21.325694,61.939195,21.316742,61.939846,21.312511,61.94892,21.290212,61.951483,21.277517,61.97134,21.294932,61.97956,21.280528,61.985012,21.236583,62.050198,21.276215,62.074937,21.284353,62.121568,21.289073,62.130439,21.296397,62.109117,21.312266,62.138129,21.329112,62.152574,21.33253,62.163764,21.325938,62.175727,21.340343,62.186469,21.371104,62.194485,21.383962,62.208157,21.389903,62.217841,21.38087,62.232001,21.353282,62.266791,21.374278,62.266018,21.352306,62.255194,21.340017,62.241441,21.329356,62.232001,21.312266,62.248236,21.316173,62.277167,21.328461,62.294094,21.332774,62.340562,21.333507,62.355536,21.339041,62.345282,21.28533,62.349311,21.270681,62.359198,21.262462,62.371975,21.260427,62.385199,21.26531,62.39647,21.277517,62.410793,21.270681,62.359687,21.205089,62.349189,21.202403,62.335028,21.216075,62.337063,21.194347,62.352444,21.189789,62.37287,21.195079,62.390326,21.202403,62.391506,21.196544,62.39525,21.187022,62.39647,21.181326,62.408393,21.189464,62.413235,21.194591,62.417629,21.202403,62.42357,21.186046,62.421332,21.166759,62.413804,21.147797,62.403957,21.133556,62.416693,21.131358,62.447089,21.149181,62.464789,21.154552,62.457994,21.136974,62.45482,21.124278,62.46015,21.116384,62.47842,21.113048,62.495795,21.115571,62.509996,21.124278,62.520697,21.137869,62.527493,21.154552,62.535549,21.148774,62.554145,21.12672,62.562812,21.146821,62.575751,21.167328,62.584866,21.188162,62.582099,21.209239,62.600898,21.193533,62.609442,21.121593,62.623033,21.106212,62.619452,21.094086,62.612698,21.083263,62.595771,21.065196,62.620103,21.067882,62.659247,21.083181,62.67829,21.078949,62.680894,21.098888,62.690172,21.125743,62.703803,21.149669,62.719306,21.160818,62.73017,21.160167,62.731757,21.15561,62.730414,21.148611,62.732896,21.140391,62.74372,21.122813,62.749661,21.116466,62.767035,21.107921,62.781195,21.113536,62.790839,21.12908,62.794379,21.15089,62.784613,21.171072,62.782375,21.18336,62.790676,21.188813,62.792914,21.192231,62.807603,21.209646,62.814846,21.216075,62.831041,21.221934,62.845649,21.222667,62.858466,21.226736,62.869452,21.243419,62.869045,21.267426,62.855455,21.335704,62.859524,21.3567,62.865424,21.364268,62.874579,21.382823,62.880316,21.390798,62.887356,21.395518,62.900702,21.399669,62.913804,21.40919,62.934882,21.420095,62.941799,21.42213,62.944037,21.427501,62.951402,21.463145,62.987006,21.446544,63.005072,21.442719,63.027086,21.442638,63.034369,21.441742,63.037787,21.440766,63.04092,21.444102,63.047553,21.456309,63.047919,21.467052,63.043036,21.475271,63.043036,21.480479,63.058173,21.48227,63.071723,21.495128,63.063951,21.523448,63.040758,21.565196,63.034857,21.59547,63.023871,21.625743,63.01789,21.656749,63.027086,21.688487,63.055243,21.645681,63.083726,21.579112,63.09512,21.559581,63.108588,21.553233,63.123358,21.572439,63.119696,21.560069,63.117906,21.545909,63.119696,21.531993,63.126776,21.520844,63.1376,21.516775,63.148017,21.517833,63.155463,21.516124,63.157457,21.503429,63.168402,21.510509,63.172065,21.522227,63.171129,21.551931,63.177924,21.551931,63.185004,21.512869,63.19245,21.500987,63.20897,21.496593,63.217434,21.504893,63.225409,21.523774,63.231024,21.544444,63.232611,21.558116,63.203925,21.615408,63.197659,21.647227,63.21955,21.667979,63.210191,21.687999,63.202338,21.714692,63.199652,21.742361,63.205878,21.764171,63.210883,21.749034,63.215318,21.717947,63.21955,21.702647,63.225775,21.702647,63.239407,21.743663,63.241523,21.758067,63.239407,21.79835,63.24372,21.8213,63.259426,21.869884,63.260484,21.894542,63.245429,21.884451,63.235907,21.88266,63.196601,21.891449,63.188178,21.889903,63.177924,21.88087,63.175442,21.905528,63.143215,21.983897,63.164984,21.972179,63.18476,21.955903,63.19123,21.98406,63.196438,21.994395,63.205878,22.004405,63.215766,22.01002,63.224311,22.012543,63.232001,22.015961,63.239407,22.02475,63.245592,22.043142,63.240912,22.053559,63.232123,22.061371,63.225775,22.072032,63.225775,22.087576,63.236274,22.114024,63.239407,22.127208,63.237982,22.139496,63.231757,22.15919,63.232611,22.175059,63.2355,22.180186,63.240058,22.181163,63.244452,22.180837,63.246812,22.181895,63.246405,22.187266,63.244127,22.194998,63.24136,22.201427,63.239407,22.202973,63.267076,22.24464,63.285346,22.266368,63.301459,22.278087,63.301459,22.284923,63.275865,22.307628,63.28384,22.330089,63.305609,22.352224,63.321357,22.373709,63.32689,22.363943,63.334215,22.357188,63.34927,22.346934,63.359687,22.333832,63.372707,22.305349,63.40644,22.255382,63.411322,22.250499,63.411811,22.232921,63.414374,22.218272,63.420315,22.205821,63.43122,22.195567,63.458441,22.190929,63.470893,22.21339,63.469631,22.246755,63.455715,22.274669,63.435858,22.304942,63.430406,22.335216,63.42829,22.366954,63.418158,22.401622,63.460517,22.318207,63.487616,22.279959,63.513739,22.271251,63.52619,22.281423,63.529731,22.292247,63.527411,22.319347,63.523342,22.337413,63.513617,22.337087,63.502346,22.331228,63.493232,22.333344,63.487494,22.355479,63.485419,22.380219,63.476955,22.396821,63.452338,22.394786,63.456936,22.4074,63.468004,22.423676,63.472805,22.435802,63.47956,22.435802,63.488756,22.428396,63.497382,22.431488,63.506537,22.43865,63.517483,22.442638,63.518134,22.445486,63.554755,22.463064,63.561835,22.472423,63.56684,22.483735,63.573472,22.493175,63.585761,22.497244,63.587104,22.503429,63.575181,22.545665,63.587714,22.537771,63.622992,22.497244,63.635972,22.514415,63.640611,22.522227,63.64411,22.531993,63.650865,22.52947,63.653876,22.527843,63.657701,22.525076,63.653144,22.567393,63.65705,22.585704,63.674506,22.593435,63.694159,22.591075,63.703315,22.589041,63.704291,22.594086,63.699286,22.613292,63.687445,22.627778,63.683092,22.637055,63.688463,22.641124,63.698554,22.644867,63.703762,22.654063,63.704779,22.665212,63.702379,22.675304,63.693793,22.690766,63.683417,22.702322,63.671332,22.707042,63.657701,22.702647,63.649888,22.713227,63.62759,22.73406,63.622992,22.740489,63.624091,22.755219,63.627509,22.773448,63.633002,22.790538,63.640326,22.802257,63.643744,22.810232,63.644192,22.820486,63.646226,22.829275,63.654364,22.833018,63.661811,22.833018,63.667304,22.833507,63.672105,22.835704,63.677639,22.840343,63.687161,22.855479,63.695217,22.886974,63.705512,22.901866,63.712307,22.885265,63.72602,22.833018,63.72602,22.901866,63.742133,22.882091,63.746527,22.874685,63.740058,22.900401,63.739203,22.914724,63.743394,22.925792,63.748765,22.928477,63.756903,22.929861,63.76435,22.92921,63.767564,22.925792,63.772406,22.907725,63.783271,22.898774,63.794867,22.902517,63.801703,22.922374,63.800482,22.942882,63.79328,22.954845,63.770982,22.973155,63.761298,22.990001,63.763617,23.000662,63.773749,23.001801,63.787502,22.990733,63.787624,22.990733,63.800727,22.99464,63.80622,22.994477,63.815375,22.990733,63.841295,23.047618,63.852973,23.062836,63.857367,23.074962,63.849555,23.121349,63.852484,23.132579,63.858466,23.142345,63.863471,23.153494,63.864895,23.151215,63.869452,23.141612,63.875963,23.141856,63.883694,23.15504,63.886949,23.167328,63.890611,23.197927,63.888902,23.275238,63.894232,23.306488,63.910956,23.326427,63.89883,23.350759,63.900621,23.372813,63.911078,23.394216,63.924628,23.415782,63.9383,23.384776,63.946519,23.37086,63.956,23.37086,63.96894,23.378754,63.978746,23.37672,63.987535,23.37086,63.99726,23.367442,64.003241,23.369884,64.048163,23.381602,64.056138,23.396495,64.05622,23.415212,64.048163,23.449962,64.045478,23.456554,64.037909,23.46754,64.035102,23.477306,64.035956,23.487559,64.039455,23.496755,64.041653,23.506602,64.031887,23.538341,64.027655,23.604503,64.038031,23.619802,64.061103,23.605968,64.084662,23.581716,64.096584,23.566091,64.107245,23.573578,64.108547,23.58546,64.10342,23.614431,64.107123,23.622081,64.124416,23.644786,64.130072,23.656016,64.143297,23.66033,64.155341,23.679535,64.166693,23.704275,64.168077,23.706472,64.178534,23.723643,64.178534,23.716807,64.194281,23.719412,64.20893,23.724376,64.216213,23.735688,64.20954,23.75766,64.20893,23.772716,64.220649,23.819102,64.226874,23.833507,64.236151,23.841645,64.26789,23.861095,64.266099,23.881602,64.254706,23.92449,64.246772,23.94337,64.25849,23.934581,64.271186,23.927582,64.285468,23.925141,64.301418,23.929047,64.316555,23.940929,64.33515,23.971202,64.349799,23.984223,64.379869,23.996104,64.389106,24.004405,64.39765,24.025401,64.405585,24.068614,64.41474,24.084727,64.431708,24.080577,64.430406,24.093272,64.43122,24.104828,64.434801,24.115489,64.442328,24.125011,64.440823,24.129161,64.452216,24.169281,64.452216,24.20574,64.456,24.210785,64.47309,24.21046,64.481024,24.21225,64.487006,24.217784,64.489163,24.229503,64.485989,24.257579,64.490058,24.268891,64.497626,24.275157,64.510159,24.280935,64.51496,24.285981,64.52204,24.306326,64.524604,24.325694,64.530748,24.344086,64.548407,24.361095,64.555365,24.360118,64.564521,24.355642,64.572414,24.354991,64.579535,24.373871,64.587795,24.374522,64.59516,24.37086,64.596869,24.367931,64.617255,24.375499,64.628648,24.38266,64.651435,24.408865,64.659084,24.414317,64.668036,24.418305,64.675605,24.422862,64.678778,24.429373,64.681098,24.441173,64.699286,24.470958,64.710028,24.511567,64.717841,24.530284,64.733385,24.546072,64.744127,24.536469,64.747707,24.5324,64.753852,24.5324,64.764716,24.543712,64.770901,24.55714,64.781195,24.587657,64.796576,24.550059,64.805325,24.538422,64.809149,24.556651,64.807929,24.57838,64.788642,24.658539,64.78913,24.668305,64.794867,24.676524,64.799547,24.676768,64.807074,24.665701,64.812567,24.662771,64.829739,24.670665,64.834703,24.689626,64.835842,24.7317,64.855373,24.736339,64.86579,24.773123,64.873114,24.896983,64.916083,25.073741,64.918362,25.094737,64.914455,25.112315,64.905097,25.121755,64.893785,25.129731,64.884223,25.14324,64.883857,25.151052,64.886705,25.158458,64.888414,25.166677,64.884223,25.177257,64.87995,25.179861,64.86579,25.18393,64.860663,25.187266,64.849189,25.202485,64.841457,25.217621,64.837104,25.235606,64.835842,25.259288,64.829576,25.259288,64.829535,25.249766,64.828111,25.241547,64.82274,25.225108,64.816474,25.259532,64.829576,25.354828,64.833075,25.362153,64.851711,25.350434,64.860663,25.351817,64.89175,25.36671,64.898505,25.3685,64.911119,25.359548,64.911566,25.34783,64.906928,25.334809,64.904731,25.3213,64.908881,25.306326,64.922309,25.279796,64.929023,25.241222,64.93891,25.223481,64.966783,25.190929,64.969794,25.196056,64.977484,25.206228,64.980414,25.211436,64.98664,25.203949,64.990546,25.220958,64.983588,25.321625,64.97724,25.340099,64.959947,25.375987,64.95189,25.399099,64.948879,25.42156,64.95307,25.438162,64.966783,25.443533,64.980292,25.43629,64.989081,25.424327,64.998603,25.416759,65.014594,25.423106,65.019924,25.416189,65.024482,25.413097,65.029242,25.413259,65.035061,25.41627,65.047675,25.392589,65.055976,25.38087,65.065741,25.375987,65.076361,25.37436,65.084418,25.369965,65.090766,25.363536,65.096503,25.355479,65.109809,25.324067,65.123765,25.211436,65.145738,25.218272,65.156643,25.225841,65.172187,25.259288,65.180406,25.272634,65.191392,25.282481,65.204779,25.285655,65.219957,25.279796,65.219062,25.292166,65.219672,25.304454,65.222113,25.316254,65.226874,25.327485,65.22842,25.320649,65.232733,25.307872,65.233629,25.300141,65.249091,25.308849,65.254136,25.313813,65.259508,25.297211,65.261135,25.289073,65.260972,25.279796,65.271145,25.2942,65.302151,25.307872,65.31623,25.3213,65.319322,25.317393,65.32685,25.310802,65.32982,25.306977,65.331366,25.316254,65.333564,25.322439,65.343492,25.334972,65.377631,25.266124,65.381171,25.28004,65.381578,25.306895,65.385077,25.3213,65.39053,25.330089,65.405748,25.34669,65.411811,25.355479,65.428534,25.344493,65.465522,25.358653,65.484117,25.351817,65.506781,25.323578,65.525092,25.293712,65.557278,25.219005,65.562649,25.197113,65.562242,25.170095,65.559027,25.146821,65.561103,25.124848,65.57689,25.101573,65.585028,25.096365,65.591905,25.093191,65.594957,25.091807,65.60517,25.08546,65.614163,25.074229,65.617255,25.06072,65.614163,25.035818,65.620998,25.022472,65.627021,25.004893,65.622789,24.957205,65.624091,24.937185,65.630439,24.924083,65.645941,24.906098,65.651353,24.895518,65.659125,24.859141,65.662177,24.819509,65.659735,24.780284,65.651353,24.745291,65.637885,24.719086,65.633287,24.706798,65.631537,24.687022,65.635443,24.675792,65.644965,24.671072,65.683417,24.670177,65.690863,24.667735,65.695054,24.659679,65.709174,24.596528,65.716864,24.583995,65.730658,24.567719,65.745103,24.554861,65.763495,24.550466,65.78913,24.560395,65.808173,24.575369,65.860582,24.632009,65.879462,24.645763,65.885565,24.653656,65.891588,24.670258,65.894477,24.697602,65.899237,24.70753,65.912095,24.710623,65.903998,24.694591,65.891588,24.642263,65.890937,24.634451,65.891303,24.625336,65.889228,24.617931,65.881334,24.615001,65.870795,24.615489,65.866156,24.614513,65.864325,24.611583,65.854315,24.587169,65.808987,24.54363,65.796047,24.518809,65.795152,24.494395,65.797187,24.473481,65.796942,24.452973,65.78913,24.430512,65.7862,24.427989,65.781684,24.426117,65.776597,24.422862,65.771796,24.415701,65.769232,24.404796,65.779202,24.357107,65.797919,24.327891,65.802232,24.316661,65.809394,24.277843,65.822699,24.238292,65.809027,24.248302,65.794135,24.251231,65.781562,24.244314,65.774888,24.22462,65.778754,24.206228,65.790229,24.188243,65.804185,24.173025,65.815863,24.163097,65.822699,24.163097,65.840788,24.163414,65.8689,24.12445,65.908588,24.102332,65.928018,24.075977,65.947914,24.05479,65.970109,24.05696,65.985172,24.055306,66.034989,24.029778,66.048941,24.01965,66.055607,24.009418,66.066356,23.98513,66.072816,23.974588,66.081601,23.965596,66.148625,23.911439,66.161105,23.889322,66.176685,23.785555,66.189656,23.750002,66.206632,23.724164,66.25699,23.689437,66.282984,23.680652,66.305463,23.665976,66.316522,23.662772,66.326392,23.664426,66.339518,23.673004,66.350008,23.676415,66.363625,23.677035,66.381789,23.671661,66.395302,23.670214,66.40556,23.665873,66.42406,23.646649,66.436256,23.642308,66.458839,23.652437,66.474006,23.676828,66.482971,23.706077,66.487157,23.731089,66.503125,23.731089,66.511859,23.755066,66.518422,23.785866,66.528137,23.806123,66.539247,23.807673,66.554595,23.86121,66.563535,23.88188,66.578883,23.891492,66.59604,23.893249,66.614075,23.889115,66.6318,23.88188,66.647871,23.891596,66.666371,23.899037,66.686318,23.903171,66.706885,23.902964,66.743576,23.891699,66.750914,23.892422,66.77298,23.924772,66.791118,23.939241,66.793547,23.961049,66.792978,23.984406,66.796286,23.999186,66.8052,24.004043,66.812435,24.001253,66.861889,23.960842,66.888761,23.93335,66.903411,23.912369,66.92465,23.873612,66.9755,23.816665,66.988935,23.792067,66.994284,23.761681,67.001028,23.743801,67.016867,23.72034,67.049526,23.683856,67.058492,23.676725,67.065701,23.672591,67.074227,23.670627,67.087069,23.670214,67.097921,23.666596,67.104019,23.658018,67.108566,23.647786,67.129263,23.620501,67.140296,23.5989,67.153137,23.58133,67.173033,23.573992,67.180888,23.586498,67.190267,23.597557,67.201222,23.607065,67.213986,23.61492,67.217965,23.59673,67.225019,23.591459,67.244424,23.594559,67.260263,23.602724,67.269022,23.622258,67.289692,23.735429,67.306487,23.763231,67.337519,23.785659,67.346226,23.751449,67.369532,23.751346,67.397541,23.763231,67.420072,23.765195,67.427307,23.752586,67.431415,23.730778,67.436221,23.662669,67.45361,23.594559,67.452008,23.553838,67.444825,23.514254,67.443817,23.477151,67.461025,23.443664,67.48552,23.431262,67.504718,23.443457,67.522443,23.465988,67.542958,23.484695,67.554999,23.47343,67.566316,23.499475,67.577013,23.535442,67.587038,23.553528,67.610913,23.550324,67.626674,23.542573,67.652823,23.518802,67.669256,23.51074,67.708995,23.499475,67.724808,23.488416,67.737159,23.484592,67.796225,23.484695,67.816999,23.479734,67.841338,23.476737,67.864644,23.481285,67.882163,23.498855,67.89317,23.532548,67.902988,23.603344,67.913478,23.636107,67.932857,23.661222,67.950427,23.662152,67.963191,23.643135,67.97332,23.573682,68.015901,23.484695,68.024324,23.457307,68.051248,23.382996,68.059981,23.374831,68.068456,23.371214,68.127781,23.330906,68.138271,23.319847,68.145609,23.306515,68.144989,23.272098,68.122251,23.187246,68.122045,23.165645,68.127574,23.158824,68.128349,23.154586,68.130261,23.151692,68.139408,23.149419,68.144834,23.149832,68.153774,23.154483,68.178734,23.159754,68.186692,23.158514,68.19403,23.149419,68.217439,23.155206,68.234182,23.140013,68.255525,23.094848,68.265292,23.081619,68.273818,23.076451,68.281931,23.073558,68.290251,23.066943,68.29821,23.052164,68.336605,22.903749,68.351075,22.87512,68.384768,22.833366,68.394896,22.808251,68.385491,22.748616,68.398772,22.719057,68.416755,22.690222,68.427401,22.662213,68.427297,22.643403,68.425075,22.625833,68.42492,22.607643,68.436289,22.565165,68.438201,22.521343,68.451792,22.456851,68.454117,22.377993,68.456339,22.373962,68.466158,22.374582,68.46838,22.371068,68.476131,22.303062,68.47701,22.072172,68.488275,22.038375,68.492926,22.036722,68.500058,22.037445,68.506517,22.036102,68.509359,22.028763,68.510445,22.024216,68.516439,22.012124,68.525844,21.998481,68.54083,21.969852,68.546928,21.963961,68.568219,21.919209,68.587908,21.737102,68.619224,21.716845,68.633538,21.661551,68.667386,21.572461,68.675499,21.495669,68.686868,21.46363,68.69648,21.451538,68.727486,21.421255,68.738751,21.415261,68.74888,21.406373,68.753841,21.385909,68.754047,21.314699,68.755804,21.305397,68.759215,21.300953,68.768207,21.293718,68.770015,21.288344,68.776423,21.275734,68.817248,21.216617,68.841742,21.152848,68.869441,21.072129,68.894607,20.905731,68.9067,20.884544,68.92706,20.887644,68.932951,20.917824,68.949023,20.934257,68.966954,20.934567,68.9807,20.911209,68.986281,20.863977,69.011241,20.79535,69.018166,20.675461,69.036356,20.623165,69.098781,20.716595,69.104362,20.744397,69.041007,21.032545,69.036666,21.071509,69.043797,21.099001,69.087619,21.156362,69.181205,21.033579,69.214949,21.063034,69.230142,21.079674,69.239496,21.098381,69.291431,21.313562,69.27138,21.638813,69.263215,21.662894,69.065703,21.9461,69.012016,22.023079,68.956102,22.160745,68.9437,22.174388,68.918637,22.18865,68.908457,22.200226,68.857452,22.277224,68.832751,22.356805,68.822622,22.371378,68.731826,22.3967,68.712913,22.409205,68.710071,22.428739,68.726039,22.542944,68.726814,22.570126,68.724643,22.596481,68.675706,22.851659,68.686713,23.019297,68.680874,23.071491,68.670125,23.097949,68.621652,23.17536,68.618035,23.197581,68.685628,23.481595,68.694981,23.641585,68.715445,23.734809,68.755959,23.767985,68.799781,23.787209,68.816679,23.852631,68.816214,23.929009,68.776165,24.131167,68.754822,24.163724,68.744539,24.186875,68.708624,24.332499,68.689193,24.481327,68.666094,24.663435,68.637879,24.754179,68.594109,24.829626,68.563413,24.860942,68.554835,24.879235,68.556953,24.905177,68.570389,24.927088,68.588269,24.938147,68.605064,24.951789,68.615089,24.981245,68.614573,25.006876,68.631419,25.070955,68.633745,25.097827,68.637672,25.117567,68.647646,25.13245,68.668006,25.144232,68.676584,25.13214,68.682682,25.13276,68.688315,25.138755,68.695963,25.143095,68.742627,25.144852,68.764641,25.149607,68.784588,25.162732,68.812648,25.201283,68.874557,25.387215,68.883859,25.43393,68.887734,25.481059,68.872128,25.602447,68.874143,25.627769,68.883497,25.651643,68.897398,25.666216,68.912539,25.678411,68.925613,25.694845,68.94246,25.726367,68.952537,25.737426,68.965869,25.742697,68.978375,25.753859,68.993309,25.79582,69.006125,25.804709,69.013153,25.801091,69.018166,25.792926,69.0254,25.773806,69.030671,25.765848,69.035167,25.764608,69.039198,25.765745,69.043384,25.765125,69.059248,25.750242,69.065553,25.749415,69.075113,25.757166,69.082038,25.759027,69.115162,25.760474,69.119193,25.762437,69.122707,25.766365,69.12741,25.769982,69.135109,25.771222,69.142137,25.768328,69.159552,25.755306,69.165185,25.749932,69.191333,25.734119,69.218205,25.737219,69.29882,25.77453,69.312773,25.786622,69.370806,25.877366,69.379074,25.872612,69.417779,25.841399,69.440982,25.86579,69.447028,25.877469,69.455193,25.886668,69.479119,25.885737,69.490902,25.892145,69.501857,25.906408,69.509143,25.901447,69.514828,25.890595,69.520874,25.886668,69.532036,25.900207,69.548676,25.960255,69.565419,25.986196,69.587175,26.003973,69.610843,26.00511,69.633477,25.981132,69.642675,25.964389,69.652545,25.961702,69.663191,25.968833,69.67487,25.981339,69.689339,26.00511,69.696677,26.031982,69.71125,26.18143,69.715436,26.198276,69.722877,26.210989,69.73192,26.222978,69.758275,26.268246,69.794914,26.316822,69.835635,26.418728,69.856047,26.447874,69.874237,26.435885,69.881756,26.44591,69.899404,26.48105,69.918317,26.500687,69.925242,26.533863,69.935061,26.706979,69.928394,26.771885,69.938084,26.864592,69.934337,26.895702,69.920152,26.951099,69.923278,26.981071,69.922451,27.007529,69.902944,27.08122,69.901755,27.10034,69.929479,27.3118,69.948703,27.352418,69.950744,27.34508,69.957462,27.330507,69.959684,27.323169,69.968624,27.334538,69.971286,27.349111,69.971751,27.364975,69.974257,27.380943,70.003222,27.445229,70.023582,27.563309,70.040894,27.570906,70.062055,27.612557,70.068282,27.66506,70.058929,27.792184,70.07531,27.866908,70.070685,27.897294
