P,16777151,-20.873224,55.501313,-20.875177,55.514008,-20.87005,55.52711,-20.875095,55.542491,-20.87477,55.57838,-20.880304,55.592296,-20.888279,55.605805,-20.898045,55.650645,-20.905206,55.663829,-20.913181,55.673839,-20.935235,55.695323,-20.949395,55.70281,-20.98211,55.706554,-20.993585,55.712087,-21.017836,55.736583,-21.024672,55.740001,-21.044529,55.741466,-21.05462,55.743663,-21.062595,55.746837,-21.06699,55.753103,-21.073826,55.770518,-21.079278,55.774181,-21.083917,55.77589,-21.103448,55.787852,-21.111993,55.801768,-21.126153,55.837576,-21.137628,55.849864,-21.156996,55.854503,-21.173761,55.849132,-21.190525,55.840587,-21.264337,55.824229,-21.285089,55.821951,-21.303643,55.82252,-21.324965,55.820811,-21.342543,55.812022,-21.349867,55.79127,-21.348891,55.755707,-21.351658,55.737966,-21.367446,55.706554,-21.370782,55.683116,-21.369561,55.659923,-21.363539,55.643809,-21.369399,55.626801,-21.370375,55.601573,-21.367934,55.575043,-21.363539,55.554454,-21.355076,55.53712,-21.333673,55.505626,-21.326918,55.475434,-21.311619,55.434337,-21.302016,55.417817,-21.29339,55.409841,-21.284438,55.404145,-21.277602,55.397797,-21.274835,55.387055,-21.274591,55.354503,-21.271417,55.34962,-21.257501,55.342296,-21.219415,55.307628,-21.19964,55.295584,-21.176446,55.291026,-21.158868,55.290782,-21.14365,55.288422,-21.090916,55.246349,-21.069268,55.233246,-21.048272,55.225434,-21.029718,55.225434,-21.009698,55.231212,-20.993422,55.241873,-20.980239,55.275401,-20.964776,55.287852,-20.94671,55.292328,-20.932224,55.287446,-20.926365,55.293468,-20.921808,55.295421,-20.91725,55.293468,-20.911716,55.287446,-20.905206,55.302989,-20.905043,55.335948,-20.886163,55.364024,-20.863214,55.40797,-20.861423,55.455821,-20.863214,55.472504,-20.873224,55.501313
P,16777151,-12.804864,45.282563,-12.804864,45.275727,-12.76336,45.262218,-12.747491,45.27711,-12.743422,45.282563,-12.759861,45.289317,-12.774021,45.290863,-12.788344,45.288422,-12.804864,45.282563
P,16777151,-12.663263,45.09018,-12.667657,45.083995,-12.667087,45.090505,-12.669041,45.093516,-12.672052,45.094981,-12.674493,45.097179,-12.685805,45.110606,-12.707452,45.128917,-12.714939,45.138682,-12.718194,45.152599,-12.71795,45.183767,-12.722914,45.200694,-12.734063,45.217621,-12.745701,45.224783,-12.759535,45.224946,-12.77752,45.220551,-12.8117,45.196951,-12.817071,45.188162,-12.82879,45.188731,-12.840509,45.19516,-12.851821,45.213145,-12.86533,45.210948,-12.878513,45.204356,-12.883966,45.200694,-12.904962,45.191661,-12.924005,45.175304,-12.944268,45.168224,-12.968845,45.186371,-12.975763,45.182302,-12.981052,45.178071,-12.98504,45.173025,-12.98919,45.165863,-12.978611,45.159923,-12.979669,45.153087,-12.985772,45.144298,-12.98919,45.131847,-12.986261,45.120616,-12.981052,45.113292,-12.978123,45.1067,-12.982354,45.097179,-12.967869,45.098481,-12.958185,45.094493,-12.953709,45.084972,-12.955011,45.070323,-12.948907,45.070323,-12.940362,45.08839,-12.924005,45.09018,-12.908298,45.081228,-12.898533,45.062511,-12.893162,45.065278,-12.88836,45.072927,-12.887384,45.083995,-12.891046,45.090099,-12.911716,45.107921,-12.921482,45.124766,-12.916925,45.134125,-12.903904,45.136485,-12.887384,45.131847,-12.875095,45.123871,-12.863377,45.113292,-12.839044,45.083995,-12.833429,45.097992,-12.832778,45.104503,-12.825942,45.104503,-12.817478,45.098643,-12.80283,45.094249,-12.773858,45.090831,-12.759698,45.087169,-12.753595,45.07838,-12.750095,45.067149,-12.743422,45.056651,-12.734308,45.04949,-12.725193,45.045177,-12.713962,45.042979,-12.698419,45.042491,-12.647231,45.090831,-12.653578,45.094737,-12.656508,45.095958,-12.660821,45.097179,-12.661879,45.092784,-12.663263,45.09018
P,16777151,5.715919,-53.815651,5.714836,-53.808288,5.720605,-53.811424,5.731694,-53.832423,5.733223,-53.824525,5.73106,-53.810333,5.714156,-53.776742,5.696699,-53.750213,5.684203,-53.732404,5.674414,-53.714581,5.663456,-53.695596,5.617772,-53.582583,5.599942,-53.547139,5.580775,-53.517322,5.572105,-53.49521,5.569525,-53.481801,5.560946,-53.448249,5.561832,-53.40781,5.543917,-53.336394,5.535476,-53.30271,5.538192,-53.277452,5.529888,-53.263918,5.509752,-53.24767,5.495307,-53.230092,5.502346,-53.207916,5.514037,-53.207775,5.51706,-53.225208,5.529745,-53.244027,5.545825,-53.264782,5.550301,-53.282706,5.548902,-53.289512,5.55471,-53.291411,5.561879,-53.28117,5.56036,-53.271476,5.548627,-53.251664,5.536336,-53.221186,5.524432,-53.177632,5.51413,-53.155399,5.50477,-53.130247,5.472154,-53.082509,5.459662,-53.046213,5.450751,-53.005849,5.458642,-53.001365,5.457624,-52.994581,5.443867,-52.965097,5.405668,-52.896519,5.341883,-52.829102,5.316884,-52.783168,5.267352,-52.752949,5.210354,-52.681223,5.079006,-52.540924,5.073432,-52.529856,5.070746,-52.526112,5.064521,-52.526682,5.057929,-52.527984,5.053616,-52.526723,5.05268,-52.52184,5.054511,-52.509755,5.053616,-52.504994,5.039618,-52.479726,4.973822,-52.402333,4.936835,-52.380035,4.895901,-52.388987,4.907213,-52.370717,4.942857,-52.345123,4.950588,-52.32372,4.945054,-52.299957,4.93122,-52.279124,4.912502,-52.264272,4.892483,-52.258616,4.85932,-52.276519,4.810777,-52.31314,4.761176,-52.343007,4.724595,-52.340484,4.724595,-52.33434,4.738349,-52.331654,4.747992,-52.324574,4.755194,-52.317209,4.761868,-52.313832,4.787258,-52.308583,4.813381,-52.30016,4.829576,-52.285797,4.856187,-52.242747,4.875434,-52.231923,4.866685,-52.21349,4.849677,-52.19286,4.829169,-52.176137,4.809963,-52.16926,4.7956,-52.159495,4.758124,-52.094106,4.730455,-52.06017,4.693549,-52.024526,4.652289,-51.996327,4.611314,-51.984853,4.571438,-51.979604,4.494045,-51.956044,4.454006,-51.950754,4.408393,-51.961822,4.385688,-51.988393,4.367011,-52.019928,4.333564,-52.046295,4.352607,-51.985585,4.370673,-51.951405,4.391913,-51.936513,4.402167,-51.934316,4.429348,-51.924916,4.447089,-51.92276,4.590399,-51.931264,4.626207,-51.925404,4.655707,-51.909169,4.6647,-51.896392,4.667792,-51.881215,4.664781,-51.864817,4.655707,-51.848297,4.612698,-51.801503,4.601142,-51.79308,4.589667,-51.800771,4.551988,-51.773549,4.529039,-51.765126,4.50609,-51.76358,4.477769,-51.758046,4.45718,-51.747548,4.457099,-51.731028,4.447903,-51.733022,4.440375,-51.737701,4.436021,-51.742421,4.436591,-51.7447,4.4289,-51.743723,4.413031,-51.738433,4.399359,-51.730946,4.39525,-51.714263,4.393052,-51.697621,4.385077,-51.690053,4.371039,-51.694081,4.363511,-51.703114,4.353746,-51.71227,4.333564,-51.716786,4.316148,-51.71467,4.30036,-51.708485,4.242092,-51.669301,4.217271,-51.656728,4.190009,-51.650706,4.15233,-51.649037,4.122056,-51.652496,4.060777,-51.672231,4.039374,-51.683217,4.002522,-51.757947,3.980947,-51.783191,3.949967,-51.797531,3.917514,-51.806239,3.891081,-51.818615,3.867543,-51.83541,3.796669,-51.899721,3.781398,-51.930934,3.773569,-51.93866,3.76357,-51.940985,3.742512,-51.938195,3.733959,-51.940081,3.725097,-51.948711,3.724425,-51.955816,3.725458,-51.963309,3.721686,-51.972844,3.704555,-51.988424,3.685332,-51.995375,3.642311,-52.0031,3.619108,-52.012764,3.556709,-52.054492,3.528855,-52.06599,3.516634,-52.074181,3.506867,-52.093586,3.4994,-52.093792,3.490202,-52.092035,3.481391,-52.092759,3.260112,-52.227918,3.249725,-52.238073,3.243059,-52.251199,3.243317,-52.25926,3.244919,-52.267012,3.242491,-52.279466,3.225334,-52.299103,3.177637,-52.31936,3.151592,-52.355327,3.131955,-52.361838,3.10932,-52.361114,3.065964,-52.351554,3.058419,-52.353208,2.942509,-52.416563,2.927471,-52.422196,2.915482,-52.417855,2.90556,-52.410672,2.897344,-52.409277,2.890522,-52.422351,2.886595,-52.433461,2.881324,-52.441626,2.874348,-52.448448,2.865046,-52.455269,2.689863,-52.5333,2.659425,-52.539605,2.651519,-52.542964,2.645989,-52.551025,2.6386,-52.571593,2.633742,-52.575778,2.622993,-52.572058,2.598137,-52.55578,2.586562,-52.551904,2.573384,-52.553454,2.565633,-52.55795,2.559328,-52.563686,2.550388,-52.56906,2.504706,-52.590403,2.463468,-52.619187,2.430912,-52.656084,2.390398,-52.677219,2.372983,-52.690603,2.358927,-52.707708,2.291541,-52.819691,2.274229,-52.862738,2.26038,-52.880153,2.236867,-52.8924,2.21413,-52.900306,2.204983,-52.906714,2.195733,-52.917153,2.193666,-52.923147,2.196405,-52.934103,2.195733,-52.939064,2.190978,-52.944386,2.179041,-52.953223,2.175217,-52.959683,2.173253,-52.980922,2.181987,-53.01911,2.186276,-53.061227,2.211907,-53.092233,2.219349,-53.113368,2.219297,-53.132282,2.196508,-53.252843,2.195733,-53.268501,2.204983,-53.279715,2.219969,-53.272222,2.23418,-53.254342,2.24126,-53.234653,2.250975,-53.234188,2.303685,-53.29744,2.338566,-53.322554,2.345698,-53.330926,2.349625,-53.344104,2.347661,-53.348806,2.341719,-53.35108,2.307561,-53.37852,2.299034,-53.390406,2.286011,-53.425442,2.258985,-53.462133,2.254127,-53.473243,2.252267,-53.511535,2.247047,-53.531792,2.25175,-53.547347,2.270405,-53.579025,2.273867,-53.595303,2.275314,-53.629461,2.278467,-53.645997,2.307354,-53.713177,2.308542,-53.742167,2.312676,-53.74873,2.319343,-53.748162,2.338825,-53.738033,2.349057,-53.737361,2.364663,-53.748265,2.368694,-53.764801,2.364095,-53.783457,2.353811,-53.800975,2.340427,-53.811827,2.323632,-53.821077,2.310144,-53.830896,2.30663,-53.843453,2.304925,-53.866811,2.290611,-53.879368,2.273816,-53.888463,2.264514,-53.901227,2.265961,-53.921639,2.26963,-53.932905,2.264617,-53.937762,2.240123,-53.938744,2.221984,-53.946134,2.209324,-53.963911,2.194337,-54.005975,2.190565,-54.011711,2.180592,-54.021375,2.178576,-54.027989,2.180333,-54.03326,2.187723,-54.043337,2.188808,-54.048453,2.188343,-54.069279,2.183692,-54.076669,2.169326,-54.084213,2.127959,-54.098424,2.114291,-54.111395,2.11427,-54.111527,2.110673,-54.134908,2.114394,-54.148137,2.121655,-54.157387,2.161316,-54.188548,2.163073,-54.194491,2.161575,-54.210046,2.157234,-54.229786,2.151601,-54.246477,2.14819,-54.263789,2.154857,-54.314019,2.157337,-54.322855,2.1639,-54.335051,2.188188,-54.360941,2.196508,-54.373911,2.197696,-54.380526,2.196301,-54.387812,2.197128,-54.40254,2.199712,-54.41148,2.207153,-54.427087,2.209324,-54.43396,2.21413,-54.476644,2.222708,-54.492664,2.24343,-54.511422,2.268596,-54.545787,2.279449,-54.549146,2.282652,-54.526409,2.300222,-54.544289,2.314847,-54.564649,2.324355,-54.588162,2.326267,-54.615292,2.345801,-54.599221,2.348333,-54.584751,2.338101,-54.551162,2.340168,-54.531576,2.348902,-54.520311,2.417063,-54.493387,2.422851,-54.483311,2.42869,-54.472613,2.428948,-54.450548,2.431119,-54.435458,2.435925,-54.423469,2.483777,-54.375617,2.508013,-54.359442,2.606664,-54.320426,2.677977,-54.285338,2.776421,-54.212526,2.791769,-54.204723,2.838277,-54.18891,2.846546,-54.182192,2.853057,-54.170203,2.863857,-54.18338,2.870627,-54.189633,2.877345,-54.191339,2.887835,-54.190667,2.899307,-54.18705,2.919513,-54.173252,2.925404,-54.170203,2.955996,-54.162968,2.969742,-54.163433,2.971396,-54.168756,2.983747,-54.179763,2.997803,-54.185137,3.004521,-54.173614,3.010722,-54.169169,3.024829,-54.170875,3.048911,-54.177024,3.051598,-54.179195,3.058316,-54.188548,3.059143,-54.190667,3.06462,-54.188496,3.067979,-54.184001,3.070305,-54.179453,3.072785,-54.177024,3.093921,-54.174699,3.116555,-54.177076,3.130973,-54.18798,3.127407,-54.211182,3.178102,-54.19046,3.200581,-54.176559,3.245023,-54.140024,3.285382,-54.114289,3.309314,-54.080805,3.309722,-54.080234,3.327085,-54.069486,3.346696,-54.062716,3.364214,-54.060339,3.377676,-54.055688,3.415374,-54.019359,3.455397,-54.00303,3.531026,-54.006285,3.573039,-53.998276,3.595699,-53.990266,3.610995,-53.988819,3.623604,-53.994813,3.637919,-54.008818,3.641458,-54.017861,3.639831,-54.028403,3.636446,-54.03941,3.634534,-54.050107,3.640554,-54.050675,3.676107,-54.074033,3.747059,-54.094445,3.75804,-54.104781,3.788736,-54.125503,3.795738,-54.136097,3.805815,-54.170203,3.811009,-54.181623,3.814678,-54.18736,3.826899,-54.197488,3.846485,-54.207048,3.858215,-54.214541,3.857647,-54.218004,3.866199,-54.222241,3.876354,-54.241051,3.922527,-54.265804,3.929529,-54.272522,3.940717,-54.286475,3.949812,-54.293141,3.984461,-54.30389,3.994202,-54.310194,4.024949,-54.344353,4.041718,-54.353861,4.066523,-54.355153,4.082078,-54.351019,4.116649,-54.337583,4.131713,-54.334689,4.152332,-54.338565,4.160522,-54.3489,4.169566,-54.38249,4.177911,-54.394892,4.191528,-54.406571,4.208581,-54.41055,4.227262,-54.399595,4.244393,-54.393187,4.269818,-54.394117,4.312942,-54.402954,4.376375,-54.433443,4.484224,-54.450806,4.509545,-54.447964,4.546158,-54.428172,4.563392,-54.423469,4.604345,-54.423469,4.61605,-54.425278,4.648735,-54.437732,4.673282,-54.438559,4.692376,-54.435148,4.709404,-54.435458,4.727852,-54.447344,4.73333,-54.457007,4.736198,-54.467291,4.741727,-54.475404,4.755189,-54.47866,4.87867,-54.47866,4.892752,-54.484964,4.902958,-54.486721,4.912802,-54.482122,4.931431,-54.455509,4.936728,-54.450806,4.951482,-54.448842,4.99135,-54.457576,5.008533,-54.454785,5.024294,-54.448636,5.053388,-54.430239,5.114883,-54.375617,5.121058,-54.37231,5.132375,-54.369881,5.138757,-54.365437,5.149583,-54.350037,5.156379,-54.343577,5.196196,-54.332002,5.212454,-54.320652,5.225806,-54.311331,5.269085,-54.269163,5.325748,-54.19046,5.348376,-54.170965,5.360053,-54.137522,5.381171,-54.106679,5.407945,-54.080434,5.43651,-54.061106,5.505439,-54.033111,5.540595,-54.01301,5.558173,-54.007192,5.661348,-53.991925,5.692196,-53.974242,5.726126,-53.954585,5.744641,-53.94435,5.744765,-53.934023,5.73826,-53.889777,5.733766,-53.858883,5.723941,-53.835599,5.715919,-53.815651
P,16777151,14.784735,-60.978993,14.749945,-60.961293,14.761379,-60.946889,14.771145,-60.926584,14.777086,-60.903188,14.777289,-60.879303,14.771633,-60.886301,14.767768,-60.892445,14.763821,-60.895375,14.757392,-60.892974,14.736314,-60.914133,14.755561,-60.926178,14.750312,-60.933827,14.731269,-60.936676,14.70897,-60.93456,14.712714,-60.926178,14.712226,-60.918935,14.708564,-60.912668,14.702826,-60.907297,14.688463,-60.93456,14.681098,-60.927113,14.674994,-60.93928,14.666409,-60.937489,14.66352,-60.928863,14.674872,-60.920277,14.660549,-60.88679,14.659817,-60.894358,14.658026,-60.898305,14.655911,-60.901682,14.653754,-60.907297,14.638577,-60.901031,14.630805,-60.893381,14.619615,-60.873158,14.614447,-60.870229,14.607611,-60.868764,14.601711,-60.865061,14.599107,-60.855458,14.596096,-60.848378,14.588609,-60.84496,14.579495,-60.844309,14.571234,-60.845204,14.578599,-60.832143,14.56566,-60.835846,14.552965,-60.836415,14.541002,-60.832997,14.530219,-60.824778,14.527086,-60.830922,14.524359,-60.833404,14.521186,-60.835072,14.516588,-60.838368,14.510403,-60.825266,14.496649,-60.819814,14.480902,-60.81664,14.468736,-60.810414,14.461982,-60.810414,14.456692,-60.822662,14.427558,-60.834828,14.41413,-60.845204,14.409369,-60.856435,14.408108,-60.870595,14.413275,-60.882476,14.427802,-60.88679,14.437974,-60.880767,14.441474,-60.869496,14.446723,-60.859853,14.461982,-60.858876,14.475979,-60.86852,14.470526,-60.882232,14.460883,-60.898101,14.461982,-60.914133,14.472113,-60.913401,14.473375,-60.920033,14.468736,-60.947621,14.476264,-61.005971,14.474026,-61.021596,14.464179,-61.046376,14.461982,-61.061187,14.466702,-61.069569,14.496772,-61.091624,14.504218,-61.091135,14.508287,-61.092397,14.511542,-61.096791,14.516588,-61.105865,14.544582,-61.078521,14.557074,-61.052317,14.565009,-61.043813,14.549872,-61.033274,14.545315,-61.01773,14.550523,-61.003326,14.565009,-60.996002,14.571357,-60.999379,14.581855,-61.006988,14.595852,-61.014312,14.612779,-61.016469,14.607815,-61.031402,14.605455,-61.043568,14.605129,-61.05427,14.605943,-61.064931,14.604641,-61.085927,14.605943,-61.091624,14.610256,-61.095937,14.622219,-61.102203,14.626451,-61.105865,14.650092,-61.141591,14.666938,-61.159576,14.68476,-61.167348,14.691067,-61.16808,14.696438,-61.170237,14.701239,-61.173573,14.705878,-61.177887,14.713039,-61.18163,14.719672,-61.180043,14.726142,-61.176666,14.732896,-61.174794,14.74494,-61.177113,14.756415,-61.182973,14.766343,-61.190541,14.795478,-61.219106,14.807766,-61.226186,14.821967,-61.228831,14.835517,-61.226186,14.846503,-61.219472,14.854438,-61.210601,14.87637,-61.170969,14.876899,-61.135894,14.866197,-61.101959,14.83869,-61.057851,14.821723,-61.018625,14.811428,-61.002268,14.804185,-60.998158,14.795356,-60.995676,14.787909,-60.990631,14.784735,-60.978993
P,16777151,15.852281,-61.618804,15.846991,-61.627553,15.853217,-61.638336,15.866156,-61.634592,15.871243,-61.624664,15.867743,-61.621083,15.860053,-61.616078,15.852281,-61.618804
P,16777151,15.861802,-61.582183,15.858385,-61.592641,15.86286,-61.595693,15.86758,-61.590484,15.870673,-61.585113,15.880805,-61.579945,15.883368,-61.573883,15.881049,-61.567983,15.878363,-61.566477,15.876776,-61.566029,15.874416,-61.565012,15.869615,-61.570546,15.861802,-61.582183
P,16777151,15.881822,-61.240712,15.873765,-61.274892,15.878485,-61.305084,15.904486,-61.318186,15.911078,-61.319203,15.919094,-61.321685,15.925849,-61.325103,15.928656,-61.328725,15.931952,-61.332021,15.939276,-61.327789,15.952541,-61.318186,15.966946,-61.315297,15.977688,-61.308258,15.997504,-61.290191,16.009263,-61.2683,16.003974,-61.243886,15.987535,-61.223988,15.95893,-61.212392,15.95303,-61.204905,15.945054,-61.197377,15.932074,-61.194,15.919582,-61.194692,15.91059,-61.197743,15.902777,-61.204254,15.893948,-61.215728,15.881822,-61.240712
P,16777151,16.31391,-61.039906,16.302232,-61.068593,16.305406,-61.091624,16.312201,-61.078521,16.344468,-61.039133,16.35399,-61.014882,16.346381,-60.989247,16.31391,-61.039906
P,16777151,16.282294,-61.604644,16.281195,-61.603139,16.282213,-61.603017,16.285549,-61.598744,16.281643,-61.59557,16.271308,-61.585072,16.282131,-61.58023,16.28974,-61.570546,16.291693,-61.557973,16.285549,-61.551666,16.280585,-61.549184,16.258246,-61.555409,16.23843,-61.547963,16.236518,-61.554596,16.232571,-61.572662,16.222317,-61.579457,16.17593,-61.577301,16.140937,-61.564565,16.08633,-61.557729,16.033515,-61.565989,15.996731,-61.597483,15.970364,-61.643422,15.949164,-61.694936,15.955024,-61.696523,15.969631,-61.702382,15.976467,-61.694936,15.989895,-61.702016,15.997382,-61.710805,16.003852,-61.721059,16.013983,-61.732777,16.025824,-61.740061,16.037299,-61.743642,16.046698,-61.747792,16.052191,-61.756418,16.087633,-61.768625,16.16649,-61.769439,16.202338,-61.784291,16.217231,-61.779449,16.229315,-61.784006,16.240058,-61.7919,16.2508,-61.797353,16.26789,-61.797841,16.299058,-61.793853,16.312201,-61.797353,16.320299,-61.787587,16.348822,-61.770823,16.360663,-61.756418,16.365302,-61.737864,16.359605,-61.728586,16.350898,-61.722035,16.346381,-61.712026,16.341702,-61.687001,16.329332,-61.650136,16.311835,-61.615834,16.291693,-61.598744,16.285549,-61.612945,16.282294,-61.604644
P,16777151,16.340277,-61.353139,16.332709,-61.338694,16.340155,-61.331776,16.334906,-61.321523,16.334174,-61.311838,16.33454,-61.301666,16.332709,-61.290191,16.327053,-61.280588,16.309231,-61.258901,16.305406,-61.253,16.30036,-61.242584,16.263821,-61.188385,16.258694,-61.169179,16.252997,-61.163564,16.243964,-61.174794,16.244127,-61.183176,16.250718,-61.211252,16.254218,-61.218861,16.258287,-61.234446,16.219468,-61.410715,16.205064,-61.444447,16.202338,-61.462148,16.205878,-61.483713,16.213284,-61.503407,16.222968,-61.520416,16.233385,-61.533844,16.245673,-61.544097,16.258043,-61.548329,16.271064,-61.547963,16.285386,-61.544179,16.285468,-61.544097,16.285549,-61.544097,16.337836,-61.527659,16.348944,-61.518137,16.353217,-61.499664,16.356757,-61.49706,16.365139,-61.495513,16.374457,-61.495229,16.381171,-61.496246,16.385647,-61.500356,16.389838,-61.507314,16.393052,-61.515614,16.394761,-61.52359,16.430487,-61.529164,16.439439,-61.533844,16.449286,-61.534291,16.462307,-61.525624,16.480414,-61.509918,16.486965,-61.505849,16.49372,-61.496246,16.509833,-61.465321,16.513088,-61.462514,16.511786,-61.459299,16.489203,-61.426829,16.47248,-61.409413,16.45185,-61.397613,16.425482,-61.393219,16.399237,-61.39566,16.38935,-61.394154,16.373684,-61.386464,16.359565,-61.376617,16.348822,-61.365712,16.340277,-61.353139
P,16777151,42.620103,9.476899,42.619086,9.476817,42.647406,9.456554,42.620103,9.482107,42.620103,9.476899
P,16777151,42.682603,9.449392,42.653632,9.450369,42.651068,9.449067,42.648586,9.446056,42.64525,9.44337,42.64057,9.442882,42.637885,9.445323,42.635728,9.449962,42.634589,9.4546,42.634426,9.456554,42.625434,9.459239,42.619818,9.461681,42.614569,9.461436,42.606431,9.456554,42.60163,9.46461,42.594957,9.468028,42.587226,9.470714,42.579169,9.476899,42.574449,9.484874,42.565497,9.511892,42.579983,9.509125,42.586615,9.504731,42.612616,9.489594,42.580959,9.518565,42.563544,9.528087,42.544379,9.532237,42.486314,9.53004,42.456244,9.533376,42.435126,9.545909,42.422065,9.539887,42.408189,9.535411,42.392524,9.532725,42.373725,9.532237,42.353176,9.536957,42.314276,9.555431,42.294582,9.559581,42.170152,9.552257,42.146552,9.559581,42.138251,9.556895,42.120836,9.554942,42.113023,9.552745,42.10399,9.545584,42.08511,9.518565,42.072211,9.507823,42.047756,9.492442,41.973538,9.423839,41.962226,9.408702,41.952948,9.403168,41.917426,9.402843,41.847968,9.394298,41.779731,9.403005,41.706448,9.401622,41.701483,9.398611,41.699042,9.391124,41.692694,9.381196,41.683905,9.372244,41.674221,9.367035,41.674221,9.380707,41.65644,9.37794,41.645168,9.373057,41.640041,9.363617,41.640815,9.353201,41.640326,9.345225,41.63467,9.342133,41.619574,9.34669,41.624457,9.333263,41.627143,9.318207,41.627834,9.303722,41.62641,9.292166,41.617621,9.293956,41.607652,9.284434,41.598375,9.278575,41.59162,9.292166,41.601955,9.325043,41.604478,9.345063,41.595404,9.354177,41.581204,9.350597,41.569281,9.341075,41.561103,9.326671,41.558173,9.309093,41.55329,9.299653,41.542914,9.292166,41.533271,9.281993,41.530829,9.264659,41.523749,9.268728,41.516791,9.269867,41.509955,9.268728,41.502875,9.264659,41.499416,9.276215,41.491645,9.279145,41.482856,9.27475,41.476142,9.264659,41.468736,9.270844,41.463609,9.255219,41.450019,9.228038,41.448228,9.210704,41.440863,9.210704,41.435045,9.220063,41.427314,9.223318,41.419623,9.219981,41.41352,9.210704,41.407294,9.210704,41.410956,9.222016,41.422268,9.237966,41.427802,9.250336,41.412909,9.246593,41.395901,9.23878,41.380927,9.230154,41.372504,9.223155,41.365912,9.206716,41.369127,9.193858,41.386176,9.169119,41.391343,9.153331,41.394965,9.122244,41.40351,9.096446,41.429267,9.10727,41.432563,9.112153,41.434638,9.121349,41.445502,9.105154,41.453192,9.080903,41.4619,9.06658,41.476142,9.079845,41.482367,9.079845,41.479478,9.068207,41.4619,9.038748,41.468736,9.031993,41.470893,9.03419,41.471625,9.035411,41.472846,9.036632,41.476142,9.038748,41.473822,9.028087,41.472113,9.024099,41.468736,9.018321,41.476142,9.011485,41.483059,9.000987,41.489081,8.975597,41.491889,8.95102,41.489203,8.93572,41.49494,8.924815,41.501654,8.916759,41.50731,8.906912,41.511176,8.883637,41.514838,8.881114,41.519355,8.879161,41.523383,8.873709,41.525336,8.864268,41.525336,8.856293,41.526109,8.848399,41.530829,8.83961,41.537665,8.853282,41.54385,8.853282,41.547268,8.840587,41.550727,8.833344,41.549954,8.823904,41.55268,8.809906,41.557074,8.797211,41.561225,8.791759,41.580552,8.796397,41.587307,8.793224,41.59162,8.778087,41.604682,8.785411,41.625149,8.792003,41.639065,8.801768,41.632636,8.819021,41.651068,8.872569,41.657131,8.881114,41.670885,8.885753,41.677924,8.896983,41.683824,8.910655,41.694648,8.922699,41.695461,8.899181,41.70893,8.836436,41.709296,8.812348,41.712551,8.788829,41.722398,8.776134,41.742499,8.784923,41.742662,8.760102,41.730699,8.719086,41.729438,8.695567,41.733059,8.69809,41.742499,8.702973,41.741767,8.688731,41.744086,8.677989,41.747504,8.667979,41.749905,8.655121,41.754869,8.668224,41.758205,8.6963,41.763577,8.709158,41.77204,8.71754,41.782416,8.722016,41.791693,8.720225,41.797065,8.709158,41.804511,8.709158,41.804592,8.731944,41.809801,8.752289,41.824408,8.784923,41.83393,8.78004,41.840399,8.772309,41.844143,8.76238,41.845526,8.750824,41.853583,8.783702,41.859117,8.791759,41.861314,8.789317,41.867987,8.785818,41.873684,8.781749,41.872789,8.778087,41.886949,8.79005,41.887112,8.791759,41.892157,8.794607,41.900539,8.803396,41.906928,8.805431,41.907457,8.803071,41.913764,8.791759,41.922838,8.785981,41.928778,8.781423,41.932318,8.775076,41.934272,8.764415,41.932807,8.744395,41.918769,8.710297,41.913764,8.688731,41.911811,8.647634,41.908637,8.629893,41.900784,8.614268,41.913764,8.60727,41.930487,8.618663,41.944078,8.614431,41.96898,8.586274,41.972642,8.635509,41.978705,8.65504,41.996324,8.668793,42.002875,8.656098,42.014472,8.664561,42.02558,8.684337,42.030463,8.706065,42.033271,8.711274,42.043931,8.738048,42.044135,8.743419,42.056586,8.744965,42.063422,8.739106,42.072089,8.723481,42.100491,8.706228,42.10932,8.699229,42.111151,8.688813,42.105455,8.660899,42.10932,8.655121,42.122016,8.647716,42.130072,8.629568,42.133734,8.6067,42.13349,8.586274,42.14289,8.591075,42.146552,8.593761,42.151435,8.586274,42.154202,8.578136,42.154975,8.569102,42.153998,8.559581,42.155585,8.569672,42.158759,8.577891,42.16706,8.593761,42.174506,8.593761,42.174506,8.565766,42.181301,8.565766,42.184882,8.577647,42.194525,8.581798,42.204413,8.57781,42.208564,8.565766,42.219916,8.574067,42.225735,8.565766,42.22899,8.552419,42.232856,8.545258,42.242255,8.54949,42.24433,8.559906,42.243354,8.586274,42.246283,8.593761,42.250678,8.601329,42.254625,8.61085,42.260403,8.651134,42.264879,8.664724,42.270657,8.675059,42.272773,8.680837,42.271918,8.685232,42.272935,8.687755,42.280951,8.688731,42.289496,8.674001,42.291164,8.672048,42.304836,8.634776,42.308661,8.632335,42.315253,8.629649,42.319159,8.625173,42.310045,8.611095,42.310452,8.605317,42.314765,8.60141,42.321926,8.599864,42.325588,8.604747,42.338935,8.634776,42.352444,8.612804,42.351142,8.591563,42.338935,8.552094,42.346381,8.559581,42.354885,8.553477,42.36579,8.549653,42.377102,8.549083,42.386705,8.552094,42.381659,8.560802,42.381781,8.570486,42.385932,8.5796,42.392971,8.586274,42.3876,8.598643,42.391913,8.602387,42.400336,8.603526,42.407213,8.60727,42.411811,8.612071,42.416246,8.614024,42.419582,8.618663,42.423285,8.65089,42.429877,8.659516,42.439765,8.661632,42.45189,8.661388,42.464423,8.672374,42.47248,8.676768,42.476142,8.672048,42.477118,8.659679,42.480048,8.657074,42.484361,8.659353,42.509711,8.667491,42.521064,8.680431,42.527004,8.697602,42.530707,8.716563,42.540107,8.710785,42.561998,8.716319,42.571723,8.709158,42.579169,8.709158,42.576117,8.71697,42.575995,8.719737,42.574123,8.720876,42.565497,8.723481,42.572333,8.740001,42.568793,8.750662,42.561754,8.759613,42.558051,8.771251,42.561998,8.786957,42.571763,8.798839,42.58511,8.807465,42.599595,8.812836,42.606431,8.805431,42.608059,8.843028,42.632473,8.906505,42.650133,9.018321,42.662177,9.049978,42.681586,9.052989,42.725898,9.107107,42.732001,9.117849,42.735012,9.141449,42.735175,9.165212,42.732815,9.176036,42.733385,9.185069,42.722561,9.236827,42.713935,9.257823,42.708889,9.264659,42.702216,9.270844,42.694159,9.276134,42.67475,9.28533,42.67475,9.292166,42.720038,9.327891,42.749091,9.34254,42.770941,9.333018,42.790107,9.340994,42.807603,9.33546,42.82392,9.321788,42.83926,9.305675,42.867133,9.333018,42.8758,9.332856,42.885321,9.326345,42.893785,9.326182,42.903551,9.330251,42.910386,9.336925,42.928616,9.360199,42.933539,9.356781,42.93651,9.355724,42.94066,9.356944,42.949123,9.360199,42.957221,9.349946,42.97309,9.343435,42.990668,9.341807,43.00373,9.34669,43.011542,9.363048,43.011664,9.404307,43.017401,9.422374,43.00373,9.435557,42.997992,9.444509,42.990058,9.464041,42.982611,9.464041,42.974555,9.455577,42.963813,9.453868,42.952338,9.458751,42.942288,9.470063,42.923529,9.465505,42.832424,9.484386,42.802314,9.482758,42.708889,9.450369,42.696723,9.451427,42.682603,9.449392
P,16777151,43.017297,6.251004,43.002632,6.252209,42.995347,6.230235,42.990383,6.216482,42.987128,6.202485,42.99018,6.190115,42.999661,6.166189,43.005072,6.164724,43.008979,6.175141,43.008002,6.202973,43.011623,6.211599,43.014716,6.215017,43.015448,6.218272,43.01496,6.221039,43.015582,6.233393,43.022406,6.235037,43.02565,6.241885,43.017297,6.251004
P,16777151,46.001654,-1.285146,45.997626,-1.273834,46.000678,-1.26122,46.001776,-1.247629,45.991685,-1.233632,45.979234,-1.229563,45.967922,-1.231191,45.958197,-1.230458,45.950751,-1.21939,45.943915,-1.21939,45.935045,-1.224355,45.928046,-1.213938,45.915961,-1.18517,45.906928,-1.177724,45.898749,-1.176096,45.85635,-1.184193,45.830064,-1.194569,45.814154,-1.209218,45.81977,-1.226877,45.85456,-1.2412,45.867743,-1.24942,45.881822,-1.260365,45.928127,-1.319,45.938666,-1.340159,45.956732,-1.361724,45.975979,-1.378326,45.984931,-1.373891,45.995307,-1.371653,46.0185,-1.382924,46.053168,-1.404937,46.050238,-1.373891,46.037828,-1.339915,46.02025,-1.308705,46.001654,-1.285146
P,16777151,46.249905,-1.467885,46.243964,-1.467437,46.238105,-1.473866,46.245185,-1.497711,46.245551,-1.507965,46.224433,-1.490549,46.224921,-1.464182,46.233832,-1.435455,46.238105,-1.411122,46.231269,-1.411122,46.231269,-1.425364,46.223822,-1.425364,46.218248,-1.408762,46.206936,-1.308095,46.196438,-1.284739,46.180976,-1.265736,46.162421,-1.25414,46.161851,-1.263417,46.160224,-1.270863,46.156195,-1.281402,46.160102,-1.286285,46.161322,-1.290679,46.167222,-1.33609,46.210842,-1.432851,46.203355,-1.488922,46.207668,-1.504262,46.239895,-1.54483,46.245551,-1.555816,46.251776,-1.555816,46.261908,-1.498118,46.259223,-1.480092,46.255276,-1.472727,46.249905,-1.467885
P,16777151,46.710273,-2.279693,46.697414,-2.268951,46.703599,-2.291371,46.704291,-2.371409,46.722642,-2.382924,46.731635,-2.375152,46.733791,-2.356801,46.731594,-2.337229,46.72016,-2.298207,46.710273,-2.279693
P,16777151,46.97724,-2.189809,46.964911,-2.155751,46.957465,-2.144846,46.943427,-2.140045,46.923163,-2.137685,46.909857,-2.142568,46.91649,-2.159088,46.939154,-2.173695,46.961859,-2.194814,46.973863,-2.220204,46.964301,-2.247304,46.979804,-2.263173,47.018134,-2.278676,47.033189,-2.295644,47.035346,-2.238596,47.033189,-2.220448,47.024359,-2.200022,47.013007,-2.197418,46.999742,-2.201324,46.985419,-2.200103,46.97724,-2.189809
P,16777151,47.331488,-3.114654,47.327338,-3.102691,47.328315,-3.072743,47.320624,-3.062815,47.301947,-3.067006,47.296617,-3.093617,47.301581,-3.171702,47.312161,-3.223459,47.320624,-3.240956,47.336371,-3.23762,47.352851,-3.245351,47.368801,-3.256174,47.383246,-3.262074,47.388861,-3.253651,47.395209,-3.249623,47.395331,-3.242991,47.389553,-3.23412,47.387519,-3.221506,47.371487,-3.176503,47.35814,-3.151601,47.355373,-3.148793,47.331488,-3.114654
P,16777151,48.473822,-5.046254,48.471991,-5.042958,48.472602,-5.03661,48.465155,-5.03661,48.447211,-5.087961,48.444648,-5.10554,48.451483,-5.10554,48.45185,-5.102162,48.451117,-5.095123,48.451483,-5.091868,48.46133,-5.097768,48.463365,-5.107411,48.458319,-5.132802,48.465155,-5.132802,48.48078,-5.091786,48.485053,-5.069,48.478827,-5.050282,48.476508,-5.048166,48.473822,-5.046254
P,16777151,51.06461,2.537033,51.020479,2.547059,51.001177,2.55698,50.976114,2.592741,50.961128,2.60845,50.941233,2.611654,50.935238,2.605763,50.920666,2.582715,50.911519,2.576928,50.867646,2.596668,50.861134,2.595531,50.850024,2.58778,50.845425,2.586746,50.842014,2.58995,50.838087,2.602042,50.834831,2.60659,50.82217,2.615168,50.816486,2.620439,50.814419,2.627777,50.812455,2.642453,50.812248,2.650618,50.813902,2.669222,50.81323,2.67873,50.808838,2.691856,50.80305,2.69692,50.79628,2.700021,50.788787,2.706635,50.766205,2.743842,50.75959,2.749527,50.739385,2.762963,50.733235,2.768234,50.723365,2.786734,50.700091,2.866726,50.698767,2.871276,50.696648,2.886883,50.703108,2.900112,50.736232,2.930188,50.748686,2.948378,50.757833,2.971425,50.768262,3.023817,50.784085,3.103304,50.779072,3.129245,50.768892,3.146195,50.749939,3.162811,50.749925,3.162823,50.734114,3.176684,50.715097,3.188983,50.709206,3.196941,50.707965,3.210997,50.705175,3.224433,50.695925,3.232391,50.672102,3.24376,50.65541,3.229808,50.626472,3.237869,50.570196,3.264327,50.538312,3.265878,50.526943,3.271045,50.514075,3.286755,50.507461,3.299881,50.49294,3.343599,50.489787,3.361066,50.491648,3.385354,50.501828,3.429175,50.508494,3.442714,50.514851,3.452636,50.51914,3.462868,50.519863,3.477131,50.517073,3.491497,50.511853,3.498008,50.503792,3.496458,50.492681,3.486743,50.48679,3.499145,50.486532,3.563741,50.483483,3.586375,50.476507,3.608286,50.464363,3.62813,50.445501,3.644356,50.406847,3.652831,50.360183,3.652934,50.319307,3.661719,50.298223,3.696859,50.304683,3.700787,50.305251,3.702234,50.304321,3.703887,50.306336,3.708435,50.309333,3.711122,50.317653,3.715463,50.337239,3.733446,50.34313,3.741508,50.346334,3.755047,50.348452,3.798662,50.345197,3.84021,50.338479,3.86088,50.330779,3.878037,50.325301,3.895917,50.325456,3.918551,50.342613,3.982113,50.34406,4.0033,50.338117,4.022731,50.314553,4.055907,50.306646,4.077198,50.294812,4.097868,50.25714,4.125257,50.251611,4.143654,50.256262,4.150992,50.263135,4.149751,50.269543,4.150268,50.272953,4.162774,50.270886,4.171766,50.26546,4.185201,50.258484,4.197604,50.251973,4.203702,50.241534,4.201325,50.234299,4.191506,50.222465,4.167942,50.212698,4.157296,50.204534,4.152749,50.186343,4.147374,50.146243,4.128151,50.128156,4.125774,50.123557,4.139933,50.129396,4.15988,50.130481,4.170629,50.127226,4.180551,50.084076,4.197397,50.074671,4.203392,50.066713,4.210316,50.06015,4.210006,50.05245,4.186028,50.041805,4.162877,50.030797,4.144584,50.025061,4.137349,50.017568,4.132285,50.005786,4.128151,50.004494,4.132905,49.989198,4.138383,49.974522,4.139623,49.974946,4.132365,49.974987,4.131665,49.955505,4.187682,49.953024,4.201118,49.954408,4.215953,49.960156,4.277599,49.933572,4.427651,49.93225,4.435109,49.935609,4.464771,49.980206,4.604194,49.984495,4.645845,49.989095,4.656697,50.000515,4.665896,50.01638,4.672924,50.048316,4.680572,50.055189,4.679538,50.060201,4.675818,50.066196,4.67344,50.076066,4.676128,50.083921,4.681915,50.153374,4.788575,50.161332,4.815551,50.146449,4.820098,50.1434,4.831364,50.147586,4.862679,50.139783,4.871878,50.122265,4.870534,50.101594,4.86516,50.084076,4.862886,50.091621,4.852137,50.09069,4.84604,50.064077,4.827229,50.055034,4.826093,50.046714,4.827643,50.036017,4.826713,49.974263,4.788265,49.958295,4.783925,49.944291,4.797257,49.931734,4.844593,49.913337,4.860199,49.900314,4.861956,49.891684,4.859372,49.883313,4.854308,49.871066,4.848934,49.865846,4.845626,49.859128,4.836738,49.85303,4.834878,49.848018,4.836945,49.837528,4.846763,49.831585,4.849244,49.794171,4.849037,49.786575,4.858029,49.784146,4.884177,49.786471,4.906604,49.796393,4.950013,49.796981,4.968371,49.797065,4.970993,49.790554,4.98908,49.766731,5.026287,49.759393,5.046234,49.752727,5.081891,49.745337,5.093776,49.705339,5.136358,49.695986,5.151241,49.687201,5.169431,49.682808,5.192478,49.690973,5.237644,49.691335,5.259244,49.677899,5.280122,49.662499,5.299449,49.647513,5.306373,49.643896,5.301826,49.640537,5.293764,49.626378,5.290664,49.617179,5.293041,49.613252,5.297898,49.611133,5.314538,49.61258,5.32167,49.617644,5.326941,49.623122,5.331178,49.625809,5.334899,49.625137,5.3411,49.620693,5.352469,49.613304,5.383475,49.608817,5.391166,49.602451,5.402078,49.545762,5.450241,49.536616,5.454375,49.526177,5.454168,49.516772,5.450964,49.507832,5.44993,49.498944,5.456132,49.495223,5.477732,49.505093,5.503674,49.517961,5.528789,49.523438,5.547599,49.51393,5.578915,49.512431,5.587493,49.513723,5.602273,49.517754,5.60558,49.524937,5.607854,49.53553,5.619739,49.543799,5.644647,49.54044,5.667178,49.533515,5.688676,49.531086,5.710276,49.5346,5.722679,49.545711,5.735598,49.549431,5.746346,49.548398,5.757095,49.539613,5.779006,49.537753,5.790685,49.510519,5.822104,49.499874,5.839571,49.492174,5.864686,49.482304,5.928144,49.469953,5.946954,49.441324,5.9607,49.445097,5.978064,49.448456,6.06333,49.452021,6.078006,49.461633,6.087721,49.46463,6.099813,49.470005,6.102087,49.476413,6.101984,49.48251,6.107255,49.484371,6.114386,49.486076,6.142601,49.495275,6.13609,49.499409,6.193554,49.497445,6.221976,49.490314,6.249365,49.48946,6.251117,49.466232,6.298768,49.456724,6.325329,49.455349,6.345307,49.45476,6.353855,49.456104,6.3645,49.46463,6.383517,49.466697,6.391682,49.465457,6.402741,49.435537,6.494518,49.424736,6.511674,49.416416,6.517876,49.408148,6.520563,49.402567,6.520769,49.402154,6.518806,49.395487,6.52573,49.361794,6.574306,49.3558,6.577717,49.347738,6.573376,49.34717,6.555599,49.338023,6.550122,49.326396,6.556426,49.313115,6.573169,49.271154,6.639677,49.266916,6.641227,49.256788,6.63916,49.252757,6.640297,49.250018,6.645671,49.246763,6.659521,49.243869,6.663758,49.225317,6.671613,49.221131,6.674817,49.218909,6.675954,49.211054,6.677918,49.207489,6.680605,49.207799,6.685049,49.213586,6.698485,49.213638,6.702516,49.197773,6.70882,49.185113,6.703756,49.172865,6.700965,49.158861,6.713781,49.155554,6.725563,49.155295,6.770108,49.145839,6.809072,49.147751,6.821785,49.162788,6.839045,49.179377,6.835221,49.195551,6.827676,49.209452,6.833464,49.211054,6.843489,49.204801,6.885243,49.206662,6.914389,49.205576,6.925448,49.182425,6.987873,49.181702,7.009474,49.146407,7.008957,49.118967,7.020532,49.107598,7.042546,49.12031,7.073242,49.125375,7.074793,49.130594,7.071589,49.136123,7.070762,49.142014,7.079857,49.141549,7.085335,49.123308,7.123575,49.117933,7.139285,49.114419,7.154994,49.113902,7.241191,49.105634,7.268062,49.105014,7.274367,49.108993,7.280258,49.123101,7.2908,49.128114,7.297105,49.130129,7.305993,49.131834,7.326457,49.13416,7.334002,49.139689,7.339066,49.15421,7.3463,49.159171,7.350951,49.165372,7.367591,49.166174,7.371634,49.170023,7.391052,49.168938,7.410483,49.157776,7.414823,49.155864,7.458025,49.151523,7.476112,49.137054,7.482726,49.133901,7.475285,49.131628,7.472804,49.12832,7.471047,49.118708,7.485103,49.094576,7.507738,49.083672,7.520863,49.074577,7.542671,49.069564,7.586389,49.061968,7.60861,49.055973,7.615948,49.043002,7.625663,49.037783,7.634965,49.036294,7.644939,49.035716,7.648814,49.037731,7.660803,49.041039,7.672482,49.042796,7.685091,49.041555,7.69615,49.036595,7.717337,49.035664,7.726949,49.037731,7.739145,49.046155,7.762606,49.048118,7.773665,49.032254,7.856864,49.036181,7.913811,49.034838,7.931898,48.979182,8.090441,48.965746,8.18873,48.958563,8.200305,48.95825,8.199892,48.942698,8.179325,48.903734,8.148112,48.821311,8.10274,48.807513,8.090338,48.804051,8.08424,48.791028,8.04755,48.79077,8.038765,48.788289,8.036594,48.785344,8.031943,48.780021,8.027293,48.770616,8.025122,48.765087,8.022952,48.761831,8.017267,48.760074,8.009619,48.759764,7.981507,48.757283,7.970138,48.748343,7.964867,48.729275,7.963627,48.721368,7.959183,48.71186,7.948434,48.703333,7.935205,48.698217,7.92332,48.676513,7.895931,48.667728,7.880635,48.664162,7.864098,48.658685,7.852419,48.615018,7.810252,48.582359,7.801777,48.54758,7.801673,48.526341,7.813455,48.519468,7.813455,48.506343,7.788444,48.498178,7.776455,48.489109,7.771287,48.470066,7.76922,48.460351,7.764156,48.453891,7.757645,48.444408,7.75072,48.433014,7.745656,48.406607,7.738318,48.393481,7.737181,48.381441,7.740385,48.368677,7.746896,48.355344,7.75196,48.341366,7.75072,48.326664,7.736974,48.319997,7.718578,48.311187,7.702454,48.29018,7.69553,48.269871,7.693463,48.252921,7.687158,48.2384,7.676616,48.179205,7.613364,48.166984,7.60675,48.152566,7.604786,48.144711,7.599722,48.138665,7.5929,48.129725,7.585666,48.11448,7.578948,48.094972,7.572643,48.053709,7.575744,48.002652,7.618945,47.97144,7.621116,47.959399,7.611607,47.940408,7.584942,47.92705,7.579568,47.910798,7.580808,47.906328,7.578948,47.896302,7.572643,47.891367,7.568613,47.887052,7.561998,47.882711,7.559001,47.878526,7.557864,47.875994,7.558381,47.873461,7.559207,47.869017,7.559001,47.850414,7.564168,47.839226,7.561998,47.834239,7.548459,47.829433,7.542878,47.797032,7.528615,47.783157,7.525928,47.748146,7.53833,47.731816,7.537813,47.725202,7.531922,47.713316,7.515386,47.707322,7.511872,47.685798,7.514662,47.675024,7.517866,47.670425,7.521794,47.665205,7.536573,47.652441,7.550112,47.622004,7.572643,47.61694,7.578638,47.613167,7.585046,47.607948,7.590317,47.598414,7.592487,47.594822,7.59011,47.584619,7.586028,47.584479,7.585483,47.575495,7.550319,47.566452,7.526341,47.563416,7.520867,47.542267,7.482726,47.541595,7.485103,47.532965,7.501743,47.533017,7.505154,47.523018,7.505464,47.517307,7.501123,47.515499,7.493062,47.516997,7.482726,47.514879,7.476939,47.511726,7.475595,47.507696,7.477765,47.5009,7.484897,47.498768,7.485776,47.498394,7.48593,47.495784,7.485827,47.492942,7.484483,47.491263,7.482726,47.481909,7.46743,47.483201,7.454511,47.486884,7.445996,47.488834,7.441488,47.492503,7.425986,47.490177,7.414307,47.484028,7.41441,47.477852,7.419474,47.475424,7.422782,47.470747,7.427639,47.465114,7.429293,47.455761,7.426089,47.450857,7.420563,47.438242,7.406349,47.433289,7.388219,47.430646,7.378547,47.431854,7.33693,47.432661,7.309093,47.428889,7.282635,47.417727,7.244808,47.416797,7.23809,47.419019,7.230339,47.422636,7.226308,47.426228,7.223517,47.428476,7.219383,47.434728,7.190031,47.443565,7.168327,47.459895,7.162642,47.488265,7.180833,47.486405,7.153651,47.487651,7.142169,47.487852,7.140318,47.492942,7.127296,47.496275,7.103731,47.490384,7.053915,47.492942,7.027974,47.49767,7.018879,47.499247,7.009784,47.49767,7.000792,47.492942,6.991904,47.489092,6.9733,47.477956,6.97578,47.464132,6.986116,47.452221,6.990973,47.443798,6.983429,47.435194,6.968546,47.428837,6.952319,47.424858,6.926068,47.405996,6.924517,47.395713,6.898783,47.382587,6.884003,47.366955,6.871601,47.354165,6.86664,47.362123,6.985599,47.368143,7.003996,47.359901,7.018879,47.350651,7.033865,47.340497,7.044303,47.329515,7.036552,47.325433,7.027147,47.323521,7.016915,47.319361,7.006476,47.305951,6.991904,47.304504,6.986529,47.303729,6.977434,47.290551,6.958624,47.270036,6.952216,47.245231,6.956247,47.211305,6.888344,47.190919,6.859302,47.169525,6.840285,47.168132,6.838076,47.128184,6.774759,47.121053,6.744787,47.103948,6.746027,47.098883,6.731661,47.097126,6.72794,47.09077,6.72422,47.084621,6.699105,47.07829,6.6897,47.0624,6.676264,47.043848,6.688253,47.021291,6.665412,46.986539,6.598698,46.963388,6.491107,46.944164,6.442635,46.909076,6.427752,46.900032,6.431886,46.882617,6.445219,46.871559,6.448422,46.857709,6.446769,46.851455,6.443118,46.848149,6.441188,46.839545,6.434263,46.807015,6.418554,46.802157,6.417107,46.796525,6.419897,46.791615,6.425168,46.785983,6.432609,46.76911,6.433023,46.760816,6.429199,46.751101,6.417933,46.745701,6.407391,46.733609,6.374215,46.71317,6.34786,46.707409,6.337938,46.680356,6.266315,46.595607,6.131853,46.583463,6.118417,46.570285,6.121517,46.55163,6.145702,46.520831,6.110355,46.479593,6.075525,46.471118,6.064157,46.46502,6.060229,46.459904,6.060229,46.455202,6.0624,46.451068,6.064777,46.447993,6.0655,46.440371,6.0655,46.433601,6.067567,46.427012,6.065707,46.419416,6.054235,46.417383,6.059019,46.396497,6.108185,46.385542,6.122861,46.370401,6.135057,46.359342,6.1364,46.331771,6.118607,46.309216,6.104051,46.301413,6.100743,46.273094,6.093612,46.262294,6.093095,46.253044,6.094026,46.246377,6.089685,46.241623,6.067671,46.241158,6.061883,46.241675,6.055888,46.243432,6.048033,46.243535,6.046173,46.243432,6.044519,46.24307,6.042866,46.222709,5.982921,46.211961,5.95853,46.19992,5.954809,46.186226,5.965248,46.170826,5.982921,46.162248,5.979821,46.152171,5.972172,46.130467,5.95884,46.140441,5.982921,46.147934,6.028293,46.149174,6.073872,46.138632,6.107875,46.150207,6.140328,46.191704,6.191384,46.221107,6.255359,46.240073,6.281198,46.26312,6.27603,46.265239,6.269002,46.259916,6.252259,46.263689,6.24182,46.267926,6.237583,46.284463,6.227971,46.288494,6.227454,46.305495,6.218256,46.315469,6.214122,46.329111,6.219496,46.348955,6.24058,46.375026,6.269105,46.394482,6.301558,46.401381,6.332357,46.40244,6.365223,46.408176,6.397676,46.448587,6.482942,46.457372,6.547021,46.455899,6.613684,46.42926,6.762667,46.424106,6.777716,46.424093,6.777756,46.414171,6.787058,46.405008,6.788107,46.395205,6.789229,46.378462,6.782097,46.357068,6.755742,46.345518,6.750368,46.322678,6.769488,46.296607,6.804938,46.269477,6.827676,46.221676,6.792226,46.185864,6.774863,46.151603,6.765664,46.134808,6.774346,46.122612,6.853927,46.112329,6.869224,46.10468,6.86819,46.097032,6.861162,46.090211,6.853101,46.085043,6.848553,46.086025,6.851344,46.076103,6.853101,46.065665,6.853411,46.064683,6.851964,46.056931,6.852377,46.052746,6.85031,46.049645,6.85093,46.044994,6.859715,46.044064,6.869224,46.048095,6.876872,46.053211,6.884003,46.055588,6.892375,46.048612,6.915112,45.995385,6.982808,45.993111,6.987666,45.982466,6.991283,45.961692,7.002756,45.943398,7.009784,45.933321,7.015158,45.92526,7.022083,45.920506,7.007717,45.911307,6.997175,45.899267,6.989113,45.885779,6.982808,45.869759,6.969166,45.857822,6.949012,45.849761,6.926378,45.845368,6.905087,45.845523,6.880386,45.8448,6.873461,45.83968,6.872736,45.832767,6.871699,45.828273,6.870662,45.826891,6.864441,45.833458,6.858564,45.836223,6.851997,45.838643,6.843356,45.832914,6.816204,45.826455,6.800804,45.811727,6.788092,45.795294,6.782717,45.777465,6.781994,45.759585,6.784681,45.718141,6.795946,45.69685,6.8161,45.682742,6.843075,45.679022,6.869224,45.675508,6.882556,45.659695,6.905294,45.652563,6.918626,45.646776,6.951079,45.640729,6.963378,45.625847,6.969476,45.620162,6.967099,45.602592,6.955627,45.594272,6.952939,45.586211,6.954903,45.574429,6.965859,45.566987,6.969786,45.525646,6.975264,45.511125,6.982808,45.493142,7.02849,45.470042,7.072002,45.466286,7.075369,45.459087,7.081821,45.446633,7.088745,45.435419,7.096807,45.428288,7.110139,45.41511,7.152927,45.410924,7.160679,45.39847,7.159645,45.383226,7.150757,45.357078,7.130086,45.329844,7.097737,45.323953,7.092569,45.294962,7.097634,45.274912,7.108382,45.259202,7.108382,45.243079,7.0812,45.218533,7.062183,45.213675,7.055466,45.215019,7.050195,45.225768,7.037689,45.228197,7.029731,45.221324,6.994487,45.2098,6.958727,45.201066,6.945808,45.179569,6.928445,45.170164,6.913769,45.168614,6.904674,45.168407,6.881316,45.165926,6.873461,45.157451,6.86819,45.152025,6.872841,45.147426,6.878629,45.141225,6.876665,45.130115,6.844109,45.139106,6.808142,45.153162,6.771452,45.157348,6.736415,45.154609,6.72887,45.144739,6.710887,45.141225,6.702205,45.140295,6.694351,45.14076,6.676264,45.139623,6.667376,45.125515,6.632701,45.123545,6.629385,45.114767,6.614614,45.10345,6.602728,45.084433,6.620298,45.074459,6.636576,45.067431,6.638127,45.059421,6.63699,45.050378,6.639677,45.03565,6.651666,45.029242,6.662208,45.026917,6.697245,45.013378,6.723496,44.984697,6.729904,44.928732,6.72794,44.907803,6.745407,44.887649,6.77817,44.859072,6.847106,44.855661,6.86602,44.862689,6.915319,44.861656,6.932682,44.846979,6.982808,44.832975,7.000792,44.827963,7.004926,44.822071,7.007096,44.819023,7.006786,44.816335,7.005856,44.811529,7.00596,44.810806,7.004099,44.795045,6.999138,44.793753,6.998415,44.7721,7.009784,44.747399,7.015158,44.738872,7.018982,44.697893,7.049368,44.684871,7.055155,44.684612,7.037275,44.69226,7.001205,44.692157,6.982808,44.683165,6.959864,44.66699,6.941467,44.646682,6.934336,44.625443,6.945601,44.61795,6.931649,44.57542,6.897336,44.547463,6.846383,44.534027,6.835737,44.502918,6.838838,44.474909,6.861266,44.451965,6.891651,44.436307,6.9178,44.423026,6.88421,44.414396,6.877182,44.383183,6.86881,44.377189,6.86633,44.372125,6.866123,44.362926,6.869844,44.358379,6.873978,44.339827,6.895992,44.330008,6.903847,44.3097,6.915629,44.302155,6.92121,44.295385,6.930202,44.285102,6.950046,44.27735,6.959244,44.267532,6.965549,44.258178,6.968856,44.249445,6.973403,44.241745,6.982808,44.237818,6.996141,44.239213,7.008027,44.242107,7.020016,44.242934,7.033451,44.240298,7.04606,44.217767,7.104868,44.207225,7.144969,44.160045,7.251319,44.154309,7.270129,44.151156,7.296174,44.147487,7.3093,44.140201,7.316225,44.131881,7.321599,44.125266,7.331004,44.123664,7.340616,44.122941,7.38082,44.159063,7.554763,44.160716,7.583599,44.180095,7.624733,44.176064,7.655636,44.14356,7.64189,44.124956,7.654085,44.108988,7.676203,44.090799,7.687943,44.084649,7.691912,44.067337,7.689949,44.056588,7.678787,44.048579,7.664317,44.03969,7.653362,44.027495,7.646954,44.005067,7.638686,43.993543,7.630934,43.975611,7.60861,43.944089,7.556934,43.920783,7.53678,43.886237,7.493475,43.865515,7.477869,43.840219,7.482726,43.792222,7.502289,43.785468,7.489106,43.785386,7.484874,43.785834,7.480724,43.784491,7.47641,43.780829,7.475759,43.768134,7.477306,43.764635,7.47641,43.761705,7.468435,43.762112,7.462657,43.757117,7.454345,43.749845,7.445974,43.743361,7.437454,43.755464,7.426246,43.763506,7.406969,43.757899,7.387538,43.745832,7.372655,43.734125,7.367263,43.72273,7.36575,43.715691,7.353184,43.707831,7.342296,43.69831,7.338064,43.686424,7.330533,43.68525,7.319002,43.687689,7.300904,43.693326,7.280253,43.691648,7.257273,43.684869,7.241675,43.674196,7.228509,43.66347,7.231814,43.648673,7.213805,43.64436,7.203791,43.656917,7.196677,43.660109,7.177651,43.656061,7.164595,43.654771,7.151622,43.645453,7.144216,43.641181,7.136567,43.633857,7.133067,43.605833,7.126154,43.578803,7.132091,43.573554,7.132579,43.562459,7.136242,43.55402,7.138916,43.547768,7.125511,43.564544,7.112941,43.568294,7.104324,43.568674,7.088427,43.560805,7.071052,43.549885,7.058108,43.542143,7.045078,43.536264,7.037202,43.547889,7.030634,43.547087,7.014468,43.548906,6.993819,43.546946,6.9756,43.540107,6.962087,43.527253,6.945203,43.51246,6.940888,43.50788,6.949555,43.507392,6.948985,43.504616,6.953805,43.500106,6.954299,43.472761,6.92508,43.449012,6.920372,43.437999,6.898242,43.427628,6.894028,43.426093,6.871072,43.432052,6.869672,43.435456,6.86656,43.439362,6.862957,43.436176,6.857988,43.428729,6.856098,43.415868,6.860136,43.412577,6.846672,43.415811,6.834826,43.416072,6.818843,43.408635,6.78305,43.418454,6.772974,43.422687,6.757086,43.417906,6.746501,43.407847,6.731146,43.382079,6.732824,43.366889,6.717784,43.350604,6.717838,43.348372,6.693931,43.346381,6.674571,43.333197,6.666026,43.322333,6.661306,43.314927,6.652029,43.295913,6.624629,43.284007,6.597243,43.268898,6.590892,43.264288,6.611672,43.276196,6.672358,43.272973,6.693374,43.265457,6.698022,43.248037,6.685395,43.239536,6.668356,43.22129,6.665403,43.213609,6.671978,43.201553,6.679801,43.190412,6.6604,43.18183,6.640391,43.179877,6.629161,43.173407,6.609874,43.174994,6.599457,43.179877,6.59547,43.18773,6.593272,43.184374,6.581276,43.184449,6.563718,43.182204,6.539912,43.172544,6.536427,43.160567,6.526714,43.150971,6.505683,43.15606,6.479163,43.152719,6.451332,43.152342,6.422018,43.146938,6.401679,43.136079,6.378541,43.118635,6.36608,43.105519,6.369878,43.090841,6.375371,43.090763,6.342258,43.099921,6.328868,43.104193,6.325694,43.109413,6.306202,43.118666,6.280374,43.120875,6.25347,43.116548,6.219702,43.108773,6.193198,43.102856,6.178664,43.092597,6.162934,43.071967,6.153168,43.048107,6.152768,43.042325,6.17133,43.045444,6.18542,43.035922,6.180072,43.033751,6.154462,43.031261,6.097694,43.034849,6.088517,43.040781,6.103031,43.04515,6.119254,43.052638,6.132066,43.071362,6.129088,43.084316,6.109662,43.082903,6.091933,43.078208,6.044523,43.078195,6.027008,43.098936,6.01652,43.102347,5.991732,43.102168,5.958652,43.113593,5.934093,43.119452,5.936534,43.129096,5.938243,43.134019,5.940929,43.134345,5.92449,43.131293,5.908539,43.120429,5.879405,43.115424,5.896251,43.093204,5.91061,43.087601,5.927252,43.079978,5.951379,43.07091,5.940288,43.072742,5.917208,43.072226,5.887956,43.068793,5.875336,43.044829,5.856605,43.053469,5.81896,43.069931,5.790242,43.079118,5.781873,43.08889,5.802896,43.09909,5.818085,43.106725,5.811465,43.111849,5.800564,43.114598,5.783407,43.123334,5.78084,43.130811,5.776127,43.131982,5.760558,43.132063,5.741012,43.146875,5.696299,43.16885,5.687673,43.179889,5.673919,43.18559,5.655221,43.187229,5.634213,43.176727,5.622903,43.160429,5.61242,43.167979,5.588262,43.169148,5.572706,43.181578,5.558974,43.193859,5.547246,43.20739,5.537836,43.212629,5.524952,43.20774,5.514336,43.205659,5.504176,43.208519,5.459833,43.207646,5.439754,43.211292,5.409515,43.212341,5.395311,43.207859,5.370337,43.215899,5.34698,43.233588,5.350597,43.243801,5.35377,43.253974,5.36085,43.270413,5.369151,43.280345,5.357343,43.29206,5.355968,43.297919,5.351817,43.334289,5.338883,43.355472,5.294173,43.328041,5.238279,43.329314,5.163237,43.325769,5.125174,43.328019,5.064795,43.335476,5.034022,43.357921,5.013936,43.381628,5.005572,43.409329,5.026134,43.422065,5.05714,43.422065,5.146169,43.42829,5.173839,43.439521,5.192882,43.457831,5.213552,43.480292,5.226329,43.503974,5.22283,43.489936,5.193614,43.482489,5.165538,43.485785,5.139985,43.503974,5.118419,43.519355,5.111501,43.527899,5.11085,43.533026,5.105724,43.538153,5.084972,43.538886,5.077403,43.538153,5.053722,43.541449,5.049571,43.555732,5.03533,43.55858,5.029145,43.552191,5.022309,43.538764,5.01588,43.525092,5.010997,43.517646,5.009288,43.498725,5.014659,43.490465,5.023692,43.485582,5.035818,43.476711,5.050304,43.451646,5.062266,43.429267,5.051117,43.416978,5.027599,43.414699,4.998466,43.41706,4.983084,43.440131,4.928477,43.431627,4.903168,43.42536,4.892589,43.421454,4.868175,43.415229,4.858409,43.401435,4.850271,43.396186,4.854991,43.3779,4.864891,43.365112,4.867532,43.366965,4.901005,43.350782,4.877189,43.341779,4.855778,43.358929,4.850823,43.381985,4.833263,43.399115,4.791759,43.422349,4.757823,43.448717,4.742442,43.507392,4.744965,43.524482,4.742442,43.539496,4.736176,43.556789,4.725841,43.571519,4.711925,43.579088,4.694591,43.572903,4.694591,43.538398,4.724376,43.527899,4.72877,43.456204,4.72877,43.422553,4.742524,43.401923,4.769705,43.386054,4.800059,43.367169,4.823019,43.346356,4.820279,43.345222,4.791247,43.347541,4.665886,43.359889,4.592336,43.371094,4.566289,43.387949,4.565544,43.404242,4.585704,43.416891,4.588044,43.430066,4.579594,43.443266,4.555208,43.455797,4.513031,43.447741,4.409419,43.459906,4.205903,43.463772,4.181651,43.471503,4.16033,43.487047,4.132823,43.510484,4.117198,43.532782,4.132823,43.536241,4.131196,43.551866,4.105317,43.556138,4.047455,43.550849,3.990896,43.539944,3.952973,43.532538,3.939301,43.412828,3.739919,43.374905,3.622162,43.354885,3.589692,43.281073,3.513357,43.274319,3.492361,43.288764,3.452403,43.285468,3.428396,43.283922,3.385427,43.263088,3.317719,43.219428,3.244314,43.20425,3.22755,43.195217,3.220958,43.186632,3.207286,43.176663,3.195893,43.165229,3.178722,43.152411,3.165945,43.135281,3.15447,43.121039,3.135997,43.106309,3.114024,43.087795,3.104177,43.072577,3.096039,43.054023,3.086029,43.026923,3.070404,43.008368,3.063243,42.992703,3.056082,42.964179,3.046153,42.942776,3.038992,42.932807,3.04184,42.92711,3.054698,42.907131,3.056082,42.847235,3.047537,42.790188,3.040457,42.750271,3.038992,42.724595,3.043305,42.683214,3.037608,42.629055,3.04184,42.587673,3.046153,42.554877,3.05185,42.54206,3.066091,42.534939,3.087494,42.530626,3.114594,42.524929,3.13738,42.51496,3.145925,42.503526,3.145925,42.492133,3.143077,42.482164,3.150238,42.475043,3.160248,42.456488,3.175873,42.435085,3.18157,42.431484,3.18097,42.425939,3.137824,42.425008,3.111675,42.427179,3.086147,42.432011,3.06558,42.437643,3.053591,42.445266,3.043876,42.454619,3.036021,42.465652,3.029613,42.467047,3.022998,42.467616,2.99375,42.469321,2.983104,42.461001,2.966051,42.470225,2.933702,42.45126,2.900835,42.449193,2.884092,42.449632,2.866936,42.448366,2.850813,42.441312,2.834793,42.419557,2.804614,42.412012,2.788594,42.409557,2.767717,42.414027,2.728546,42.41289,2.708082,42.406172,2.690409,42.381471,2.648241,42.372841,2.640283,42.353721,2.649378,42.34336,2.66178,42.339019,2.662194,42.337882,2.635425,42.340957,2.613411,42.352636,2.567419,42.352248,2.548092,42.346977,2.540341,42.330776,2.531969,42.325893,2.525251,42.325661,2.514812,42.328451,2.50365,42.336978,2.483393,42.340621,2.464893,42.351964,2.445566,42.367544,2.429856,42.383693,2.422518,42.384262,2.406602,42.389326,2.375493,42.409609,2.317305,42.416973,2.305316,42.428626,2.277411,42.426119,2.245992,42.411805,2.184187,42.416223,2.136954,42.410617,2.121038,42.405397,2.116284,42.390644,2.108739,42.38483,2.103985,42.371265,2.08011,42.357907,2.063264,42.352351,2.051688,42.349251,2.035255,42.34708,2.00921,42.348682,1.995671,42.354548,1.983372,42.367234,1.963735,42.382685,1.954227,42.420099,1.941101,42.436894,1.927458,42.441958,1.911955,42.442733,1.893248,42.44679,1.869787,42.475238,1.813667,42.481723,1.792686,42.488054,1.730571,42.493712,1.712174,42.496787,1.712691,42.499293,1.711967,42.501335,1.710004,42.502781,1.707006,42.527741,1.710624,42.548515,1.721683,42.561641,1.739976,42.563372,1.765091,42.567646,1.761107,42.576679,1.752688,42.582001,1.729434,42.589546,1.713311,42.609855,1.721993,42.618123,1.608304,42.621921,1.597349,42.649362,1.543089,42.648535,1.527793,42.640241,1.49844,42.641455,1.466814,42.602052,1.451415,42.595386,1.429297,42.609338,1.414828,42.643626,1.397981,42.663237,1.378758,42.686724,1.361084,42.690057,1.352713,42.690444,1.343308,42.694449,1.338243,42.70866,1.342584,42.713363,1.319123,42.713647,1.195927,42.705689,1.162544,42.706723,1.151485,42.715973,1.134328,42.729744,1.124096,42.745247,1.116552,42.759613,1.106733,42.771318,1.08906,42.776124,1.068182,42.780361,0.982916,42.783746,0.975268,42.79372,0.958732,42.796123,0.950257,42.793668,0.940025,42.788035,0.93062,42.784366,0.921111,42.787674,0.910363,42.799327,0.894446,42.804236,0.885765,42.812763,0.856102,42.831624,0.812901,42.833847,0.795744,42.832451,0.776314,42.835268,0.758847,42.845293,0.724327,42.846585,0.706757,42.845112,0.679369,42.83842,0.656321,42.824054,0.651567,42.802686,0.653737,42.774677,0.639681,42.763386,0.65074,42.759071,0.643299,42.754833,0.639578,42.744782,0.63348,42.741036,0.64764,42.729899,0.659629,42.714758,0.66645,42.698661,0.665416,42.696214,0.663426,42.68799,0.656735,42.684476,0.643609,42.68799,0.608159,42.685303,0.483515,42.690444,0.466927,42.683029,0.42879,42.682254,0.409282,42.685148,0.389283,42.688584,0.3844,42.692692,0.383676,42.696852,0.384012,42.700108,0.381816,42.717497,0.354169,42.712691,0.336031,42.699539,0.318306,42.670291,0.290245,42.668689,0.275388,42.682383,0.259808,42.710366,0.238362,42.716205,0.222394,42.726463,0.169168,42.724603,0.152941,42.715223,0.134183,42.70848,0.072843,42.687525,-0.00431,42.685148,-0.038933,42.696671,-0.078414,42.70109,-0.084202,42.706128,-0.088853,42.710676,-0.095752,42.713363,-0.10849,42.716851,-0.119032,42.723311,-0.121822,42.730364,-0.123114,42.735894,-0.129238,42.745893,-0.145723,42.760699,-0.157789,42.777984,-0.163629,42.795348,-0.161407,42.789741,-0.17939,42.783875,-0.208355,42.786227,-0.235149,42.80483,-0.247034,42.83081,-0.305135,42.831831,-0.307418,42.842502,-0.322792,42.83258,-0.328244,42.824958,-0.335169,42.822736,-0.342998,42.829247,-0.351679,42.801316,-0.399738,42.790671,-0.423923,42.788914,-0.454464,42.807492,-0.508414,42.808008,-0.53389,42.784211,-0.535647,42.782015,-0.544432,42.77354,-0.561175,42.772636,-0.56903,42.777338,-0.578694,42.783307,-0.578539,42.789792,-0.577144,42.795839,-0.582931,42.796846,-0.587324,42.796846,-0.60355,42.799094,-0.610165,42.802841,-0.609958,42.807181,-0.608046,42.811445,-0.609493,42.849789,-0.648302,42.860744,-0.666079,42.876428,-0.700392,42.877668,-0.71052,42.876609,-0.720287,42.877513,-0.730106,42.884799,-0.740286,42.89392,-0.745867,42.899295,-0.744782,42.903894,-0.741423,42.910896,-0.740906,42.918727,-0.745032,42.946501,-0.759665,42.953271,-0.786433,42.943065,-0.863534,42.947896,-0.943219,42.957043,-0.98146,42.976241,-1.01629,42.986705,-1.028485,42.990219,-1.045074,42.993398,-1.079697,42.997997,-1.08719,43.005748,-1.103726,43.008254,-1.112408,43.005722,-1.149925,43.025282,-1.182533,43.03926,-1.216898,43.046831,-1.274879,43.055203,-1.293689,43.069491,-1.310587,43.082875,-1.315083,43.095975,-1.30697,43.109179,-1.286041,43.113571,-1.308623,43.107344,-1.331051,43.093081,-1.348259,43.073031,-1.355184,43.046831,-1.357613,43.033318,-1.366139,43.029209,-1.383141,43.030915,-1.410529,43.035721,-1.435024,43.045074,-1.457141,43.060138,-1.47528,43.081816,-1.487837,43.090265,-1.479621,43.122795,-1.438435,43.135275,-1.425774,43.166901,-1.410529,43.206744,-1.399677,43.243331,-1.403501,43.265009,-1.432233,43.265112,-1.444222,43.262218,-1.455281,43.260771,-1.466392,43.276765,-1.508094,43.283561,-1.539204,43.284077,-1.559047,43.277437,-1.573982,43.260358,-1.581888,43.251599,-1.587573,43.247,-1.598477,43.245811,-1.611086,43.247,-1.621886,43.251108,-1.634082,43.255681,-1.639043,43.272786,-1.646329,43.281545,-1.647983,43.287643,-1.645192,43.292372,-1.645037,43.297539,-1.654907,43.304154,-1.673872,43.304929,-1.683019,43.298624,-1.703328,43.296531,-1.724825,43.29232,-1.736556,43.291002,-1.747356,43.294793,-1.74973,43.299089,-1.752421,43.318546,-1.75578,43.330922,-1.768234,43.341128,-1.796914,43.353324,-1.797172,43.374382,-1.796449,43.386015,-1.794075,43.384589,-1.791371,43.384263,-1.790761,43.376166,-1.775502,43.383612,-1.767974,43.389228,-1.749623,43.399685,-1.661,43.423774,-1.637807,43.432563,-1.615468,43.442532,-1.59675,43.451158,-1.588043,43.482164,-1.566396,43.493394,-1.562082,43.50137,-1.553334,43.538642,-1.513987,43.550116,-1.506337,43.580064,-1.476877,43.611518,-1.470041,43.668443,-1.445953,43.832343,-1.404937,43.889594,-1.381174,44.019192,-1.346099,44.302191,-1.281565,44.44245,-1.25414,44.504543,-1.247304,44.519232,-1.249745,44.547553,-1.25829,44.556057,-1.257232,44.583564,-1.230784,44.589911,-1.226877,44.601996,-1.224192,44.647895,-1.206288,44.665473,-1.186513,44.666164,-1.161448,44.655341,-1.100209,44.659125,-1.065012,44.66942,-1.044749,44.684638,-1.044423,44.703192,-1.069163,44.703192,-1.055491,44.717475,-1.065297,44.768134,-1.140859,44.77143,-1.151723,44.773424,-1.156402,44.776516,-1.160634,44.778713,-1.165354,44.778266,-1.172231,44.775214,-1.176503,44.770901,-1.178456,44.766913,-1.179758,44.765204,-1.182118,44.755845,-1.188588,44.706855,-1.233632,44.662746,-1.244944,44.638658,-1.253814,44.627427,-1.260365,45.120836,-1.199452,45.27912,-1.157867,45.490058,-1.139963,45.504828,-1.133697,45.553534,-1.099599,45.569037,-1.085276,45.57331,-1.069163,45.569648,-1.058583,45.565131,-1.056223,45.557603,-1.056752,45.546332,-1.057362,45.543036,-1.06017,45.537746,-1.062327,45.532416,-1.062327,45.527045,-1.059234,45.515041,-1.048695,45.50727,-1.039947,45.470526,-0.972971,45.453803,-0.930776,45.450426,-0.915273,45.355414,-0.794179,45.326077,-0.766184,45.295885,-0.754506,45.275946,-0.751943,45.238715,-0.738678,45.145941,-0.720041,45.134508,-0.715972,45.076483,-0.6822,45.044908,-0.648183,45.018459,-0.609853,45.005072,-0.577789,44.997992,-0.568959,44.985419,-0.560699,44.976142,-0.559193,44.96015,-0.562082,44.939276,-0.560862,44.918524,-0.556508,44.902289,-0.548166,44.894965,-0.534657,44.908759,-0.538645,44.937201,-0.542388,44.94953,-0.548451,44.976508,-0.538971,44.998196,-0.550364,45.014309,-0.572581,45.024644,-0.596181,45.023586,-0.565297,45.019517,-0.539418,45.011379,-0.516428,44.997992,-0.493764,45.029446,-0.518951,45.043443,-0.558746,45.053453,-0.602162,45.073065,-0.637766,45.099107,-0.655995,45.130805,-0.668691,45.322414,-0.706654,45.36107,-0.719716,45.424058,-0.753041,45.452094,-0.773101,45.477118,-0.795481,45.514553,-0.841786,45.586982,-0.98351,45.591254,-0.986887,45.610053,-0.990875,45.614325,-0.997222,45.62287,-1.030263,45.660386,-1.083811,45.668931,-1.113922,45.671698,-1.132802,45.6789,-1.149322,45.688951,-1.163442,45.700263,-1.175608,45.710191,-1.194203,45.704779,-1.22936,45.709906,-1.247304,45.779608,-1.230133,45.792426,-1.230295,45.806708,-1.163808,45.806098,-1.144276,45.753404,-1.080556,45.748114,-1.069163,45.74022,-1.05724,45.717353,-0.987172,45.735175,-1.009633,45.786038,-1.099477,45.807685,-1.125356,45.816718,-1.130686,45.828315,-1.132151,45.843248,-1.136586,45.857733,-1.143219,45.86815,-1.151723,45.872301,-1.140614,45.878241,-1.133656,45.884223,-1.128529,45.888658,-1.123769,45.895657,-1.112538,45.902289,-1.097035,45.903225,-1.087758,45.902004,-1.079742,45.904364,-1.073354,45.915961,-1.069163,45.926337,-1.070424,45.936713,-1.076324,45.94538,-1.083485,45.950751,-1.089752,45.953925,-1.084218,45.961575,-1.074208,45.964342,-1.069163,45.971991,-1.085561,45.985419,-1.096588,46.018378,-1.110748,46.008205,-1.089752,46.007473,-1.072987,46.015774,-1.059722,46.03266,-1.048695,46.038804,-1.048695,46.04328,-1.052887,46.047919,-1.058583,46.051581,-1.065175,46.056545,-1.084218,46.064683,-1.087758,46.074774,-1.088735,46.088365,-1.096018,46.097724,-1.095693,46.101549,-1.097035,46.103095,-1.100738,46.106147,-1.113596,46.107815,-1.117014,46.112494,-1.122955,46.11579,-1.129018,46.120063,-1.128896,46.128241,-1.117014,46.14057,-1.14037,46.141913,-1.14802,46.143866,-1.152089,46.148424,-1.151845,46.153266,-1.150543,46.156195,-1.151723,46.156968,-1.157094,46.156195,-1.172231,46.158393,-1.182607,46.157945,-1.19164,46.159125,-1.200185,46.166164,-1.209706,46.174547,-1.210805,46.184312,-1.204416,46.192776,-1.194488,46.19717,-1.18517,46.216295,-1.190541,46.229478,-1.179596,46.259223,-1.110748,46.271959,-1.102651,46.280015,-1.103505,46.28852,-1.108022,46.30268,-1.110748,46.324123,-1.132476,46.326158,-1.177235,46.310696,-1.214345,46.27912,-1.213206,46.284247,-1.240102,46.300442,-1.259185,46.319525,-1.277415,46.322659,-1.293365,46.323879,-1.303456,46.336737,-1.334218,46.350328,-1.356842,46.354193,-1.370229,46.342475,-1.423329,46.343411,-1.44872,46.364732,-1.459584,46.38996,-1.465484,46.408189,-1.481435,46.419338,-1.504465,46.423082,-1.53189,46.425035,-1.598785,46.431138,-1.62564,46.443549,-1.617177,46.454291,-1.633453,46.460883,-1.686757,46.481269,-1.720286,46.486558,-1.748606,46.492011,-1.761138,46.50023,-1.768422,46.522121,-1.779652,46.532945,-1.789174,46.520453,-1.788889,46.504136,-1.78307,46.495429,-1.781728,46.490953,-1.786,46.494534,-1.7954,46.503607,-1.804799,46.576972,-1.827056,46.594387,-1.822662,46.599066,-1.838694,46.610256,-1.846588,46.623725,-1.851226,46.635321,-1.857411,46.647406,-1.872426,46.656562,-1.887807,46.666246,-1.89977,46.691799,-1.909901,46.699164,-1.923166,46.70307,-1.940012,46.704291,-1.956451,46.710395,-1.964996,46.752021,-1.994618,46.79206,-2.050282,46.807359,-2.081288,46.813463,-2.107167,46.819973,-2.118764,46.835598,-2.126088,46.854682,-2.130035,46.871812,-2.131256,46.893459,-2.128774,46.903713,-2.121978,46.91649,-2.096344,46.93065,-2.102162,46.94123,-2.087473,46.957465,-2.049224,46.972561,-2.037017,47.008612,-2.020172,47.026353,-2.00829,47.035386,-1.990712,47.052314,-1.992584,47.070014,-2.003774,47.08161,-2.014556,47.092108,-2.030019,47.11518,-2.090159,47.129096,-2.205474,47.142483,-2.241119,47.148627,-2.227854,47.155504,-2.21703,47.1612,-2.205393,47.164374,-2.172841,47.167873,-2.165191,47.176011,-2.162099,47.190863,-2.159088,47.204495,-2.158681,47.22016,-2.169301,47.235256,-2.172109,47.246324,-2.170888,47.259223,-2.166982,47.271186,-2.160553,47.27969,-2.151682,47.286811,-2.127675,47.29328,-2.035634,47.296942,-2.028717,47.299262,-2.021962,47.300116,-2.014556,47.29328,-2.006581,47.28856,-1.999135,47.279364,-1.947865,47.27969,-1.932485,47.286444,-1.939361,47.286322,-1.927805,47.284166,-1.917063,47.279934,-1.907338,47.273424,-1.898427,47.273424,-1.918853,47.266018,-1.918853,47.24551,-1.877838,47.239936,-1.836252,47.235256,-1.82608,47.21898,-1.803944,47.211982,-1.780995,47.210761,-1.72704,47.219916,-1.747222,47.225572,-1.788238,47.235256,-1.805653,47.259752,-1.835927,47.27969,-1.871165,47.293931,-1.905629,47.298489,-1.925689,47.300116,-1.94929,47.302395,-1.95816,47.312161,-1.972157,47.319729,-2.010121,47.313218,-2.148101,47.300116,-2.179555,47.292711,-2.186594,47.2862,-2.190582,47.279934,-2.195953,47.273424,-2.206288,47.267483,-2.236073,47.251614,-2.259429,47.246405,-2.278391,47.246649,-2.298085,47.251654,-2.31607,47.26081,-2.330963,47.280097,-2.355336,47.286444,-2.371409,47.287909,-2.388092,47.287584,-2.39745,47.286444,-2.404897,47.281724,-2.412831,47.27497,-2.416575,47.268866,-2.418121,47.266018,-2.419179,47.266588,-2.448394,47.300116,-2.541982,47.306952,-2.541982,47.304633,-2.519032,47.290676,-2.476064,47.29328,-2.453359,47.307034,-2.436187,47.32038,-2.445383,47.333808,-2.465443,47.347886,-2.480621,47.345404,-2.487945,47.343899,-2.491282,47.341742,-2.494252,47.334418,-2.489369,47.33039,-2.488922,47.320624,-2.494252,47.320624,-2.501698,47.349595,-2.503326,47.364936,-2.514801,47.383246,-2.556386,47.415676,-2.476796,47.415229,-2.466135,47.412177,-2.4558,47.40998,-2.439036,47.404446,-2.441029,47.404364,-2.442209,47.402533,-2.446401,47.396308,-2.439036,47.403876,-2.429433,47.416978,-2.395009,47.423651,-2.391835,47.425727,-2.407135,47.426174,-2.431752,47.430609,-2.44815,47.44477,-2.439036,47.452216,-2.455312,47.453762,-2.476186,47.459174,-2.488922,47.478217,-2.480621,47.491197,-2.49474,47.497952,-2.483632,47.50023,-2.421213,47.507148,-2.384674,47.506171,-2.363922,47.509223,-2.380116,47.506049,-2.407053,47.506171,-2.425364,47.526679,-2.501698,47.528388,-2.517486,47.527248,-2.530507,47.519843,-2.563222,47.519843,-2.600697,47.517727,-2.609853,47.514146,-2.61559,47.513414,-2.621693,47.519843,-2.631988,47.521715,-2.616933,47.52912,-2.599355,47.540473,-2.584462,47.553941,-2.576812,47.543647,-2.592275,47.54206,-2.606435,47.543036,-2.621205,47.540269,-2.638254,47.53913,-2.630116,47.537177,-2.623931,47.533393,-2.619944,47.526679,-2.617787,47.526435,-2.643056,47.528306,-2.654775,47.533515,-2.665517,47.509589,-2.667104,47.504218,-2.680735,47.512397,-2.714019,47.511623,-2.730702,47.499416,-2.782786,47.498114,-2.802154,47.499213,-2.817128,47.503607,-2.83019,47.512397,-2.843658,47.516181,-2.845693,47.535834,-2.861073,47.536851,-2.864817,47.542182,-2.868967,47.545315,-2.878529,47.546617,-2.889882,47.547675,-2.892934,47.549058,-2.89151,47.553941,-2.892079,47.558417,-2.90925,47.566596,-2.892568,47.566636,-2.865305,47.546536,-2.850575,47.546536,-2.843658,47.551825,-2.838124,47.554023,-2.832428,47.552476,-2.825429,47.546536,-2.816396,47.552965,-2.815297,47.567613,-2.80956,47.555121,-2.794016,47.549547,-2.768666,47.551337,-2.741444,47.560777,-2.720204,47.567613,-2.727651,47.604397,-2.688629,47.622992,-2.68399,47.642727,-2.706532,47.636542,-2.706532,47.629788,-2.696929,47.623358,-2.695627,47.618354,-2.701568,47.616034,-2.714019,47.609198,-2.699778,47.604438,-2.704254,47.602281,-2.708608,47.601752,-2.720204,47.607367,-2.725331,47.629096,-2.77538,47.627021,-2.754465,47.62226,-2.734486,47.633857,-2.746327,47.639065,-2.758209,47.642727,-2.789133,47.636542,-2.77538,47.629869,-2.796051,47.626166,-2.847727,47.619127,-2.857981,47.607164,-2.86677,47.60102,-2.886383,47.595526,-2.919423,47.601752,-2.919423,47.601752,-2.912668,47.609198,-2.912668,47.607652,-2.925689,47.606024,-2.928822,47.601752,-2.933095,47.601752,-2.939931,47.613959,-2.943756,47.624091,-2.944814,47.631822,-2.94164,47.636542,-2.933095,47.636908,-2.947499,47.642157,-2.957997,47.651435,-2.964589,47.663804,-2.967193,47.663804,-2.97468,47.655992,-2.973297,47.6435,-2.968577,47.636542,-2.967193,47.612616,-2.967193,47.602607,-2.963612,47.591539,-2.954701,47.581488,-2.943512,47.574449,-2.933095,47.567572,-2.935618,47.564683,-2.937245,47.560777,-2.939931,47.564399,-2.942616,47.574449,-2.952952,47.570543,-2.961293,47.576972,-2.970286,47.587348,-2.980946,47.595526,-2.994496,47.582261,-2.988596,47.576077,-2.994211,47.578681,-3.003407,47.591783,-3.008168,47.607164,-3.01179,47.605658,-3.018219,47.59455,-3.021718,47.581244,-3.015696,47.581936,-3.029937,47.583319,-3.035797,47.58808,-3.042388,47.576483,-3.073842,47.575507,-3.089752,47.581244,-3.103749,47.584052,-3.09732,47.58808,-3.090728,47.594184,-3.100453,47.599189,-3.11205,47.598782,-3.12328,47.58808,-3.131703,47.586615,-3.127187,47.583238,-3.122955,47.581244,-3.118031,47.547593,-3.128896,47.518988,-3.12328,47.495795,-3.10676,47.478217,-3.084543,47.478705,-3.098134,47.482611,-3.11913,47.478217,-3.125478,47.478217,-3.131703,47.507025,-3.143788,47.516099,-3.145375,47.527045,-3.143219,47.543931,-3.13386,47.55744,-3.131703,47.580756,-3.134185,47.598049,-3.141184,47.611233,-3.15217,47.62226,-3.166493,47.62637,-3.176015,47.629584,-3.187245,47.63349,-3.196685,47.639594,-3.200592,47.652574,-3.198394,47.680609,-3.18635,47.704169,-3.111195,47.709418,-3.115061,47.715033,-3.117177,47.722154,-3.118031,47.732123,-3.118031,47.729926,-3.122792,47.726793,-3.134511,47.724677,-3.13915,47.745795,-3.13976,47.75259,-3.13915,47.75259,-3.145375,47.742011,-3.153188,47.743883,-3.16393,47.748521,-3.177358,47.746405,-3.193186,47.742743,-3.179189,47.735419,-3.169667,47.724758,-3.163319,47.711005,-3.159088,47.710273,-3.164052,47.70954,-3.165028,47.707913,-3.165028,47.704169,-3.166493,47.710028,-3.178375,47.706366,-3.185374,47.699937,-3.193227,47.697333,-3.207387,47.694322,-3.203521,47.683743,-3.193186,47.679145,-3.207143,47.669827,-3.211903,47.66059,-3.215077,47.656399,-3.224192,47.660346,-3.231597,47.683743,-3.262074,47.688666,-3.287587,47.696723,-3.331532,47.697333,-3.358266,47.702297,-3.340199,47.700995,-3.322418,47.691148,-3.282623,47.697333,-3.282623,47.703843,-3.298451,47.708075,-3.316274,47.711005,-3.358266,47.718451,-3.358266,47.719062,-3.349355,47.721259,-3.345123,47.726264,-3.343984,47.735541,-3.343984,47.739488,-3.340566,47.737738,-3.323557,47.738959,-3.317291,47.761135,-3.304433,47.773017,-3.2954,47.779934,-3.282623,47.78734,-3.282623,47.770087,-3.304351,47.752509,-3.331776,47.740424,-3.362172,47.737047,-3.383168,47.734036,-3.375478,47.729804,-3.369252,47.724677,-3.364491,47.718451,-3.364491,47.704576,-3.446441,47.707587,-3.460683,47.713039,-3.464996,47.738959,-3.494862,47.759426,-3.509185,47.768134,-3.520253,47.772447,-3.524485,47.779934,-3.52831,47.773749,-3.539296,47.773993,-3.555653,47.779934,-3.590972,47.77912,-3.616851,47.779934,-3.625152,47.783026,-3.633046,47.791734,-3.644399,47.793606,-3.649037,47.792304,-3.68692,47.796942,-3.706166,47.810614,-3.714589,47.813381,-3.723215,47.793606,-3.77538,47.803209,-3.789906,47.802924,-3.811187,47.79975,-3.833567,47.801011,-3.851715,47.804348,-3.853098,47.828315,-3.872222,47.833564,-3.879221,47.83747,-3.886464,47.843451,-3.889963,47.855048,-3.885854,47.855292,-3.894521,47.857123,-3.900787,47.862454,-3.913197,47.873358,-3.916331,47.887885,-3.935129,47.89997,-3.961822,47.903469,-3.988271,47.883002,-3.979237,47.867906,-3.98648,47.851264,-4.008901,47.855048,-4.029205,47.854478,-4.019154,47.855943,-4.01122,47.8605,-4.005442,47.869289,-4.001943,47.866278,-4.014068,47.865953,-4.024037,47.863715,-4.031565,47.855048,-4.036692,47.870795,-4.064931,47.874416,-4.078236,47.875474,-4.09439,47.880113,-4.106557,47.891913,-4.119293,47.90762,-4.12914,47.923896,-4.132192,47.912014,-4.14273,47.896918,-4.13683,47.883246,-4.123362,47.875474,-4.111195,47.869289,-4.111195,47.868598,-4.123769,47.866197,-4.133616,47.861762,-4.142649,47.855048,-4.15274,47.877021,-4.17162,47.874416,-4.185618,47.862128,-4.188466,47.855048,-4.173899,47.851264,-4.176666,47.848212,-4.180043,47.841986,-4.180043,47.841986,-4.15274,47.834459,-4.15274,47.813381,-4.185211,47.807196,-4.200551,47.802436,-4.225168,47.807196,-4.371816,47.814765,-4.371246,47.828681,-4.373443,47.834459,-4.371816,47.837104,-4.365468,47.837063,-4.356068,47.838324,-4.347646,47.84512,-4.343861,47.862942,-4.34732,47.888577,-4.362213,47.915839,-4.371978,47.934068,-4.386952,47.975653,-4.434641,48.022691,-4.523264,48.026313,-4.533274,48.020738,-4.546702,48.010688,-4.55899,48.005927,-4.572011,48.02558,-4.601959,48.027655,-4.619211,48.026313,-4.652984,48.040595,-4.728139,48.044135,-4.721506,48.050238,-4.716461,48.056586,-4.71227,48.06391,-4.706207,48.06745,-4.705556,48.071234,-4.704254,48.074774,-4.700795,48.074897,-4.697418,48.068834,-4.689524,48.067328,-4.683705,48.115709,-4.361928,48.104071,-4.304758,48.108222,-4.289906,48.115383,-4.28539,48.143622,-4.275706,48.154934,-4.280181,48.16706,-4.294342,48.174058,-4.297353,48.196357,-4.302358,48.205512,-4.315826,48.211859,-4.358225,48.215155,-4.366119,48.220038,-4.372426,48.225979,-4.376861,48.232367,-4.379262,48.226142,-4.404368,48.248969,-4.457631,48.242621,-4.485463,48.224921,-4.499989,48.202094,-4.513987,48.183092,-4.531646,48.177191,-4.557485,48.198432,-4.548736,48.205064,-4.543772,48.216539,-4.555043,48.225043,-4.561187,48.232367,-4.563629,48.244208,-4.558665,48.248603,-4.550933,48.25259,-4.54719,48.262763,-4.554067,48.264879,-4.566274,48.266547,-4.626332,48.277045,-4.623687,48.287055,-4.626332,48.291083,-4.615387,48.290595,-4.607086,48.288398,-4.598785,48.287055,-4.58788,48.290025,-4.575185,48.29682,-4.572906,48.30386,-4.57551,48.307522,-4.57726,48.33869,-4.559478,48.346829,-4.546702,48.34162,-4.530141,48.304674,-4.543202,48.295844,-4.515533,48.300035,-4.426503,48.296617,-4.416371,48.292304,-4.409657,48.28856,-4.401967,48.287055,-4.388987,48.287787,-4.376861,48.297024,-4.329701,48.300035,-4.262603,48.295844,-4.268951,48.294013,-4.275217,48.29385,-4.289906,48.288398,-4.269358,48.300035,-4.187489,48.307522,-4.187489,48.306057,-4.218821,48.309882,-4.23054,48.321723,-4.234731,48.31391,-4.243967,48.311347,-4.257721,48.314683,-4.270172,48.324856,-4.275706,48.323676,-4.281972,48.321723,-4.324696,48.330797,-4.316314,48.333075,-4.312082,48.335395,-4.303619,48.339586,-4.303131,48.343817,-4.298492,48.348538,-4.288686,48.362738,-4.269399,48.362535,-4.286285,48.351549,-4.30899,48.348456,-4.324696,48.355292,-4.324696,48.355292,-4.317291,48.362738,-4.317291,48.362738,-4.324696,48.357856,-4.327789,48.352729,-4.334055,48.348456,-4.337717,48.352729,-4.35261,48.338121,-4.384185,48.335395,-4.406606,48.339179,-4.403798,48.339586,-4.402821,48.34162,-4.399159,48.348456,-4.406606,48.342922,-4.415028,48.338853,-4.426503,48.336371,-4.439931,48.335395,-4.453725,48.34162,-4.453725,48.387763,-4.396596,48.393744,-4.385569,48.431586,-4.289906,48.428046,-4.307729,48.416083,-4.339019,48.411119,-4.358957,48.403713,-4.426503,48.394843,-4.457509,48.368313,-4.520619,48.360297,-4.569569,48.350165,-4.599355,48.348456,-4.618886,48.351142,-4.636342,48.360582,-4.671132,48.362738,-4.690541,48.359442,-4.694081,48.3522,-4.694081,48.344957,-4.695668,48.34162,-4.704498,48.341986,-4.754994,48.345404,-4.768381,48.355618,-4.77717,48.37641,-4.783355,48.377631,-4.76476,48.390448,-4.766347,48.417385,-4.783355,48.436184,-4.784901,48.454901,-4.779856,48.468655,-4.768056,48.472602,-4.749257,48.478827,-4.749257,48.491278,-4.774648,48.520209,-4.764556,48.550727,-4.739898,48.568183,-4.721995,48.563666,-4.711578,48.560736,-4.700795,48.568183,-4.708241,48.575507,-4.692291,48.579576,-4.673451,48.581855,-4.642486,48.578192,-4.623036,48.565741,-4.589833,48.568183,-4.57726,48.589342,-4.600494,48.603013,-4.607737,48.609117,-4.594635,48.601223,-4.548818,48.601711,-4.530141,48.609117,-4.557485,48.613227,-4.554433,48.616523,-4.552602,48.619696,-4.554799,48.62344,-4.563629,48.629625,-4.563629,48.629625,-4.485463,48.63231,-4.46288,48.642808,-4.429799,48.643256,-4.406606,48.648871,-4.4204,48.650092,-4.426503,48.657538,-4.426503,48.660956,-4.398061,48.67182,-4.370229,48.67886,-4.343251,48.678046,-4.317291,48.663642,-4.299143,48.641547,-4.306508,48.643256,-4.283111,48.655463,-4.252594,48.657538,-4.242055,48.655951,-4.229807,48.64997,-4.207143,48.650092,-4.193756,48.657538,-4.193756,48.6612,-4.213002,48.671373,-4.207753,48.683051,-4.190582,48.691107,-4.173899,48.696234,-4.154652,48.699164,-4.131459,48.698147,-4.108713,48.691107,-4.090688,48.69717,-4.084788,48.696926,-4.079254,48.692288,-4.07433,48.684882,-4.070221,48.684882,-4.064036,48.689602,-4.057362,48.695543,-4.053293,48.70307,-4.052642,48.712144,-4.056549,48.713935,-4.042714,48.717027,-4.030507,48.725816,-4.009348,48.732815,-3.973988,48.72956,-3.967763,48.720038,-3.970286,48.712795,-3.973866,48.707709,-3.972727,48.704739,-3.961008,48.698554,-3.961008,48.698554,-3.967763,48.691107,-3.967763,48.686835,-3.957753,48.679389,-3.951039,48.669338,-3.949534,48.657538,-3.954742,48.676174,-3.926584,48.68122,-3.911936,48.678046,-3.891998,48.672024,-3.901967,48.6706,-3.906321,48.664374,-3.906321,48.653551,-3.894195,48.641018,-3.864654,48.629625,-3.851715,48.636461,-3.844309,48.643256,-3.851715,48.650092,-3.844309,48.656317,-3.848948,48.664537,-3.852447,48.684882,-3.8579,48.684882,-3.851715,48.679023,-3.8485,48.676011,-3.845448,48.6706,-3.837473,48.688056,-3.840077,48.707261,-3.837148,48.718451,-3.829254,48.712144,-3.816965,48.716742,-3.812652,48.721503,-3.810455,48.726955,-3.809804,48.733222,-3.810129,48.721177,-3.797109,48.717353,-3.778432,48.71898,-3.731923,48.71601,-3.720855,48.702338,-3.697865,48.698554,-3.686635,48.698228,-3.673818,48.704739,-3.638173,48.687812,-3.638539,48.682685,-3.614003,48.682807,-3.584788,48.687974,-3.570546,48.711086,-3.580474,48.726386,-3.584543,48.733222,-3.580474,48.739488,-3.52831,48.745673,-3.542836,48.774237,-3.577382,48.790595,-3.581532,48.799058,-3.571401,48.807807,-3.542592,48.833645,-3.520863,48.841946,-3.515289,48.841946,-3.509185,48.836982,-3.499827,48.835679,-3.468129,48.822211,-3.433583,48.821438,-3.419749,48.818427,-3.425404,48.815741,-3.42809,48.812445,-3.429921,48.807807,-3.433339,48.806545,-3.409901,48.807318,-3.397613,48.811184,-3.388743,48.819322,-3.378651,48.822496,-3.371816,48.843451,-3.287465,48.849351,-3.275787,48.849351,-3.268951,48.847724,-3.259511,48.87226,-3.229726,48.869818,-3.213612,48.855414,-3.207143,48.835924,-3.207753,48.817857,-3.214955,48.807807,-3.227895,48.80329,-3.226796,48.800482,-3.225575,48.794135,-3.22053,48.806789,-3.216868,48.816352,-3.20873,48.84101,-3.178822,48.854926,-3.154205,48.862372,-3.145375,48.859198,-3.134999,48.874091,-3.116444,48.876654,-3.103749,48.871283,-3.091461,48.862209,-3.08434,48.851711,-3.08373,48.841946,-3.090728,48.835679,-3.090728,48.828274,-3.077056,48.820136,-3.084625,48.794135,-3.097524,48.7862,-3.104075,48.767401,-3.125478,48.759955,-3.125478,48.759955,-3.118031,48.804999,-3.085032,48.823961,-3.0655,48.821438,-3.049184,48.826972,-3.039296,48.828803,-3.028717,48.826972,-3.018219,48.821438,-3.008168,48.814602,-3.015696,48.813666,-3.01179,48.813707,-3.009389,48.812486,-3.008372,48.807807,-3.008168,48.805854,-3.017812,48.802924,-3.025502,48.794135,-3.042388,48.787909,-3.042388,48.780463,-3.029286,48.773871,-3.003651,48.772284,-2.952952,48.767401,-2.933095,48.759101,-2.934438,48.753079,-2.934397,48.746324,-2.933095,48.740912,-2.942738,48.739488,-2.946685,48.733222,-2.946685,48.726955,-2.932037,48.716498,-2.913971,48.704779,-2.898671,48.69477,-2.892079,48.657538,-2.826975,48.627672,-2.817047,48.619696,-2.812978,48.614569,-2.811431,48.609931,-2.814361,48.604926,-2.816396,48.598578,-2.812978,48.595608,-2.808013,48.591254,-2.795033,48.579169,-2.771067,48.560736,-2.714019,48.551703,-2.716949,48.544623,-2.721018,48.538967,-2.726674,48.534003,-2.734486,48.533637,-2.722727,48.530097,-2.713124,48.524156,-2.704701,48.516669,-2.696278,48.509019,-2.682362,48.518378,-2.679677,48.532782,-2.680247,48.540229,-2.676137,48.538804,-2.636342,48.543606,-2.620025,48.557603,-2.600697,48.582465,-2.577056,48.58869,-2.569407,48.594143,-2.558827,48.59809,-2.541086,48.625963,-2.473622,48.636461,-2.459543,48.643256,-2.459543,48.643948,-2.468007,48.650092,-2.487457,48.659084,-2.44286,48.656968,-2.421051,48.643256,-2.412262,48.650092,-2.38622,48.663275,-2.356068,48.680365,-2.329986,48.698554,-2.31607,48.686957,-2.312489,48.679633,-2.305328,48.676581,-2.295237,48.678046,-2.281972,48.6706,-2.281972,48.666571,-2.289418,48.661363,-2.293772,48.655707,-2.297475,48.650092,-2.302398,48.629625,-2.330312,48.620185,-2.312652,48.628607,-2.294016,48.642646,-2.27359,48.650092,-2.250966,48.644721,-2.246205,48.621324,-2.240712,48.615912,-2.237294,48.612372,-2.225942,48.603664,-2.219228,48.592434,-2.215688,48.581855,-2.213694,48.585883,-2.202789,48.593451,-2.195546,48.603746,-2.192128,48.615912,-2.192616,48.601304,-2.188385,48.588772,-2.182973,48.582953,-2.174062,48.58869,-2.159088,48.595445,-2.159088,48.596503,-2.163197,48.601711,-2.172109,48.613023,-2.161041,48.618883,-2.149322,48.617987,-2.137034,48.609117,-2.124338,48.615302,-2.131256,48.622138,-2.136627,48.636461,-2.144846,48.646918,-2.100209,48.650092,-2.052358,48.645575,-2.049794,48.619696,-2.028717,48.608954,-2.027089,48.598944,-2.022043,48.59162,-2.013254,48.58869,-2.000885,48.578843,-2.005116,48.575019,-2.00829,48.548977,-1.982493,48.535631,-1.976389,48.513577,-1.980295,48.520697,-1.970448,48.534003,-1.939361,48.547065,-1.967275,48.554918,-1.961903,48.572699,-1.976633,48.58869,-1.980295,48.58869,-1.9735,48.584174,-1.96939,48.581204,-1.965159,48.575019,-1.952952,48.586615,-1.960357,48.59276,-1.96939,48.59512,-1.979807,48.595445,-1.991119,48.601304,-2.000478,48.631049,-2.019032,48.643256,-2.028717,48.651313,-2.025543,48.660346,-2.018137,48.667629,-2.006581,48.6706,-1.991119,48.673774,-1.987701,48.680854,-1.987701,48.687893,-1.985911,48.691107,-1.976959,48.691107,-1.939361,48.698554,-1.945627,48.712144,-1.843739,48.707831,-1.846669,48.703437,-1.846913,48.698147,-1.843577,48.691107,-1.836334,48.664211,-1.861195,48.640855,-1.860951,48.623765,-1.838206,48.615912,-1.79601,48.615302,-1.722808,48.62344,-1.643951,48.640937,-1.595693,48.641791,-1.58967,48.643256,-1.579701,48.636461,-1.500559,48.652411,-1.393137,48.643256,-1.356557,48.66059,-1.372304,48.66828,-1.394602,48.6706,-1.432851,48.66828,-1.433013,48.664455,-1.437734,48.662828,-1.443267,48.667467,-1.445953,48.673896,-1.447092,48.679511,-1.45051,48.683417,-1.4558,48.690131,-1.490224,48.695502,-1.502675,48.701606,-1.507965,48.725165,-1.516469,48.747138,-1.553619,48.770819,-1.562082,48.798489,-1.562571,48.82217,-1.566762,48.837836,-1.578847,48.841946,-1.602935,48.849351,-1.602935,48.853583,-1.589101,48.862616,-1.578521,48.874213,-1.571848,48.922105,-1.56371,48.932318,-1.557037,48.923814,-1.548411,48.935248,-1.542795,48.944078,-1.541982,48.949693,-1.547027,48.951809,-1.55899,48.957587,-1.563059,49.015448,-1.552235,49.030341,-1.545766,49.035142,-1.532338,49.027533,-1.507965,49.033677,-1.507965,49.039781,-1.527252,49.039781,-1.549713,49.03266,-1.56843,49.017279,-1.576324,49.01317,-1.579457,49.018988,-1.586537,49.028998,-1.593577,49.037421,-1.59675,49.061265,-1.595937,49.071967,-1.593739,49.082099,-1.589345,49.08397,-1.603424,49.091498,-1.608754,49.102729,-1.607737,49.115627,-1.602935,49.128485,-1.595937,49.134589,-1.589019,49.143541,-1.569488,49.149848,-1.581776,49.148424,-1.584218,49.143541,-1.589345,49.159369,-1.597768,49.178209,-1.604482,49.197821,-1.608795,49.215888,-1.610422,49.225409,-1.602651,49.226264,-1.584462,49.219306,-1.548411,49.225491,-1.548411,49.229682,-1.569569,49.23786,-1.595286,49.238227,-1.616851,49.219306,-1.624664,49.231513,-1.640533,49.268378,-1.657094,49.280097,-1.671864,49.284613,-1.665395,49.286038,-1.662587,49.287543,-1.658193,49.302436,-1.68692,49.313544,-1.699086,49.329169,-1.706654,49.329169,-1.686187,49.335354,-1.686187,49.355862,-1.699127,49.355862,-1.706654,49.338528,-1.714752,49.346259,-1.733266,49.362454,-1.755727,49.370103,-1.775502,49.377021,-1.772857,49.37995,-1.771108,49.383734,-1.767974,49.381537,-1.78189,49.377631,-1.795074,49.376858,-1.806793,49.383734,-1.816477,49.396796,-1.819569,49.430854,-1.815785,49.445217,-1.816477,49.452053,-1.819407,49.458482,-1.823598,49.475816,-1.838206,49.480658,-1.839508,49.485826,-1.84024,49.493598,-1.843739,49.504299,-1.853586,49.52497,-1.879465,49.530911,-1.884674,49.544867,-1.878407,49.561713,-1.850168,49.571845,-1.843739,49.603176,-1.839223,49.619778,-1.839508,49.633938,-1.846913,49.645087,-1.855051,49.654771,-1.860585,49.661689,-1.869496,49.665839,-1.901601,49.677965,-1.945627,49.701565,-1.937652,49.716457,-1.939565,49.724107,-1.935211,49.726386,-1.908355,49.72427,-1.898997,49.71483,-1.87914,49.712714,-1.867299,49.715399,-1.839426,49.712714,-1.829457,49.708441,-1.824615,49.696357,-1.820953,49.691636,-1.816477,49.690741,-1.811838,49.692084,-1.800893,49.691636,-1.79601,49.686713,-1.773997,49.680162,-1.707753,49.66352,-1.633046,49.664293,-1.617177,49.662014,-1.616689,49.65705,-1.616363,49.652248,-1.613922,49.650051,-1.606679,49.652289,-1.59732,49.662055,-1.58373,49.664293,-1.572865,49.663031,-1.561187,49.657782,-1.540395,49.657457,-1.528432,49.662543,-1.511464,49.672187,-1.49592,49.695054,-1.470123,49.702216,-1.455719,49.711575,-1.409495,49.712714,-1.391265,49.698432,-1.271148,49.695502,-1.263051,49.6883,-1.259104,49.67178,-1.25414,49.641425,-1.232249,49.624091,-1.227773,49.61225,-1.253326,49.602851,-1.257558,49.593451,-1.259999,49.58926,-1.264027,49.588935,-1.286204,49.586819,-1.294993,49.581773,-1.301422,49.558092,-1.306264,49.538398,-1.293609,49.520738,-1.276519,49.49315,-1.261586,49.430365,-1.185292,49.415229,-1.175689,49.393378,-1.172231,49.382392,-1.174224,49.374579,-1.1787,49.369452,-1.183258,49.3664,-1.18517,49.356187,-1.181996,49.357001,-1.173818,49.361518,-1.163075,49.362698,-1.151723,49.356676,-1.141021,49.349514,-1.133453,49.345445,-1.122874,49.349026,-1.103424,49.355862,-1.103424,49.36579,-1.113759,49.379462,-1.106353,49.391547,-1.089589,49.396796,-1.072255,49.392279,-0.940419,49.362698,-0.822133,49.355862,-0.650787,49.347398,-0.607981,49.345893,-0.583363,49.358954,-0.546946,49.355292,-0.522532,49.34276,-0.479482,49.34276,-0.411122,49.338039,-0.393625,49.325019,-0.363433,49.317328,-0.3131,49.280097,-0.219472,49.295233,-0.194081,49.320054,-0.033844,49.334621,0.012869,49.350409,0.040294,49.354478,0.06308,49.35928,0.071951,49.383734,0.095958,49.415188,0.162364,49.433621,0.286876,49.452053,0.411306,49.467434,0.457286,49.478664,0.476573,49.493598,0.493175,49.464423,0.42213,49.456732,0.33961,49.464057,0.256847,49.479967,0.185313,49.479967,0.164806,49.480943,0.147309,49.485785,0.12436,49.493598,0.104421,49.503241,0.095958,49.509263,0.092784,49.51553,0.078624,49.524075,0.075369,49.53498,0.076589,49.542182,0.079682,49.603502,0.13087,49.691636,0.170909,49.703192,0.185883,49.729315,0.23585,49.729438,0.246755,49.735907,0.256847,49.775051,0.387462,49.784369,0.397634,49.832953,0.522797,49.839789,0.557384,49.857245,0.59669,49.8758,0.674815,49.875067,0.760916,49.961005,1.172618,49.973578,1.196951,49.97899,1.221202,50.007514,1.260997,50.075181,1.391287,50.117255,1.444102,50.123603,1.455821,50.132148,1.464529,50.185045,1.486827,50.214667,1.521007,50.217719,1.555349,50.186591,1.654307,50.187079,1.664073,50.192532,1.672537,50.199368,1.672537,50.19892,1.661957,50.200507,1.655284,50.204779,1.650076,50.212388,1.644542,50.212388,1.66505,50.219794,1.66505,50.220038,1.645681,50.224311,1.625499,50.232245,1.610037,50.243476,1.603526,50.256293,1.593923,50.26968,1.551117,50.277899,1.541515,50.310004,1.543142,50.349066,1.551524,50.375678,1.572032,50.372667,1.594981,50.370673,1.610362,50.376899,1.610362,50.404771,1.555186,50.411566,1.555186,50.44538,1.573497,50.492377,1.574229,50.533149,1.579275,50.548163,1.610362,50.574693,1.583344,50.588609,1.577891,50.635565,1.573578,50.67829,1.563162,50.698961,1.562673,50.716742,1.567638,50.756293,1.588715,50.770982,1.600108,50.790025,1.605642,50.812934,1.599294,50.849799,1.583181,50.863715,1.580821,50.868801,1.580577,50.881049,1.604828,50.883368,1.613455,50.884589,1.634288,50.889106,1.653331,50.900092,1.670177,50.925605,1.699067,50.943915,1.729828,50.996772,1.921397,50.994452,1.939301,51.007148,1.973481,51.019965,2.134044,51.055406,2.305512,51.059027,2.316091,51.059882,2.324474,51.055325,2.384451,51.068793,2.466075,51.080756,2.506684,51.087388,2.521495,51.087541,2.5218,51.06461,2.537033,42.443715,1.960634,42.441261,1.983372,42.441261,1.986163,42.442837,1.996084,42.443896,1.999495,42.458185,1.988436,42.47498,1.978308,42.485702,1.967972,42.481775,1.956604,42.463817,1.945648,42.451234,1.947509,42.443715,1.960634
