P,16777151,25.86461,55.054373,25.858385,55.046479,25.857733,55.038259,25.854641,55.032644,25.86286,55.023041,25.859605,55.018403,25.865749,55.018972,25.871853,55.015636,25.881619,55.012055,25.888739,55.026459,25.89289,55.043712,25.885769,55.048676,25.876085,55.049897,25.86461,55.054373
P,16777151,25.899848,54.553233,25.893052,54.543224,25.895982,54.529633,25.902655,54.513682,25.913764,54.509776,25.920111,54.522797,25.9265,54.54656,25.917711,54.551606,25.899848,54.553233
P,16777151,26.251939,54.526378,26.250963,54.521007,26.254218,54.509288,26.259711,54.497569,26.26557,54.492198,26.278713,54.490896,26.288723,54.488536,26.298041,54.488129,26.298082,54.488129,26.309638,54.492198,26.317369,54.498383,26.321234,54.506847,26.319403,54.516449,26.309638,54.526378,26.306789,54.533214,26.30272,54.53891,26.297349,54.543712,26.290432,54.547374,26.251939,54.526378
P,16777151,26.493842,54.048025,26.48843,54.036876,26.492174,53.963064,26.49258,53.955414,26.506537,53.923106,26.5362,53.902843,26.550198,53.912852,26.560126,53.927582,26.56509,53.945486,26.564114,53.964854,26.558905,53.9817,26.555569,54.018809,26.550482,54.033051,26.550442,54.033051,26.546129,54.034923,26.544013,54.035818,26.543891,54.035818,26.534857,54.035411,26.534817,54.035411,26.533718,54.035574,26.52676,54.036469,26.526679,54.036632,26.523179,54.043712,26.519761,54.047944,26.517768,54.050466,26.51203,54.051362,26.505805,54.052419,26.499823,54.050141,26.493842,54.048025
P,16777151,26.623765,55.889659,26.613023,55.869314,26.621039,55.853201,26.64411,55.855479,26.666449,55.868337,26.67768,55.884532,26.679429,55.894298,26.66885,55.902029,26.64525,55.903982,26.623765,55.889659
P,16777151,26.66885,53.65919,26.657172,53.646251,26.659329,53.628673,26.667304,53.611176,26.679592,53.601248,26.690497,53.609223,26.691107,53.629161,26.688788,53.639415,26.683824,53.651215,26.66885,53.65919
P,16777151,26.803127,53.382009,26.799628,53.367524,26.802558,53.329112,26.799994,53.317149,26.790717,53.299083,26.790676,53.279796,26.799547,53.22283,26.80622,53.205251,26.80744,53.203136,26.815172,53.189789,26.838568,53.158458,26.847886,53.149425,26.8522,53.153331,26.853705,53.160492,26.85635,53.168468,26.856879,53.178071,26.833645,53.262462,26.828681,53.337413,26.820502,53.360688,26.809801,53.37379,26.803127,53.382009
P,16777151,26.83869,56.379161,26.827623,56.340994,26.834418,56.322276,26.86107,56.326834,26.87934,56.341156,26.889797,56.366547,26.893052,56.404145,26.86225,56.40919,26.83869,56.379161
P,16777151,26.906806,56.171397,26.862006,56.148692,26.844672,56.137218,26.806871,56.095876,26.793524,56.089366,26.785346,56.080821,26.768134,56.042817,26.759019,56.03419,26.754096,56.025645,26.711575,55.97641,26.696275,55.947032,26.705024,55.924001,26.72484,55.902192,26.742906,55.876638,26.712063,55.809825,26.697903,55.79127,26.688381,55.772716,26.688544,55.751313,26.694525,55.705821,26.690497,55.685557,26.681545,55.664236,26.646918,55.610362,26.625637,55.554454,26.603258,55.520518,26.594875,55.50294,26.588609,55.441173,26.577826,55.397309,26.567288,55.378754,26.564114,55.369558,26.564114,55.369477,26.564602,55.366547,26.565619,55.361095,26.568996,55.349783,26.568996,55.33961,26.560452,55.335297,26.553616,55.33074,26.548285,55.319835,26.544908,55.307628,26.543647,55.298432,26.543647,55.29835,26.546291,55.294119,26.548489,55.290538,26.559963,55.285411,26.584662,55.28061,26.602281,55.287364,26.613593,55.289236,26.618801,55.284028,26.649807,55.273774,26.660224,55.284679,26.645331,55.331879,26.649807,55.342784,26.64822,55.348969,26.647447,55.351899,26.647488,55.35198,26.674018,55.404796,26.712958,55.538422,26.714993,55.557872,26.719387,55.570486,26.720649,55.574067,26.720689,55.574229,26.74608,55.620453,26.760565,55.640391,26.783271,55.705821,26.783922,55.716075,26.782416,55.736827,26.783271,55.746837,26.786078,55.754161,26.793891,55.764496,26.796942,55.774181,26.803656,55.771169,26.810533,55.766775,26.826158,55.782074,26.844957,55.785655,26.889635,55.781016,26.906724,55.773204,26.921332,55.756114,26.932929,55.739431,26.940904,55.732595,26.954047,55.757986,26.906806,55.897716,26.914781,55.935557,26.975653,56.041026,27.002346,56.173188,27.002997,56.212413,26.998765,56.232107,26.988715,56.25766,26.977769,56.273611,26.973822,56.27947,26.955146,56.287446,26.946967,56.271332,26.938788,56.255219,26.924547,56.193533,26.906806,56.171397
P,16777151,27.046332,56.481781,27.043931,56.466156,27.054836,56.434581,27.080024,56.43686,27.102769,56.455414,27.106024,56.472992,27.099758,56.483572,27.095771,56.495128,27.088935,56.504649,27.086982,56.505138,27.074368,56.508474,27.061672,56.504731,27.052314,56.495291,27.04914,56.488129,27.046332,56.481781
P,16777151,29.20893,50.326427,29.207572,50.316531,29.215446,50.30663,29.237473,50.296748,29.257138,50.290466,29.268939,50.283267,29.275218,50.295001,29.271275,50.305817,29.264177,50.323841,29.258661,50.334651,29.241368,50.330111,29.224026,50.333018,29.20893,50.326427
P,16777151,39.420179,44.982505,39.419352,44.987724,39.41961,44.998576,39.417957,45.006379,39.414029,45.009945,39.409482,45.012115,39.405968,45.015629,39.386848,45.051699,39.381732,45.057177,39.3746,45.060484,39.364213,45.068649,39.354757,45.078726,39.350726,45.087976,39.341114,45.096038,39.30935,45.11435,39.298894,45.120377,39.289283,45.128904,39.278482,45.135828,39.228666,45.146267,39.213525,45.152727,39.219829,45.178927,39.193061,45.283106,39.194921,45.28569,39.198616,45.292615,39.201381,45.30171,39.200528,45.311115,39.19425,45.313905,39.184844,45.311322,39.176292,45.311115,39.172597,45.320933,39.170427,45.334886,39.163916,45.348219,39.153193,45.353903,39.138439,45.345273,39.12831,45.351939,39.12322,45.360621,39.118957,45.369923,39.111154,45.379328,39.103247,45.383462,39.08175,45.391317,39.073327,45.396381,39.067875,45.405838,39.059477,45.429712,39.052785,45.434518,39.042476,45.432296,39.034104,45.428214,39.025629,45.425268,39.014881,45.427077,39.004235,45.438601,38.993125,45.45984,38.984392,45.482577,38.981917,45.494529,38.978655,45.510276,38.969276,45.530843,38.968453,45.535565,38.967132,45.543142,38.966382,45.570841,38.955504,45.627788,38.954781,45.716878,38.93913,45.768074,38.932095,45.791086,38.897472,46.001822,38.874114,46.067968,38.862668,46.126052,38.863701,46.135871,38.870548,46.202482,38.877163,46.219948,38.906567,46.271935,38.913931,46.291314,38.916256,46.304543,38.917471,46.343352,38.92362,46.367588,38.924705,46.378233,38.922354,46.391876,38.886077,46.496056,38.882176,46.514039,38.883002,46.532074,38.889824,46.553726,38.89773,46.569849,38.907704,46.585352,38.919693,46.599202,38.934007,46.610674,38.979482,46.638838,38.992944,46.65217,39.004907,46.670412,39.027955,46.728393,39.040254,46.744826,39.070588,46.761621,39.085367,46.773765,39.09038,46.781516,39.097382,46.798053,39.102395,46.806011,39.108518,46.811695,39.143245,46.837378,39.155492,46.850969,39.165362,46.866162,39.165445,46.866391,39.171409,46.883009,39.171744,46.898718,39.162055,46.926624,39.158903,46.94161,39.16066,46.953754,39.186956,47.013628,39.18996,47.020468,39.199598,47.030907,39.207014,47.036074,39.244944,47.052921,39.289851,47.089094,39.299825,47.092505,39.308403,47.10222,39.33114,47.150072,39.361268,47.249705,39.366384,47.26132,39.379613,47.291356,39.405877,47.324417,39.405968,47.324532,39.455577,47.374245,39.476816,47.406904,39.494696,47.448762,39.513197,47.518732,39.51516,47.54116,39.521982,47.554079,39.563581,47.606995,39.571411,47.62498,39.623784,47.745282,39.657651,47.788212,39.669931,47.803779,39.680318,47.823106,39.685279,47.846877,39.684142,47.922945,39.686519,47.935244,39.693961,47.945683,39.707345,47.957258,39.707256,47.957708,39.704554,47.971418,39.694271,47.990745,39.650087,48.052033,39.494025,48.220085,39.445035,48.288608,39.415166,48.31672,39.378941,48.33894,39.37633,48.328405,39.369898,48.302457,39.342354,48.24985,39.332587,48.187218,39.319048,48.153525,39.297602,48.124587,39.26918,48.10619,39.234841,48.104329,39.208047,48.117765,39.181201,48.142157,39.138232,48.199104,39.119784,48.256258,39.108312,48.271296,39.05803,48.301475,39.045396,48.306798,39.031469,48.306281,39.017946,48.30159,39.017464,48.301423,39.004597,48.293672,38.994003,48.284629,38.994003,48.284474,38.993952,48.284474,38.993797,48.28437,38.993771,48.28437,38.973875,48.243184,38.948373,48.058544,38.941914,48.055134,38.934369,48.05534,38.927909,48.052446,38.902588,48.000046,38.891219,47.990745,38.850085,47.993122,38.821559,48.012966,38.780941,48.077974,38.729756,48.21037,38.721462,48.222979,38.713193,48.225635,38.698621,48.230317,38.679087,48.226182,38.662189,48.228043,38.631777,48.276515,38.613562,48.292225,38.600151,48.310312,38.599583,48.341059,38.618109,48.391754,38.618109,48.415267,38.596457,48.426739,38.569972,48.433715,38.556407,48.446634,38.544935,48.462654,38.524756,48.479087,38.510312,48.495933,38.493776,48.510816,38.469154,48.535641,38.456258,48.548643,38.420369,48.575929,38.395978,48.607865,38.395646,48.612962,38.392645,48.659128,38.398019,48.683209,38.407114,48.710287,38.419568,48.735609,38.435226,48.755349,38.444812,48.777725,38.444631,48.809713,38.434063,48.874278,38.346177,48.877208,38.316881,48.865896,38.295559,48.872895,38.242743,48.874848,38.205797,48.893728,38.083482,48.907725,37.966864,48.949067,37.94774,48.941173,37.924994,48.940196,37.903388,48.944509,37.888007,48.952159,37.842475,48.987478,37.832099,48.987804,37.823188,48.984711,37.815985,48.983165,37.77676,48.993663,37.739163,49.014496,37.67886,49.065196,37.623358,49.132498,37.581692,49.205577,37.51496,49.366873,37.494859,49.441742,37.453559,49.826182,37.458564,49.867442,37.469713,49.901541,37.474433,49.933767,37.459703,49.969493,37.458482,49.959972,37.460924,49.948904,37.461615,49.943126,37.453559,49.935313,37.42772,50.018728,37.403876,50.148774,37.38935,50.195649,37.365424,50.227306,37.329332,50.223318,37.315416,50.232107,37.279283,50.245128,37.264838,50.254242,37.246894,50.268728,37.192816,50.292247,37.153266,50.322276,37.126532,50.357188,37.082953,50.429454,37.03498,50.478852,37.027737,50.493988,37.023261,50.513438,36.963284,50.624034,36.959418,50.644786,36.954332,50.658702,36.928697,50.688243,36.918443,50.703136,36.849555,50.86085,36.767646,51.004731,36.737006,51.088634,36.692572,51.367849,36.650946,51.546072,36.624254,51.730968,36.582709,51.909028,36.602525,52.094086,36.650946,52.258556,36.685126,52.430512,36.712388,52.608653,36.740383,52.779307,36.781317,52.950531,36.822252,53.115733,36.881903,53.447602,36.887885,53.492361,36.905829,53.885916,36.919623,53.957774,36.952623,54.006521,36.914618,54.004242,36.898749,53.947602,36.891669,53.876475,36.880276,53.83074,36.87523,53.818207,36.877021,53.803884,36.883734,53.77711,36.881822,53.762055,36.873236,53.734386,36.870673,53.719005,36.876899,53.660411,36.876899,53.609141,36.865668,53.616954,36.861965,53.631033,36.863227,53.663829,36.857815,53.643891,36.857001,53.635997,36.831204,53.660167,36.816596,53.70102,36.805487,53.856456,36.798407,53.872081,36.793606,53.889171,36.821112,54.014334,36.829088,54.026215,36.845771,54.033051,36.949123,54.033539,36.966213,54.028087,36.97309,54.013357,36.979153,53.994395,36.99372,53.997244,37.027737,54.02003,37.057318,53.996267,37.094062,53.980317,37.178534,53.958018,37.243801,53.927745,37.258002,53.923188,37.342754,53.913748,37.323744,54.186594,37.324596,54.206438,37.330746,54.224524,37.344957,54.243025,37.354827,54.261525,37.355654,54.283332,37.353225,54.30638,37.353277,54.328497,37.362682,54.364154,37.440817,54.533343,37.443607,54.555977,37.433013,54.616852,37.433272,54.638969,37.438905,54.653956,37.459989,54.678554,37.466293,54.698294,37.475698,54.7108,37.500555,54.758342,37.517453,54.783663,37.524636,54.788314,37.539932,54.791415,37.565047,54.805057,37.579284,54.808158,37.603339,54.809398,37.610341,54.808158,37.61693,54.80361,37.625353,54.791828,37.630805,54.788314,37.651863,54.787281,37.682921,54.803714,37.702816,54.808158,37.718629,54.813636,37.735269,54.826658,37.761133,54.85663,37.843092,55.006802,37.884407,55.053518,37.894846,55.061373,37.908437,55.066644,37.913708,55.078736,37.915542,55.092792,37.918798,55.10354,37.926472,55.110775,37.944713,55.121731,37.95231,55.130309,37.957478,55.149636,37.966159,55.20741,37.969983,55.219709,37.985796,55.228804,37.995408,55.250508,38.007552,55.296087,38.008792,55.307456,38.022125,55.328126,38.030496,55.348797,38.075894,55.423108,38.083671,55.447395,38.085842,55.510957,38.118656,55.708672,38.118605,55.738437,38.107804,55.800346,38.089924,55.839413,38.085997,55.854089,38.085583,55.905042,38.081449,55.921888,38.07008,55.94907,38.066515,55.963023,38.065895,55.978422,38.086462,56.121463,38.082379,56.161874,38.080792,56.166741,38.070649,56.197841,38.06884,56.214067,38.080235,56.299747,38.089459,56.315456,38.10522,56.325481,38.123772,56.328995,38.141136,56.324241,38.165785,56.297059,38.179428,56.303364,38.225523,56.366409,38.244127,56.400102,38.255082,56.436482,38.257408,56.528156,38.2541,56.54521,38.247382,56.559162,38.239502,56.571771,38.234567,56.585207,38.236866,56.60133,38.264616,56.681532,38.27105,56.729384,38.269603,56.738996,38.244488,56.778167,38.22896,56.812377,38.224955,56.82788,38.202734,56.978361,38.189815,57.018049,38.187283,57.038409,38.195241,57.056496,38.205059,57.070449,38.222009,57.102798,38.232112,57.114684,38.259733,57.134838,38.262364,57.137914,38.26981,57.14662,38.276476,57.163983,38.277561,57.174939,38.276476,57.185894,38.27074,57.207288,38.265081,57.218347,38.258596,57.221137,38.251155,57.221551,38.24237,57.225788,38.211519,57.248836,38.176896,57.266923,38.162943,57.278602,38.135012,57.311364,38.105117,57.32294,38.081062,57.344334,38.063569,57.349295,38.046929,57.346814,37.994116,57.327074,37.967529,57.352395,37.922312,57.496263,37.924069,57.512076,37.927841,57.527682,37.929986,57.544632,37.928229,57.561375,37.916601,57.612328,37.917428,57.66111,37.920477,57.676097,37.92027,57.691186,37.913708,57.704622,37.905078,57.717128,37.898644,57.729943,37.898272,57.734827,37.897998,57.738418,37.901021,57.754748,37.899393,57.763016,37.89389,57.770044,37.878774,57.779139,37.872573,57.785031,37.867638,57.800017,37.868646,57.81645,37.871746,57.833296,37.872728,57.849523,37.865338,57.884146,37.805704,58.040932,37.793431,58.106871,37.791131,58.140564,37.788186,58.156687,37.781623,58.173534,37.774853,58.181182,37.767928,58.181285,37.760771,58.179115,37.753046,58.179942,37.729636,58.195755,37.722195,58.199269,37.703953,58.201853,37.690104,58.201956,37.678735,58.206814,37.667469,58.223867,37.662328,58.24092,37.653052,58.318848,37.648297,58.331457,37.633311,58.357812,37.630366,58.371765,37.637497,58.462302,37.644112,58.479665,37.660674,58.493101,37.677391,58.502299,37.691473,58.514288,37.700387,58.529791,37.701576,58.549325,37.694858,58.565655,37.659511,58.615884,37.645404,58.659086,37.642716,58.68172,37.644628,58.704251,37.648814,58.712933,37.654783,58.719237,37.659382,58.726368,37.659408,58.737737,37.656152,58.759028,37.656798,58.76926,37.65964,58.779802,37.672844,58.793134,37.687727,58.795615,37.694651,58.801093,37.668089,58.861037,37.65393,58.938655,37.639512,58.978136,37.631451,58.992192,37.628014,59.005525,37.624526,59.034567,37.619617,59.045625,37.592745,59.078285,37.516316,59.211714,37.514714,59.233108,37.535178,59.289228,37.530346,59.312276,37.515127,59.332326,37.493837,59.351653,37.480633,59.356304,37.458438,59.353204,37.447509,59.359198,37.439215,59.361989,37.430275,59.357854,37.42043,59.351653,37.409294,59.348346,37.388365,59.350723,37.319429,59.37036,37.305683,59.382039,37.264187,59.444671,37.247443,59.463481,37.2407,59.469372,37.235842,59.468132,37.232457,59.464515,37.229718,59.463068,37.223,59.461827,37.214758,59.45883,37.207601,59.461724,37.204138,59.478157,37.198764,59.484668,37.193596,59.49273,37.190212,59.501205,37.189824,59.509473,37.199849,59.541202,37.197782,59.555982,37.18339,59.572725,37.16781,59.579856,37.148896,59.584611,37.132334,59.591535,37.123885,59.604971,37.125487,59.61448,37.131507,59.621508,37.146261,59.633186,37.15024,59.642592,37.149672,59.653237,37.112206,59.797207,37.067816,59.862837,37.050556,59.899527,37.038826,59.981589,37.025803,60.019209,36.994022,60.048872,36.930021,60.086389,36.873409,60.132588,36.769746,60.238524,36.74241,60.259608,36.68107,60.28865,36.651976,60.309218,36.637145,60.34229,36.63947,60.501247,36.641485,60.641084,36.644638,60.854404,36.646343,60.97295,36.64779,61.075476,36.640762,61.125188,36.636318,61.165806,36.602315,61.173971,36.586915,61.182239,36.577665,61.18596,36.565108,61.187614,36.552809,61.186167,36.541647,61.182239,36.532035,61.176865,36.524438,61.170664,36.513845,61.166323,36.501804,61.167977,36.486818,61.173971,36.406306,61.152474,36.357265,61.146686,36.328636,61.160949,36.324657,61.157745,36.321867,61.156194,36.314942,61.153507,36.311583,61.163119,36.306416,61.171077,36.300369,61.177278,36.294478,61.181412,36.283988,61.185443,36.273549,61.1872,36.250347,61.187614,36.240631,61.190921,36.221098,61.205494,36.158931,61.22048,36.128804,61.223064,36.123688,61.224717,36.117538,61.222754,36.106376,61.212212,36.099503,61.207251,36.090563,61.20415,36.080745,61.202393,36.071598,61.20198,36.060797,61.198156,36.055785,61.189681,36.052788,61.180276,36.048033,61.173971,36.035941,61.171077,36.015839,61.174591,36.006485,61.173971,35.995944,61.161775,35.982353,61.141415,35.970519,61.129839,35.965506,61.143585,35.962354,61.16808,35.953569,61.188337,35.940495,61.205804,35.924527,61.221823,35.910677,61.232159,35.893883,61.241047,35.876209,61.247352,35.840397,61.251899,35.82536,61.255516,35.809133,61.256137,35.786706,61.249729,35.779368,61.256137,35.769497,61.256343,35.745778,61.249729,35.740197,61.249005,35.722472,61.249729,35.715496,61.246731,35.704592,61.233089,35.698597,61.229161,35.671881,61.231745,35.649298,61.245388,35.618499,61.269676,35.609197,61.277014,35.568269,61.287556,35.548064,61.290036,35.52729,61.283835,35.508428,61.270503,35.48507,61.247041,35.465847,61.235983,35.434479,61.227301,35.424247,61.221823,35.401148,61.200843,35.390089,61.195055,35.369573,61.190404,35.318104,61.195055,35.300379,61.187097,35.291387,61.167873,35.28808,61.143999,35.287666,61.122708,35.277951,61.108342,35.25666,61.102451,35.235318,61.101624,35.225603,61.102347,35.221262,61.107929,35.21165,61.112786,35.202038,61.112373,35.197698,61.102347,35.193202,61.096353,35.183228,61.101521,35.143902,61.137074,35.139665,61.139865,35.128296,61.137901,35.119408,61.135214,35.111191,61.136764,35.102096,61.147306,35.074191,61.123121,35.059877,61.115887,35.018535,61.109892,34.981018,61.095319,34.961485,61.092012,34.951925,61.088912,34.933114,61.074752,34.920557,61.071548,34.910325,61.072582,34.891721,61.077026,34.88304,61.077749,34.847693,61.073409,34.814724,61.06545,34.806249,61.034755,34.789712,61.02907,34.76098,61.00964,34.74062,60.978014,34.723205,60.959927,34.699589,60.958687,34.67375,60.961994,34.649411,60.957964,34.63799,60.947525,34.635665,60.935846,34.636543,60.922824,34.634683,60.908871,34.628327,60.895435,34.62166,60.888924,34.613702,60.883859,34.570914,60.838488,34.559907,60.818954,34.554119,60.794046,34.548022,60.739269,34.537428,60.714361,34.516396,60.699685,34.515129,60.71033,34.51115,60.718908,34.504277,60.725316,34.480429,60.733894,34.473452,60.742783,34.464151,60.767277,34.455081,60.77937,34.44348,60.789085,34.417487,60.804898,34.337647,60.879105,34.318914,60.890474,34.315271,60.815957,34.310129,60.714361,34.306641,60.643667,34.28535,60.650592,34.271217,60.634986,34.250262,60.587443,34.220057,60.552407,34.186131,60.520884,34.139028,60.492772,34.094277,60.486778,34.080927,60.488461,33.994257,60.499387,33.84145,60.528016,33.80215,60.525845,33.744117,60.494943,33.71138,60.486881,33.638387,60.511789,33.587796,60.574834,33.559891,60.655553,33.554852,60.733894,33.558159,60.807378,33.555782,60.846032,33.548703,60.879622,33.541132,60.895125,33.528446,60.911971,33.514105,60.92086,33.512571,60.919788,33.501522,60.912075,33.497026,60.897295,33.494365,60.849856,33.484495,60.832183,33.470129,60.829289,33.453463,60.832803,33.436255,60.834664,33.416282,60.829082,33.404887,60.818644,33.387782,60.785881,33.366337,60.757046,33.323032,60.719012,33.267712,60.670332,33.206191,60.615969,33.151285,60.5676,33.137307,60.561502,33.058268,60.562949,32.994344,60.577522,32.912359,60.60615,32.815517,60.64005,32.715601,60.67488,32.61031,60.711674,32.494581,60.752291,32.355907,60.79632,32.248885,60.830323,32.167443,60.828256,32.087862,60.81482,32.07117,60.808825,32.042541,60.782677,32.027194,60.774926,32.021044,60.778336,32.01691,60.786708,32.011277,60.792599,31.989263,60.784021,31.978979,60.786088,31.969161,60.791049,31.958464,60.794976,31.93676,60.796733,31.874955,60.789292,31.826534,60.791462,31.733981,60.805311,31.660084,60.792599,31.636675,60.794976,31.588357,60.809962,31.494668,60.821744,31.482731,60.855024,31.47007,60.956,31.449089,61.123535,31.448887,61.125149,31.427644,61.29479,31.403097,61.490851,31.388741,61.606259,31.38191,61.661176,31.373177,61.686911,31.359844,61.706548,31.32088,61.742308,31.30238,61.749233,31.259437,61.742308,31.239541,61.742722,31.219129,61.752437,31.181095,61.779205,31.158616,61.78768,31.129315,61.789334,31.118929,61.791814,31.087148,61.809281,31.054488,61.821477,31.034593,61.826334,31.014956,61.826438,30.993923,61.819306,30.961419,61.800186,30.94974,61.804527,30.881424,61.808351,30.87853,61.802356,30.871502,61.799876,30.853467,61.798429,30.852381,61.799773,30.847059,61.802253,30.831401,61.7852,30.745515,61.702621,30.613895,61.57622,30.494574,61.461705,30.494522,61.461705,30.41029,61.380367,30.298307,61.272156,30.239706,61.215622,30.154285,61.133043,29.994398,60.978427,29.994139,60.978117,29.916883,60.902153,29.858179,60.844379,29.77498,60.925097,29.720616,60.978014,29.652429,61.043333,29.573984,61.118677,29.492284,61.196915,29.40663,61.279184,29.392651,61.298718,29.385391,61.319802,29.374384,61.337372,29.349062,61.34657,29.329529,61.34471,29.294492,61.332824,29.274907,61.332824,29.25452,61.342333,29.22385,61.374165,29.206642,61.386981,29.195428,61.390082,29.170469,61.392769,29.159074,61.397937,29.148558,61.408582,29.145664,61.417677,29.14463,61.426875,29.139618,61.437727,29.125407,61.447959,29.108379,61.45323,29.093884,61.460879,29.087476,61.478035,29.080655,61.48775,29.072025,61.490644,29.06293,61.487234,29.054326,61.478035,29.047866,61.4708,29.041743,61.46801,29.035903,61.470284,29.030658,61.478035,29.02549,61.490954,29.017713,61.502116,29.007378,61.510901,28.922138,61.553173,28.902733,61.55896,28.885938,61.561338,28.870978,61.566505,28.842685,61.595341,28.78765,61.623969,28.756334,61.653012,28.673961,61.756158,28.626574,61.797706,28.574769,61.861164,28.5426,61.89279,28.533737,61.91129,28.518984,61.971132,28.494696,62.018829,28.486324,62.049111,28.481363,62.115567,28.475266,62.147503,28.442451,62.230702,28.418887,62.362787,28.406123,62.390538,28.394108,62.402165,28.380698,62.410743,28.368554,62.420975,28.360441,62.437201,28.355686,62.453841,28.349821,62.46428,28.339692,62.471204,28.322303,62.477716,28.300703,62.492288,28.240319,62.555437,28.229027,62.575643,28.258328,62.739302,28.246442,62.761523,28.211483,62.76638,28.108725,62.751704,27.994985,62.735684,27.925842,62.754185,27.829724,62.780281,27.77027,62.786379,27.689474,62.794699,27.63927,62.799712,27.547054,62.809323,27.494964,62.814698,27.453364,62.8086,27.348099,62.756045,27.326912,62.775682,27.31606,62.780643,27.299833,62.778783,27.285519,62.774132,27.274357,62.768086,27.267691,62.758215,27.266812,62.742351,27.232499,62.785604,27.225161,62.800642,27.225368,62.808548,27.232499,62.822294,27.233636,62.829322,27.231259,62.837384,27.219632,62.860845,27.213482,62.892419,27.214877,62.919601,27.225161,62.97784,27.228778,63.003782,27.243196,63.056182,27.244385,63.082743,27.242834,63.099435,27.243196,63.112302,27.258699,63.166976,27.258441,63.177105,27.254462,63.189559,27.233223,63.215448,27.22697,63.226817,27.21896,63.251519,27.213792,63.260614,27.203405,63.271259,27.184647,63.285573,27.117312,63.319628,27.123358,63.30242,27.123203,63.280561,27.115607,63.260924,27.099536,63.249968,27.089459,63.246248,27.075868,63.235602,27.065843,63.231365,27.05406,63.229918,26.941147,63.234982,26.92244,63.243974,26.906162,63.25648,26.890039,63.264851,26.871746,63.261647,26.85955,63.246661,26.853711,63.206043,26.846011,63.189559,26.83025,63.182272,26.685039,63.174314,26.645093,63.163772,26.625404,63.141344,26.625818,63.131268,26.629435,63.123464,26.634034,63.11623,26.6376,63.1076,26.638375,63.09804,26.632536,63.068894,26.633518,63.029413,26.638892,62.990449,26.640907,62.900016,26.642613,62.821674,26.644163,62.753564,26.641321,62.742712,26.632226,62.735064,26.615121,62.724729,26.610522,62.718011,26.606904,62.71057,26.60401,62.70194,26.597706,62.671037,26.598274,62.662511,26.603183,62.651349,26.605147,62.6406,26.600393,62.632022,26.592952,62.624115,26.587112,62.615795,26.580704,62.595331,26.564788,62.428003,26.562307,62.418495,26.55683,62.41064,26.543807,62.402475,26.539053,62.396687,26.536624,62.386352,26.537503,62.365268,26.536624,62.355863,26.533317,62.347594,26.524842,62.334675,26.520656,62.32651,26.51368,62.306977,26.508771,62.298295,26.501226,62.291991,26.492441,62.29013,26.485878,62.293127,26.480245,62.296952,26.474044,62.297882,26.456629,62.287546,26.428931,62.256127,26.416528,62.248996,26.393584,62.254474,26.375187,62.26424,26.360976,62.265119,26.350641,62.243415,26.355343,62.205898,26.369503,62.161456,26.373999,62.123835,26.349711,62.106886,26.325113,62.103268,26.314829,62.094173,26.308576,62.05278,26.302892,62.032265,26.294624,62.013661,26.273178,61.977746,26.242379,61.857133,26.225377,61.832949,26.198454,61.818376,26.167448,61.809901,26.106625,61.800703,26.052829,61.792745,25.990611,61.783236,25.907412,61.770627,25.837597,61.760085,25.819975,61.754504,25.803284,61.739311,25.799667,61.721948,25.80008,61.702621,25.795481,61.681434,25.769178,61.66035,25.732384,61.665311,25.6928,61.676369,25.65828,61.673475,25.650477,61.667171,25.637299,61.652495,25.627687,61.646604,25.613321,61.643193,25.554927,61.639059,25.469299,61.633064,25.36977,61.626036,25.285486,61.620042,25.20213,61.588281,25.202094,61.588227,25.216702,61.581879,25.233466,61.579763,25.244818,61.562348,25.250963,61.559255,25.254096,61.554454,25.248277,61.544688,25.24258,61.54184,25.226508,61.540375,25.220364,61.537283,25.215644,61.542817,25.205064,61.552745,25.200507,61.55836,25.202704,61.536957,25.208645,61.520763,25.208808,61.504242,25.193671,61.482595,25.186835,61.506196,25.181871,61.515961,25.173163,61.524181,25.16352,61.518809,25.14525,61.503184,25.13467,61.498546,25.129381,61.498546,25.125434,61.497406,25.118598,61.489513,25.11164,61.475108,25.096869,61.420584,25.087714,61.435069,25.059408,61.411717,25.111886,61.24353,25.123249,61.185068,25.139608,61.185476,25.16444,61.170269,25.209784,61.03061,25.234605,60.86671,25.26439,60.727712,25.27497,60.633474,25.283189,60.616954,25.296088,60.632335,25.327582,60.608165,25.341051,60.604991,25.397162,60.604747,25.405951,60.601573,25.438625,60.565196,25.446926,60.549653,25.44892,60.532074,25.447333,60.514171,25.428168,60.445649,25.419623,60.428477,25.405992,60.418956,25.388861,60.403331,25.377875,60.395274,25.371324,60.39503,25.364976,60.398123,25.344672,60.402029,25.341946,60.406912,25.341295,60.413748,25.336371,60.424815,25.336493,60.433442,25.33393,60.437673,25.327582,60.441661,25.317385,60.452207,25.318793,60.441254,25.316596,60.441091,25.303087,60.470063,25.290276,60.467246,25.29279,60.455645,25.304965,60.423523,25.320258,60.382823,25.330552,60.362559,25.329851,60.319223,25.351304,60.290294,25.367255,60.299653,25.371161,60.303966,25.377183,60.289399,25.379584,60.271251,25.377997,60.235037,25.373114,60.207367,25.371161,60.201508,25.362006,60.192556,25.356147,60.192556,25.351223,60.195079,25.33828,60.215974,25.319689,60.20921,25.319892,60.181977,25.331977,60.161876,25.335273,60.15089,25.33983,60.11671,25.34512,60.108897,25.35814,60.097911,25.36595,60.082038,25.363858,60.045325,25.35685,59.994423,25.354911,59.940823,25.329863,59.903806,25.343057,59.861696,25.379201,59.819865,25.389869,59.774873,25.383361,59.659134,25.383777,59.613997,25.39975,59.53799,25.443467,59.490443,25.461607,59.453902,25.451846,59.397288,25.434719,59.279145,25.430732,59.251069,25.422919,59.195323,25.398505,59.138357,25.394192,59.117198,25.395697,59.108735,25.402248,59.101329,25.406399,59.094086,25.404608,59.08546,25.400702,59.076182,25.398505,59.066905,25.399604,59.043956,25.403225,59.024181,25.409735,59.007335,25.419623,58.994314,25.486518,58.94809,25.513373,58.923513,25.529486,58.884451,25.528795,58.84962,25.532904,58.840343,25.542385,58.834158,25.552314,58.830577,25.56037,58.825206,25.563625,58.813731,25.563625,58.728038,25.593655,58.546397,25.584662,58.484141,25.587958,58.430512,25.596015,58.411794,25.612006,58.418956,25.610297,58.389659,25.60456,58.357595,25.598131,58.344086,25.580797,58.321056,25.577297,58.305919,25.57982,58.299001,25.583889,58.295584,25.583726,58.290701,25.573879,58.278982,25.568671,58.271007,25.565741,58.260753,25.56684,58.251964,25.573879,58.248302,25.571438,58.242442,25.549302,58.207286,25.544094,58.170421,25.549791,58.137869,25.558905,58.106212,25.563625,58.07309,25.574937,58.046235,25.601874,58.024181,25.659166,57.994314,25.693183,57.963227,25.701321,57.925304,25.691636,57.884044,25.672838,57.843516,25.647773,57.809418,25.635443,57.787446,25.635565,57.771739,25.679674,57.77589,25.691148,57.779796,25.696112,57.782481,25.699774,57.783051,25.707587,57.781505,25.730455,57.771251,25.742743,57.755626,25.747707,57.734711,25.748521,57.709727,25.746405,57.687185,25.734931,57.631847,25.737006,57.61964,25.746405,57.598806,25.748521,57.587169,25.747504,57.575694,25.742825,57.555837,25.741767,57.545584,25.743557,57.520681,25.762885,57.452485,25.769029,57.459972,25.777004,57.326182,25.784125,57.311534,25.79975,57.304373,25.8487,57.298676,25.8994,57.274425,25.939887,57.261974,25.95897,57.253591,25.967027,57.243663,25.970893,57.242035,25.995022,57.219737,25.995836,57.215343,25.993883,57.202647,25.995022,57.198578,25.999172,57.196788,26.010972,57.194102,26.046861,57.180512,26.063544,57.176524,26.082994,57.166759,26.094916,57.164561,26.115627,57.170909,26.146226,57.201996,26.166246,57.212901,26.198188,57.199229,26.263739,57.133067,26.290432,57.138438,26.296617,57.131033,26.341864,57.125255,26.364325,57.118175,26.38227,57.107107,26.398993,57.087901,26.40648,57.083181,26.415351,57.080333,26.438218,57.076671,26.447455,57.076345,26.572211,57.093435,26.618801,57.090017,26.850979,57.024913,26.868883,57.011241,26.895331,56.977306,26.911119,56.96518,26.927232,56.966482,26.945543,56.93572,26.955146,56.925548,26.954291,56.940115,26.958157,56.95102,26.963853,56.961111,26.968817,56.973318,26.975653,56.964854,26.985053,56.963552,26.994818,56.967052,27.002997,56.973318,26.991116,56.942556,26.989325,56.932384,26.9914,56.923106,26.99608,56.917247,27.0008,56.913097,27.002997,56.908214,27.006415,56.903087,27.013007,56.897797,27.017035,56.89088,27.00845,56.871349,27.011868,56.865489,27.020087,56.862966,27.03026,56.863455,27.027655,56.850597,27.032904,56.843761,27.040229,56.844086,27.043931,56.853526,27.047431,56.858409,27.064399,56.875987,27.070624,56.884613,27.07807,56.884613,27.081692,56.855317,27.096137,56.831391,27.117011,56.815196,27.139553,56.808849,27.12934,56.797211,27.125312,56.784434,27.12523,56.757335,27.129584,56.742361,27.139228,56.733084,27.14883,56.725597,27.153144,56.716075,27.154242,56.612315,27.160631,56.589692,27.153144,56.582856,27.165188,56.558604,27.170722,56.528575,27.173651,56.466156,27.17886,56.436534,27.197496,56.384125,27.201606,56.353038,27.198472,56.291189,27.19123,56.259613,27.177069,56.236583,27.167873,56.21518,27.165351,56.150157,27.160631,56.123709,27.155748,56.115571,27.141018,56.098888,27.136135,56.095551,27.125556,56.093516,27.122219,56.088145,27.120754,56.080414,27.115627,56.071788,27.102607,56.054535,27.066352,55.987315,27.048041,55.963145,27.043931,55.962738,27.040758,55.95753,27.026679,55.939301,27.023424,55.928396,27.018744,55.8838,27.009752,55.842459,27.008734,55.831798,27.009752,55.79835,27.007717,55.787283,26.998277,55.772472,26.996161,55.763682,26.996161,55.726329,27.002753,55.694835,27.002997,55.684825,26.995429,55.665863,26.967515,55.632335,26.961371,55.61964,26.953681,55.608572,26.899888,55.554454,26.90412,55.568858,26.907172,55.575043,26.91356,55.582367,26.889065,55.586436,26.859117,55.580414,26.830797,55.568533,26.810533,55.554454,26.784573,55.521739,26.767524,55.48406,26.759914,55.442231,26.762152,55.397309,26.787095,55.316742,26.792548,55.270844,26.776435,55.232921,26.757392,55.221039,26.739488,55.215587,26.726386,55.205903,26.721177,55.181651,26.719143,55.16212,26.707587,55.118175,26.701321,55.103282,26.648912,55.037934,26.642646,55.026866,26.572659,54.930675,26.515774,54.822032,26.510443,54.815196,26.503852,54.80893,26.498236,54.801524,26.495836,54.791026,26.49787,54.778494,26.506822,54.761567,26.508938,54.749685,26.502021,54.663829,26.508246,54.619965,26.530992,54.602875,26.559963,54.590587,26.584662,54.56129,26.592515,54.516612,26.589342,54.425629,26.605129,54.389415,26.630845,54.37143,26.662828,54.356619,26.693427,54.337738,26.714993,54.308116,26.718655,54.286876,26.715766,54.266856,26.710842,54.247569,26.706122,54.171397,26.708197,54.150401,26.726142,54.081716,26.728583,54.064464,26.731635,54.053722,26.745307,54.034516,26.749091,54.026215,26.749457,54.015798,26.745592,53.995128,26.718004,53.929373,26.712348,53.883474,26.702094,53.842784,26.701321,53.820811,26.71426,53.776134,26.716051,53.75172,26.704739,53.728282,26.708564,53.716075,26.749091,53.663829,26.788764,53.588634,26.854315,53.491547,26.870103,53.477224,26.889635,53.471446,26.937201,53.469086,26.957099,53.461111,26.975653,53.444102,26.993557,53.41212,27.096869,53.072032,27.098578,53.050141,27.104071,53.028656,27.117336,53.01531,27.133246,53.004731,27.146959,52.992198,27.160346,52.932628,27.170233,52.92335,27.191962,52.914724,27.20307,52.894298,27.215277,52.848318,27.279731,52.767751,27.301337,52.732188,27.322374,52.678803,27.352932,52.601329,27.37226,52.58074,27.392768,52.579112,27.405504,52.588552,27.412055,52.605235,27.413886,52.62615,27.413316,52.644867,27.415351,52.666515,27.425279,52.678966,27.448635,52.670095,27.460883,52.654145,27.474677,52.613536,27.485826,52.598399,27.497748,52.590505,27.530585,52.574474,27.540717,52.567638,27.609442,52.492524,27.632636,52.459646,27.646633,52.423106,27.681383,52.244884,27.698228,52.207205,27.795396,52.089203,27.817369,52.052582,27.832709,52.011241,27.838446,51.963715,27.830878,51.894298,27.835354,51.878429,27.845893,51.85963,27.843597,51.823864,27.835454,51.785295,27.825117,51.722799,27.830581,51.683443,27.846666,51.596934,27.849311,51.585134,27.85578,51.580089,27.865302,51.578868,27.872789,51.575531,27.877631,51.570323,27.881627,51.539135,27.893041,51.496424,27.91348,51.475096,27.947515,51.452077,27.961147,51.428156,27.933201,51.420405,27.931713,51.399876,27.991418,51.380271,28.016378,51.36061,28.052669,51.345222,28.107132,51.30753,28.121519,51.290369,28.140454,51.269759,28.160549,51.264822,28.214301,51.286876,28.240912,51.28533,28.270453,51.264822,28.298407,51.229991,28.311428,51.217621,28.359768,51.182384,28.39053,51.149425,28.400784,51.141856,28.533922,51.08074,28.565253,51.07252,28.692694,51.071544,28.735907,51.058849,28.772528,51.036388,28.79914,51.010916,28.816636,50.978689,28.825344,50.936534,28.827338,50.896007,28.832017,50.87615,28.842678,50.867686,28.862454,50.860037,28.9147,50.812999,28.93358,50.804861,28.961127,50.798839,28.985826,50.802582,28.996649,50.823253,28.990668,50.842784,28.976142,50.862478,28.957994,50.878917,28.941392,50.888682,28.949449,50.899262,28.956732,50.89796,28.965033,50.893403,28.976142,50.894867,28.983385,50.902029,28.999213,50.922211,29.00967,50.928966,29.03148,50.932384,29.054633,50.929942,29.069037,50.920177,29.064887,50.901703,29.093899,50.893321,29.104071,50.886567,29.113267,50.87436,29.112047,50.868337,29.107815,50.859141,29.105455,50.850841,29.109931,50.847179,29.126858,50.845958,29.135199,50.844005,29.140611,50.840343,29.144192,50.816417,29.140082,50.738292,29.137193,50.720225,29.12344,50.693696,29.12641,50.665863,29.143459,50.643809,29.171332,50.634939,29.195502,50.633067,29.207709,50.635753,29.219794,50.644786,29.233344,50.651866,29.249945,50.658376,29.25727,50.667491,29.243069,50.682628,29.283881,50.687022,29.290839,50.689464,29.293647,50.679861,29.299628,50.673595,29.318793,50.661469,29.343329,50.66863,29.38227,50.668224,29.421942,50.663097,29.449123,50.655284,29.469794,50.6421,29.493069,50.622732,29.499498,50.607432,29.469631,50.606944,29.480658,50.601085,29.518012,50.572765,29.555976,50.52003,29.568915,50.511404,29.586086,50.504568,29.605373,50.48878,29.634101,50.456065,29.654731,50.396983,29.665107,50.387869,29.685004,50.381602,29.704088,50.367035,29.730292,50.340017,29.763983,50.313324,29.836371,50.267914,29.866848,50.243826,29.881171,50.225108,29.903144,50.183849,29.938056,50.144867,29.942572,50.141368,29.954657,50.138438,29.972968,50.137543,29.983547,50.133962,29.985175,50.149669,29.991034,50.153331,29.998236,50.147472,30.004055,50.133962,30.037909,50.144786,30.09455,50.121837,30.120673,50.127696,30.130316,50.113617,30.148505,50.097911,30.168891,50.084727,30.185248,50.079356,30.195746,50.073416,30.204576,50.058849,30.207343,50.050629,30.216254,50.024099,30.219916,49.988292,30.215033,49.95102,30.203925,49.914561,30.030097,49.600759,30.016832,49.564464,30.022935,49.532237,30.058661,49.50408,30.074897,49.501638,30.120063,49.501231,30.137437,49.493419,30.146389,49.486176,30.151801,49.483653,30.156073,49.479828,30.161689,49.469086,30.165188,49.459321,30.167182,49.44988,30.168524,49.428233,30.167467,49.417654,30.162787,49.396007,30.161689,49.383962,30.163764,49.372813,30.173163,49.358409,30.175279,49.349946,30.172268,49.329275,30.158515,49.29184,30.154853,49.271251,30.15648,49.245128,30.165107,49.235688,30.206366,49.237071,30.209418,49.23406,30.217922,49.220225,30.223782,49.215994,30.229193,49.215505,30.244208,49.215994,30.251776,49.21754,30.258205,49.22169,30.264553,49.221202,30.27147,49.209158,30.254462,49.20338,30.237738,49.192882,30.225898,49.178477,30.223782,49.161388,30.233547,49.143321,30.246324,49.134776,30.256415,49.124034,30.257799,49.1067,30.264838,49.083507,30.298285,49.017345,30.309394,49.003673,30.34162,48.997081,30.361762,48.979503,30.373521,48.953298,30.380764,48.921153,30.397162,48.931814,30.401068,48.948578,30.395006,48.989431,30.395941,49.010753,30.405666,49.043712,30.408108,49.062022,30.403795,49.082367,30.385077,49.123383,30.380764,49.137462,30.378852,49.159679,30.372748,49.176443,30.362209,49.189952,30.346625,49.202891,30.360093,49.208751,30.389228,49.227712,30.421861,49.257172,30.432563,49.262869,30.449652,49.263845,30.446031,49.243175,30.454413,49.228282,30.469794,49.219005,30.506334,49.211192,30.501614,49.199392,30.487047,49.183849,30.476996,49.168224,30.489732,49.169688,30.493109,49.171153,30.497463,49.175059,30.508775,49.166759,30.506985,49.158214,30.500393,49.14796,30.497463,49.134044,30.501125,49.128103,30.514879,49.116954,30.517971,49.110118,30.516832,49.10377,30.512193,49.094412,30.511135,49.089366,30.513821,49.069347,30.518378,49.05128,30.519273,49.034353,30.511135,49.017345,30.515611,48.981456,30.50019,48.952973,30.479722,48.945649,30.469468,48.972667,30.464016,49.004405,30.450263,49.02947,30.432522,49.037283,30.414944,49.017345,30.415188,49.000499,30.421576,48.946462,30.418647,48.934825,30.374579,48.880138,30.370103,48.87615,30.3581,48.867361,30.345608,48.862315,30.336656,48.873709,30.329495,48.86964,30.321519,48.863048,30.31623,48.85963,30.294745,48.867035,30.279364,48.884532,30.266018,48.904796,30.250434,48.921153,30.232652,48.929535,30.21011,48.936046,30.165107,48.941661,30.152533,48.939708,30.131985,48.930837,30.120673,48.927989,30.110053,48.928559,30.09101,48.934255,30.079739,48.934825,30.060004,48.928559,30.042182,48.915294,30.029446,48.897227,30.024482,48.87672,30.03144,48.808849,30.024482,48.791352,30.032375,48.771983,30.031928,48.701996,30.052232,48.659516,30.055406,48.643321,30.038072,48.640636,30.026109,48.645518,30.00727,48.658946,29.993476,48.661632,29.983629,48.658702,29.975002,48.651378,29.967963,48.642345,29.963039,48.6338,29.957017,48.61085,29.963039,48.537446,29.969875,48.537446,29.963813,48.532074,29.961351,48.531025,29.964115,48.523994,29.971763,48.49304,29.979618,48.478157,29.989127,48.464307,29.994863,48.457796,30.001426,48.453145,30.020908,48.444257,30.03393,48.44219,30.083643,48.423948,30.085348,48.421209,30.095632,48.415525,30.115217,48.395578,30.13842,48.383072,30.145345,48.381108,30.156455,48.383279,30.164775,48.391134,30.172268,48.400745,30.180898,48.408032,30.191543,48.410616,30.202344,48.408704,30.212524,48.403588,30.220999,48.397025,30.251798,48.358164,30.283476,48.326021,30.312828,48.305713,30.319753,48.296359,30.323318,48.284267,30.323835,48.271658,30.318512,48.235071,30.318099,48.222979,30.319649,48.211196,30.323938,48.200086,30.331276,48.192076,30.340836,48.187684,30.384865,48.179467,30.406672,48.170475,30.426309,48.15766,30.441916,48.140916,30.447497,48.130581,30.450804,48.119419,30.463878,48.013586,30.494522,48.012035,30.494574,48.012035,30.97625,48.015446,30.989066,48.012242,30.994647,48.001545,30.994698,47.672935,31.236517,47.676443,31.407851,47.678929,31.761835,47.831323,31.784469,47.837266,31.805708,47.834475,31.823588,47.820781,31.848858,47.781352,31.864103,47.76528,31.871647,47.761715,31.889166,47.756547,31.898209,47.750966,31.904255,47.743318,31.914332,47.725231,31.922342,47.71841,31.976912,47.68265,31.994534,47.677947,31.994689,47.677947,32.012414,47.668077,32.026935,47.633144,32.04187,47.617796,32.085433,47.595007,32.103495,47.580232,32.106155,47.578057,32.112976,47.55873,32.114578,47.54364,32.123157,47.534752,32.133389,47.52669,32.140313,47.513823,32.144137,47.498165,32.148633,47.491344,32.15654,47.490413,32.170492,47.492481,32.181344,47.496408,32.190129,47.502351,32.199844,47.507673,32.213797,47.509224,32.226742,47.504004,32.239351,47.484522,32.252063,47.479148,32.25612,47.469433,32.26183,47.463025,32.28263,47.445352,32.288185,47.441579,32.293689,47.436877,32.31777,47.407059,32.323506,47.40246,32.33702,47.395794,32.34198,47.395949,32.345779,47.39998,32.364331,47.408765,32.36986,47.414346,32.376423,47.417963,32.387973,47.416413,32.395285,47.410832,32.41257,47.384115,32.430761,47.36732,32.446186,47.356106,32.458692,47.343342,32.468226,47.321948,32.484685,47.265311,32.48546,47.251255,32.46404,47.20547,32.458382,47.187796,32.455178,47.152553,32.461043,47.12103,32.474556,47.090593,32.4944,47.058657,32.494478,47.058605,32.494478,47.058398,32.716195,46.757332,32.756012,46.715887,32.789369,46.650361,32.820685,46.604421,32.822541,46.600613,32.868021,46.507321,32.891792,46.479312,32.931764,46.379629,32.959488,46.273433,32.948352,46.15556,32.95432,46.09701,32.994344,46.075719,32.994499,46.075719,33.00672,46.088018,33.018063,46.104658,33.031008,46.119489,33.047984,46.126156,33.061678,46.12042,33.072504,46.106002,33.079222,46.087192,33.08346,46.043267,33.093511,46.029314,33.105681,46.030296,33.115112,46.050398,33.116765,46.072412,33.11568,46.089155,33.118393,46.105382,33.131777,46.126466,33.154256,46.153441,33.168338,46.167187,33.18118,46.174318,33.190223,46.173698,33.196373,46.162122,33.205675,46.157678,33.213865,46.15835,33.233063,46.164396,33.243347,46.164189,33.260219,46.155301,33.272105,46.141349,33.293705,46.109516,33.34086,46.069725,33.367939,46.036239,33.382511,46.031071,33.399203,46.030503,33.419512,46.027454,33.438399,46.019392,33.455659,46.008023,33.490799,45.974434,33.492763,45.971385,33.494236,45.968232,33.495991,45.964487,33.496561,45.963272,33.497388,45.958156,33.496587,45.953143,33.494262,45.948182,33.479508,45.929682,33.476304,45.899399,33.482118,45.869737,33.494365,45.852581,33.511573,45.868187,33.535809,45.915626,33.550873,45.927925,33.572991,45.920897,33.58516,45.89971,33.600198,45.882036,33.63092,45.885964,33.626424,45.864363,33.625804,45.815787,33.619319,45.797545,33.595909,45.768451,33.586762,45.752018,33.583119,45.734552,33.590096,45.72773,33.625649,45.727989,33.633036,45.72463,33.640764,45.721116,33.669031,45.673987,33.681692,45.658794,33.697918,45.645151,33.714171,45.635126,33.731844,45.628202,33.752075,45.623912,33.768689,45.616729,33.78073,45.603604,33.791504,45.588204,33.803933,45.574768,33.938653,45.485781,33.940048,45.483921,33.940875,45.481751,33.941185,45.47927,33.937387,45.449711,33.938782,45.423718,33.949453,45.401032,33.97356,45.380361,33.981622,45.401755,33.987151,45.411471,33.994257,45.419739,33.994257,45.419946,33.99436,45.419946,34.022136,45.43519,34.047664,45.443613,34.06986,45.454879,34.087636,45.47927,34.100685,45.493946,34.128202,45.534357,34.139494,45.544537,34.15063,45.544537,34.159234,45.538801,34.167916,45.531463,34.17931,45.526657,34.18856,45.528673,34.207474,45.542729,34.216491,45.54769,34.264602,45.561022,34.289278,45.563038,34.311964,45.55756,34.331601,45.542212,34.342504,45.521541,34.342401,45.499217,34.329146,45.47927,34.340463,45.46077,34.36209,45.447954,34.444359,45.417052,34.45751,45.426767,34.467251,45.47927,34.472729,45.486505,34.479008,45.493016,34.486242,45.4987,34.494175,45.503455,34.523785,45.50485,34.564248,45.49653,34.591688,45.500664,34.582231,45.539628,34.567297,45.573941,34.561147,45.604844,34.556652,45.673573,34.550244,45.695588,34.551277,45.70153,34.557737,45.705613,34.568382,45.7083,34.579079,45.708558,34.58559,45.705613,34.598561,45.694451,34.615511,45.691247,34.634321,45.690782,34.653235,45.687629,34.660211,45.683495,34.66512,45.678379,34.671166,45.67347,34.681812,45.67037,34.689977,45.666856,34.697211,45.659517,34.702999,45.650526,34.706875,45.642258,34.720828,45.627375,34.736951,45.635023,34.763254,45.662825,34.774726,45.665925,34.794932,45.6636,34.80692,45.666752,34.818289,45.676571,34.82263,45.689231,34.825111,45.717705,34.840975,45.745404,34.865367,45.750468,34.89074,45.748504,34.909963,45.755119,34.910893,45.77827,34.903043,45.796214,34.897871,45.808036,34.890171,45.835011,34.906811,45.850203,34.931306,45.857852,34.949547,45.866327,34.968358,45.868962,34.994248,45.859712,34.994403,45.859712,35.008045,45.856818,35.021274,45.857025,35.032798,45.861882,35.041428,45.872476,35.043237,45.879039,35.044374,45.893095,35.046906,45.899089,35.051608,45.901156,35.063907,45.898366,35.06861,45.899399,35.087317,45.913197,35.089642,45.920173,35.085456,45.934953,35.074243,45.956037,35.070729,45.966372,35.071555,45.97924,35.06091,46.009212,35.064269,46.025077,35.075535,46.039753,35.088815,46.066573,35.089694,46.07665,35.085818,46.09453,35.092743,46.119954,35.094758,46.132357,35.099512,46.143106,35.111605,46.151064,35.131397,46.130393,35.159612,46.143829,35.189946,46.165481,35.216249,46.169254,35.226636,46.154164,35.226326,46.115407,35.234285,46.101454,35.250046,46.098767,35.262758,46.107655,35.274902,46.120058,35.284989,46.125285,35.289062,46.127396,35.318517,46.120161,35.341151,46.096287,35.381562,46.040993,35.46533,45.977017,35.494165,45.963995,35.503415,45.963582,35.511477,45.966062,35.51804,45.971333,35.523001,45.97924,35.52698,45.983219,35.531062,45.984562,35.5353,45.983115,35.539486,45.97924,35.558503,45.968026,35.578708,45.959344,35.579742,45.963892,35.579742,45.968698,35.572145,45.999238,35.585943,46.002029,35.62439,45.992314,35.640875,45.992365,35.658393,45.995879,35.674258,46.003786,35.68573,46.016498,35.691569,46.037065,35.689812,46.107035,35.693688,46.127603,35.715392,46.177729,35.713583,46.217003,35.715547,46.23788,35.727743,46.253486,35.744124,46.267129,35.759886,46.297515,35.771513,46.313379,35.787843,46.325058,35.8035,46.327074,35.816885,46.319632,35.826548,46.302992,35.828305,46.281392,35.821122,46.263512,35.811407,46.246407,35.805723,46.227441,35.798178,46.184963,35.797506,46.163518,35.804534,46.143364,35.810012,46.135199,35.815541,46.129101,35.822466,46.124812,35.842878,46.119851,35.846444,46.115045,35.847425,46.107759,35.856986,46.07696,35.857244,46.060423,35.852283,46.0443,35.843291,46.024973,35.837969,46.004923,35.840346,45.941257,35.831302,45.909115,35.832181,45.898779,35.834868,45.888496,35.83523,45.878315,35.818332,45.854079,35.810528,45.834752,35.80934,45.814185,35.818383,45.797907,35.820244,45.786745,35.810994,45.749021,35.815128,45.731038,35.828305,45.718739,35.879878,45.69321,35.933208,45.646857,35.955429,45.617039,35.959615,45.589858,35.96623,45.576939,35.99398,45.53999,36.005435,45.501424,36.012015,45.47927,36.011653,45.453122,35.998269,45.419946,35.994238,45.402169,35.994083,45.401962,35.994031,45.401859,35.994031,45.4016,35.99398,45.401549,35.982973,45.381808,35.976875,45.359587,35.979304,45.33809,35.99398,45.32052,35.994031,45.320313,35.994083,45.32021,35.994135,45.32021,35.99429,45.32021,36.010413,45.313699,36.031032,45.31959,36.051599,45.331889,36.067464,45.344188,36.087514,45.348322,36.10772,45.33561,36.140379,45.304604,36.161411,45.299539,36.207558,45.30202,36.22673,45.297369,36.238409,45.282796,36.250192,45.264193,36.262232,45.258508,36.274893,45.282693,36.294272,45.263934,36.311687,45.25701,36.354785,45.254478,36.377936,45.24962,36.402999,45.238871,36.42093,45.221301,36.422429,45.19598,36.404394,45.139963,36.402534,45.110817,36.412817,45.083739,36.423411,45.072266,36.432506,45.068546,36.442376,45.066892,36.455347,45.062086,36.464959,45.054076,36.471625,45.045498,36.479842,45.03909,36.494001,45.03816,36.505215,45.025344,36.516196,45.009525,36.518702,45.005914,36.53374,44.991393,36.549656,44.993408,36.552085,44.997852,36.556013,45.010255,36.557925,45.013252,36.579009,45.014182,36.613167,45.024879,36.64934,45.04431,36.668047,45.045911,36.689596,45.035266,36.725563,45.010978,36.741686,44.996199,36.749024,44.979456,36.749334,44.966433,36.752331,44.954754,36.758274,44.944419,36.767111,44.935221,36.775896,44.922715,36.77786,44.908245,36.776464,44.87724,36.781219,44.851195,36.791916,44.831248,36.809331,44.823393,36.834032,44.834141,36.868965,44.869643,36.886845,44.883441,36.910926,44.888815,36.933354,44.884061,36.949658,44.874863,36.967357,44.869178,36.994022,44.874759,37.005081,44.885715,37.015933,44.887368,37.024925,44.880754,37.034123,44.858946,37.044045,44.847577,37.047197,44.840601,37.046835,44.830938,37.041926,44.811197,37.043528,44.801895,37.048489,44.797296,37.063734,44.792232,37.070245,44.788356,37.074482,44.781121,37.076343,44.773628,37.078952,44.766549,37.085644,44.760658,37.103318,44.752699,37.113136,44.752544,37.14192,44.766135,37.161247,44.772336,37.178145,44.766135,37.195198,44.75673,37.215326,44.753526,37.233232,44.760503,37.241681,44.772957,37.248115,44.786754,37.260311,44.798485,37.292686,44.801585,37.313796,44.778951,37.343277,44.721384,37.356791,44.713012,37.37095,44.707121,37.380045,44.698026,37.375653,44.661646,37.384024,44.65224,37.412601,44.638184,37.421903,44.622785,37.424668,44.585578,37.430791,44.572142,37.447173,44.565941,37.476964,44.579273,37.493837,44.575243,37.493992,44.575243,37.514404,44.56992,37.539208,44.571832,37.56391,44.578343,37.584012,44.587438,37.601091,44.583511,37.614656,44.56098,37.632717,44.540878,37.663025,44.54527,37.67181,44.553538,37.693979,44.588162,37.707028,44.598394,37.716381,44.59612,37.752012,44.559378,37.769194,44.534418,37.779349,44.506461,37.776868,44.479228,37.771132,44.466515,37.766636,44.450496,37.767799,44.43644,37.779142,44.429102,37.785137,44.429773,37.801105,44.433752,37.806117,44.433029,37.810768,44.425484,37.809683,44.418973,37.807719,44.4121,37.809735,44.4044,37.821078,44.393238,37.833402,44.387554,37.844978,44.383833,37.854125,44.377942,37.860222,44.367142,37.873968,44.331226,37.876862,44.319238,37.870842,44.254435,37.875312,44.219605,37.897171,44.202087,37.904768,44.205006,37.908333,44.206376,37.918591,44.216711,37.929314,44.225496,37.942,44.22467,37.956082,44.219657,37.96882,44.221466,37.98099,44.227564,37.993832,44.236038,37.993884,44.236038,37.993987,44.236142,37.994013,44.236142,38.008379,44.245392,38.030005,44.269525,38.045327,44.27831,38.066308,44.286578,38.07902,44.29588,38.087237,44.309006,38.094627,44.328281,38.10088,44.33381,38.11969,44.325697,38.128397,44.327092,38.134056,44.335361,38.139999,44.353137,38.147853,44.360579,38.162478,44.36709,38.182115,44.373239,38.201545,44.376702,38.249501,44.372413,38.274667,44.400576,38.29694,44.43675,38.322416,44.459177,38.338333,44.458764,38.354042,44.451116,38.367556,44.438817,38.377038,44.424657,38.381793,44.409051,38.379674,44.396339,38.36461,44.363369,38.371819,44.313398,38.377194,44.29867,38.382258,44.289524,38.390991,44.286578,38.407373,44.289885,38.416597,44.290505,38.441944,44.287405,38.453726,44.287508,38.494034,44.300169,38.51119,44.301357,38.56204,44.292159,38.601624,44.29681,38.622321,44.297017,38.638883,44.289885,38.645394,44.282547,38.649373,44.274899,38.653921,44.256812,38.658959,44.244307,38.665083,44.247407,38.671956,44.256089,38.679242,44.260481,38.697277,44.255469,38.709215,44.250508,38.721824,44.248648,38.741822,44.252678,38.814221,44.279808,38.843573,44.275002,38.863443,44.221982,38.875664,44.205756,38.890754,44.192113,38.91313,44.182502,38.9207,44.178161,38.928374,44.174854,38.936694,44.17537,38.945763,44.174647,38.95199,44.167102,38.957468,44.158007,38.964625,44.151961,38.980051,44.147775,38.98682,44.144675,38.993771,44.139197,38.993952,44.139197,39.012555,44.153356,39.023046,44.169531,39.034931,44.179143,39.07436,44.169893,39.090225,44.174957,39.120533,44.194801,39.145131,44.186636,39.166448,44.148085,39.184638,44.10354,39.200063,44.077702,39.208693,44.076565,39.226832,44.08349,39.235668,44.082663,39.255486,44.070571,39.264013,44.06716,39.272953,44.066746,39.279567,44.069227,39.287009,44.069434,39.306801,44.057651,39.32804,44.05176,39.337514,44.047395,39.33791,44.047213,39.361991,44.020961,39.374084,44.014863,39.386176,44.026025,39.396046,44.046386,39.400284,44.061372,39.400594,44.076978,39.398475,44.099199,39.400439,44.122247,39.411549,44.176507,39.409482,44.200433,39.382869,44.269525,39.381215,44.29495,39.385297,44.316964,39.403591,44.368744,39.414495,44.387967,39.43439,44.404814,39.452477,44.405227,39.471339,44.401713,39.493663,44.406674,39.493714,44.406674,39.493714,44.406829,39.505548,44.416803,39.517486,44.417423,39.530353,44.414012,39.544461,44.412048,39.560894,44.414012,39.57433,44.41856,39.625851,44.451684,39.638719,44.457627,39.64252,44.45825,39.65448,44.460211,39.687139,44.455043,39.698457,44.459487,39.765894,44.565734,39.771527,44.590435,39.763155,44.605835,39.731633,44.63281,39.719541,44.646504,39.698043,44.706294,39.685331,44.725724,39.639902,44.806993,39.636962,44.809647,39.63054,44.823953,39.628797,44.827837,39.625593,44.849231,39.625076,44.872279,39.620528,44.869281,39.617583,44.865354,39.605956,44.886438,39.584355,44.898427,39.488237,44.928399,39.468083,44.940698,39.453769,44.961627,39.441625,44.953307,39.434493,44.957028,39.420179,44.982505
