P,16777151,35.492336,12.621267,35.489244,12.611095,35.4914,12.603038,35.49433,12.598318,35.494452,12.593923,35.508043,12.555675,35.5126,12.536143,35.516669,12.526134,35.521633,12.533865,35.521226,12.555675,35.519029,12.566905,35.515326,12.612804,35.513373,12.621267,35.511908,12.623709,35.509752,12.621755,35.508246,12.621267,35.501614,12.623871,35.492336,12.621267
P,16777151,35.852281,12.872569,35.852281,12.856944,35.855902,12.850922,35.862698,12.845876,35.868313,12.847016,35.871243,12.853526,35.872219,12.859874,35.87226,12.867035,35.866441,12.874034,35.855862,12.87672,35.852281,12.872569
P,16777151,36.827094,11.980642,36.824164,11.987315,36.825385,11.992931,36.835924,11.999522,36.806627,12.037608,36.790351,12.051524,36.767646,12.053477,36.74136,12.03061,36.74494,11.996104,36.765204,11.961192,36.788764,11.937348,36.79564,11.932953,36.811957,11.924978,36.828355,11.922211,36.835924,11.934337,36.837063,11.938813,36.841702,11.946137,36.84276,11.951345,36.840562,11.957693,36.831204,11.967296,36.829088,11.971446,36.827094,11.980642
P,16777151,37.940497,12.3213,37.933051,12.336762,37.926988,12.354666,37.925238,12.368826,37.914049,12.357677,37.913235,12.342133,37.918362,12.326182,37.925238,12.31422,37.919257,12.299653,37.921536,12.287771,37.929185,12.278656,37.939521,12.273204,37.938544,12.286957,37.941311,12.297048,37.944973,12.305431,37.946357,12.31422,37.940497,12.3213
P,16777151,37.96011,12.077891,37.950263,12.079275,37.950832,12.064789,37.960761,12.047618,37.9737,12.03712,37.984361,12.030447,37.991034,12.035981,37.992418,12.053559,37.986233,12.064464,37.967922,12.072276,37.96011,12.077891
P,16777151,38.262274,15.642426,38.260932,15.634451,38.261664,15.624278,38.240424,15.583751,38.226955,15.569672,38.214301,15.562999,38.199774,15.559906,38.200181,15.575938,38.136786,15.527029,38.084947,15.500336,37.976142,15.392589,37.864407,15.302745,37.832953,15.283458,37.811916,15.266287,37.795559,15.241222,37.761461,15.213064,37.747748,15.206554,37.737047,15.208263,37.718085,15.218598,37.706732,15.220225,37.696723,15.216075,37.68537,15.202159,37.675727,15.199067,37.655097,15.196788,37.6258,15.184581,37.604315,15.178559,37.567694,15.163829,37.522284,15.115896,37.494452,15.09669,37.477484,15.091563,37.459459,15.089529,37.360541,15.092052,37.343695,15.09669,37.329779,15.103526,37.321845,15.110688,37.290758,15.180024,37.28498,15.217459,37.274726,15.236664,37.257717,15.251964,37.233832,15.261241,37.246161,15.244884,37.241929,15.235606,37.230292,15.228852,37.22016,15.220225,37.237454,15.22169,37.244696,15.215831,37.244696,15.205414,37.239976,15.192882,37.227607,15.199067,37.207465,15.183442,37.176337,15.194672,37.155219,15.216482,37.164862,15.233246,37.158677,15.247569,37.151842,15.247569,37.149644,15.229177,37.134914,15.231781,37.118232,15.246593,37.110297,15.264659,37.108385,15.288829,37.101223,15.303233,37.086656,15.307872,37.062486,15.302745,37.068996,15.287934,37.060858,15.281993,37.048407,15.283702,37.041978,15.29184,37.044013,15.312266,37.040229,15.321056,37.027737,15.329438,37.011623,15.332367,37.00849,15.324718,37.012437,15.31422,37.017768,15.30893,37.016181,15.303396,37.000434,15.268077,36.993598,15.274913,36.989407,15.266124,36.987128,15.263845,36.980536,15.268077,36.97309,15.268077,36.972073,15.244477,36.964789,15.226736,36.956488,15.211681,36.952623,15.196056,36.944078,15.174653,36.924221,15.158376,36.820136,15.107677,36.80858,15.106619,36.799547,15.094005,36.779446,15.098888,36.747138,15.117198,36.68769,15.134939,36.675198,15.134288,36.659898,15.114513,36.654934,15.093923,36.659125,15.073578,36.671454,15.055186,36.68769,15.040701,36.693915,15.033051,36.699368,15.021007,36.702786,15.007172,36.702216,14.997813,36.69595,14.993663,36.68887,14.982432,36.697821,14.957286,36.719875,14.91863,36.730658,14.882172,36.726264,14.846853,36.699368,14.780772,36.707709,14.776134,36.710028,14.773448,36.706204,14.760916,36.719143,14.744314,36.72602,14.684581,36.74372,14.671641,36.753811,14.658946,36.772121,14.600108,36.781317,14.582205,36.778306,14.565929,36.793362,14.487315,36.804918,14.475759,36.945014,14.394542,36.97309,14.369884,37.044013,14.278819,37.081122,14.208507,37.11225,14.126313,37.117743,14.088634,37.110297,13.976329,37.108222,13.967296,37.098822,13.948578,37.095933,13.938487,37.100816,13.894379,37.139553,13.832693,37.151842,13.794607,37.159003,13.751638,37.171373,13.715831,37.189358,13.683442,37.256741,13.598806,37.273505,13.569184,37.282172,13.534434,37.288479,13.488617,37.298814,13.452647,37.314399,13.42156,37.346137,13.372244,37.366278,13.3296,37.380845,13.31129,37.385728,13.302013,37.389146,13.289236,37.393704,13.278005,37.431789,13.253266,37.43594,13.247325,37.446031,13.225352,37.458075,13.214041,37.463935,13.206065,37.466539,13.194591,37.469713,13.18922,37.483832,13.179373,37.487006,13.174083,37.500678,13.051524,37.494859,13.036794,37.493232,13.026378,37.497545,13.016856,37.506903,13.010427,37.527086,13.004161,37.535468,13.000011,37.55744,12.974132,37.568508,12.942638,37.576402,12.862153,37.574205,12.780935,37.56273,12.697765,37.565131,12.659353,37.582221,12.636241,37.637885,12.594737,37.652004,12.57781,37.657782,12.563487,37.658352,12.523611,37.665513,12.506196,37.682685,12.489024,37.702948,12.474376,37.719794,12.465017,37.734605,12.46046,37.747748,12.459158,37.759752,12.456309,37.771308,12.448009,37.783149,12.43629,37.797024,12.427013,37.809272,12.427419,37.815985,12.444591,37.811835,12.446056,37.819037,12.46046,37.822821,12.465017,37.825751,12.463064,37.85342,12.470225,37.854193,12.472423,37.872545,12.477712,37.881171,12.478689,37.885932,12.476736,37.897121,12.467784,37.905992,12.465017,37.912909,12.464122,37.91413,12.464529,37.916164,12.467052,37.954006,12.490489,37.980618,12.496593,37.997056,12.50294,38.011217,12.504161,38.02143,12.492931,38.03144,12.523448,38.054836,12.549653,38.071723,12.576345,38.062405,12.608409,38.079495,12.638682,38.091498,12.651622,38.107367,12.656912,38.116278,12.662446,38.115871,12.676036,38.112128,12.691905,38.110826,12.7046,38.125922,12.725352,38.150336,12.723969,38.175482,12.7199,38.192776,12.731781,38.180976,12.737804,38.182074,12.74936,38.180976,12.760916,38.162665,12.766124,38.117092,12.790782,38.077948,12.81837,38.069892,12.828787,38.05858,12.856944,38.051337,12.868907,38.042548,12.86964,38.028062,12.901134,38.032864,12.944184,38.062405,13.027354,38.083482,13.061371,38.091132,13.069672,38.095526,13.0713,38.101467,13.069591,38.113959,13.068207,38.123033,13.066173,38.132717,13.056814,38.141832,13.054698,38.166002,13.089366,38.174709,13.083751,38.183336,13.08961,38.19009,13.100922,38.192776,13.112478,38.190985,13.122406,38.179674,13.156993,38.176215,13.179373,38.176093,13.207205,38.184638,13.230317,38.207017,13.239024,38.202541,13.254405,38.205268,13.265961,38.210435,13.277029,38.214423,13.296641,38.21955,13.310232,38.220649,13.318126,38.217963,13.323253,38.211656,13.325043,38.204779,13.32602,38.200181,13.32838,38.179674,13.366222,38.172797,13.371918,38.140692,13.373302,38.131293,13.37672,38.103176,13.391368,38.110541,13.51352,38.094062,13.54127,38.07685,13.539317,38.067532,13.540863,38.05622,13.547374,38.04914,13.557465,38.03913,13.587087,38.015204,13.622406,38.000963,13.651134,37.993598,13.697765,37.987942,13.711925,37.985093,13.707774,37.984036,13.707286,37.980455,13.705089,37.980902,13.726736,37.973619,13.790782,37.977932,13.812673,37.996731,13.857188,38.004462,13.898285,38.012641,13.912283,38.021959,13.924815,38.028876,13.938487,38.038275,14.007172,38.049384,14.020518,38.030219,14.062511,38.02383,14.083263,38.02143,14.106293,38.02261,14.120942,38.028876,14.151378,38.015123,14.273204,38.018012,14.331228,38.029527,14.384613,38.049384,14.431895,38.037177,14.464122,38.044379,14.511729,38.081488,14.634613,38.099189,14.667735,38.121039,14.695974,38.15762,14.733735,38.161363,14.744802,38.159247,14.777599,38.160346,14.798106,38.175686,14.874034,38.182603,14.888031,38.18594,14.897472,38.18769,14.907074,38.18594,14.935313,38.181789,14.944998,38.163398,14.963064,38.159247,14.969737,38.158271,14.981781,38.151801,15.007335,38.153306,15.039073,38.151801,15.049001,38.148383,15.053071,38.135688,15.063243,38.131293,15.068696,38.128241,15.087901,38.13349,15.105317,38.141059,15.122569,38.156317,15.177419,38.183295,15.203298,38.241156,15.240733,38.248847,15.237641,38.251044,15.236095,38.253485,15.23699,38.261664,15.240733,38.264797,15.237153,38.264797,15.243175,38.25434,15.246349,38.230292,15.240733,38.217231,15.245372,38.210191,15.257579,38.207506,15.274181,38.207017,15.29184,38.210883,15.321056,38.232571,15.399669,38.244574,15.421886,38.25316,15.433767,38.267808,15.472911,38.297593,15.512869,38.302639,15.528656,38.300116,15.559255,38.280219,15.615977,38.275295,15.651622,38.26675,15.648285,38.262274,15.642426
P,16777151,38.371039,14.998546,38.364081,14.986827,38.381659,14.963552,38.39643,14.948253,38.412258,14.945323,38.432929,14.958832,38.432929,14.966319,38.418687,14.966319,38.412421,14.982432,38.403022,14.993663,38.391262,15.00172,38.377672,15.007335,38.371039,14.998546
P,16777151,38.453437,14.966319,38.450914,14.948741,38.458645,14.934581,38.468817,14.92156,38.473944,14.907725,38.481676,14.899425,38.498684,14.900645,38.515326,14.909679,38.522366,14.924815,38.52204,14.957856,38.516262,14.966075,38.501858,14.958832,38.497545,14.965505,38.490058,14.974132,38.487535,14.97934,38.481391,14.97934,38.481391,14.952647,38.46955,14.957856,38.464993,14.961192,38.460883,14.966319,38.453437,14.966319
P,16777151,38.539049,14.36085,38.535142,14.346446,38.547268,14.342784,38.551215,14.357188,38.539049,14.36085
P,16777151,38.549018,14.863292,38.539293,14.861664,38.551825,14.823985,38.571601,14.793793,38.583808,14.814952,38.584906,14.85141,38.581122,14.866954,38.569525,14.876964,38.565253,14.871918,38.560492,14.868907,38.549018,14.863292
P,16777151,38.55744,14.58546,38.556545,14.573578,38.561591,14.551606,38.57453,14.543712,38.586859,14.542491,38.587958,14.546235,38.58454,14.563975,38.576646,14.57602,38.566148,14.5796,38.560981,14.585216,38.55744,14.58546
P,16777151,38.69302,13.176768,38.691067,13.165212,38.69477,13.153494,38.702297,13.153087,38.709866,13.157888,38.717271,13.169281,38.717515,13.18572,38.711493,13.195974,38.708319,13.197439,38.69302,13.176768
P,16777151,38.776801,15.22462,38.773017,15.217459,38.775214,15.206065,38.789008,15.187022,38.792711,15.187022,38.798082,15.194102,38.801581,15.203624,38.805894,15.208751,38.810452,15.212087,38.811957,15.218598,38.810289,15.227794,38.807807,15.23463,38.804023,15.239268,38.795966,15.237478,38.789293,15.232432,38.783026,15.229666,38.776801,15.22462
P,16777151,39.11815,8.360362,39.105048,8.385916,39.106594,8.417654,39.102729,8.444591,39.073554,8.455903,39.068061,8.458018,39.065253,8.463145,39.06566,8.4699,39.06977,8.47641,39.070705,8.477306,39.072211,8.479177,39.06977,8.483897,39.056545,8.464041,39.049791,8.459321,39.042467,8.46339,39.028144,8.453949,38.99433,8.446544,38.96719,8.437022,38.962836,8.432465,38.960517,8.421886,38.961819,8.409841,38.966946,8.406016,38.974026,8.40504,38.981024,8.401378,39.029486,8.364919,39.062161,8.349294,39.083441,8.353526,39.090888,8.353526,39.090888,8.346039,39.097724,8.346039,39.11815,8.360362
P,16777151,39.10456,8.305837,39.098822,8.29005,39.100165,8.269379,39.107123,8.254731,39.11815,8.257335,39.124416,8.257335,39.14411,8.232677,39.15705,8.22462,39.172797,8.229991,39.180976,8.245291,39.188422,8.290294,39.193305,8.305837,39.160793,8.306326,39.120307,8.312022,39.10456,8.305837
P,16777151,40.711819,13.958669,40.701606,13.944672,40.705634,13.934825,40.704495,13.91977,40.700019,13.903494,40.694159,13.890147,40.69953,13.882009,40.70775,13.859711,40.715277,13.849132,40.734849,13.85613,40.744045,13.861501,40.748725,13.870128,40.752631,13.867198,40.762397,13.862804,40.762397,13.883149,40.745185,13.9463,40.735053,13.965831,40.728949,13.962657,40.723131,13.962413,40.715277,13.965831,40.711819,13.958669
P,16777151,40.790839,13.426931,40.785875,13.414724,40.7956,13.418956,40.800238,13.424164,40.801459,13.431977,40.790839,13.426931
P,16777151,41.105658,8.332367,41.097846,8.34197,41.086249,8.344737,41.074123,8.341319,41.064643,8.332367,41.057278,8.27475,41.043769,8.25115,41.016099,8.250987,40.993638,8.24643,40.995795,8.209646,41.005032,8.217621,41.01439,8.22169,41.023993,8.223155,41.033637,8.223155,41.041734,8.228852,41.052069,8.241384,41.064643,8.260753,41.06977,8.275645,41.081732,8.277843,41.095404,8.275645,41.105658,8.277843,41.106879,8.284353,41.105048,8.302094,41.109076,8.305837,41.113837,8.307953,41.118598,8.313324,41.126125,8.326182,41.118354,8.325938,41.112494,8.327973,41.105658,8.332367
P,16777151,41.189602,9.471039,41.184272,9.474376,41.179267,9.474864,41.172105,9.470388,41.172675,9.464366,41.18065,9.456391,41.185533,9.448741,41.183051,9.441661,41.18594,9.437022,41.205064,9.447765,41.211493,9.443533,41.220404,9.446462,41.233954,9.453868,41.242377,9.459972,41.241116,9.468028,41.23607,9.474783,41.228461,9.478363,41.224189,9.479503,41.216946,9.479259,41.189602,9.471039
P,16777151,41.217027,9.435313,41.210598,9.395274,41.213324,9.376964,41.22191,9.373057,41.229885,9.373057,41.233832,9.377615,41.236518,9.384939,41.240709,9.391856,41.247748,9.396251,41.256049,9.39796,41.257514,9.402192,41.258124,9.40797,41.262437,9.414236,41.260891,9.421886,41.254096,9.427419,41.246283,9.430512,41.237779,9.430431,41.229397,9.429047,41.224799,9.430919,41.220608,9.434255,41.217027,9.435313
P,16777151,41.248847,9.238292,41.247748,9.246918,41.249661,9.257823,41.23664,9.268077,41.201972,9.267426,41.195014,9.278331,41.19953,9.274669,41.205146,9.273611,41.212388,9.274913,41.221747,9.278331,41.221747,9.28533,41.208726,9.289317,41.205756,9.288341,41.201239,9.28533,41.195014,9.28533,41.196479,9.299571,41.197943,9.305431,41.201239,9.312511,41.196479,9.31658,41.187567,9.333018,41.211656,9.335216,41.207261,9.352061,41.180732,9.388194,41.187567,9.388194,41.183905,9.396658,41.181708,9.404063,41.180732,9.412283,41.180732,9.422374,41.174506,9.422374,41.171454,9.417003,41.168199,9.414317,41.164537,9.41212,41.160305,9.408702,41.15644,9.420177,41.149237,9.426606,41.140774,9.432791,41.132961,9.442882,41.125434,9.437022,41.115383,9.436778,41.091986,9.442882,41.111965,9.454112,41.12051,9.46046,41.126125,9.470063,41.130683,9.466807,41.134426,9.465099,41.1376,9.462413,41.140367,9.456554,41.146186,9.469086,41.145575,9.481456,41.14232,9.494395,41.140367,9.508067,41.1435,9.513927,41.148668,9.518403,41.149726,9.523936,41.140367,9.532237,41.132961,9.52475,41.128119,9.534353,41.12287,9.540782,41.120917,9.546153,41.126125,9.552745,41.126125,9.559581,41.121812,9.561209,41.12108,9.561778,41.121243,9.562999,41.11933,9.566417,41.107123,9.565115,41.097113,9.562266,41.087836,9.556407,41.077704,9.545909,41.082506,9.543793,41.087348,9.540782,41.091986,9.539073,41.031684,9.521251,41.016262,9.511892,41.016262,9.532237,41.030504,9.52475,41.036933,9.543142,41.034613,9.55421,41.025051,9.557628,41.009467,9.552745,41.009426,9.557791,41.011054,9.558604,41.013617,9.558279,41.016262,9.559581,41.010932,9.565684,41.009508,9.568614,41.009467,9.573253,41.020697,9.588145,41.019599,9.615733,41.011664,9.644298,41.002631,9.662608,40.991116,9.651215,40.992377,9.635997,40.998765,9.61964,41.002631,9.604259,40.995795,9.587576,40.979926,9.58253,40.961982,9.578868,40.948635,9.566417,40.934882,9.571137,40.93122,9.557465,40.934312,9.511892,40.929389,9.511241,40.927965,9.512543,40.926907,9.504242,40.915188,9.511974,40.915025,9.52003,40.919257,9.528982,40.92064,9.539073,40.917222,9.549327,40.908393,9.567231,40.906399,9.573253,40.909898,9.592784,40.917873,9.607677,40.923774,9.622569,40.92064,9.6421,40.911566,9.637218,40.904853,9.631521,40.900702,9.623871,40.899604,9.614106,40.893378,9.614106,40.879462,9.650076,40.876044,9.655772,40.863959,9.657725,40.858222,9.663259,40.85871,9.671723,40.865424,9.683116,40.855862,9.689789,40.850043,9.699392,40.846869,9.710948,40.844916,9.723969,40.836249,9.691091,40.829779,9.681,40.817043,9.689789,40.810777,9.689789,40.81391,9.67449,40.809027,9.661794,40.799872,9.657888,40.790351,9.668793,40.801459,9.66977,40.788642,9.675792,40.759426,9.703949,40.745592,9.710297,40.72724,9.714203,40.680487,9.744477,40.667222,9.748302,40.605292,9.753184,40.59516,9.756521,40.587348,9.761567,40.584296,9.768077,40.581977,9.781912,40.575873,9.785818,40.567125,9.786876,40.556952,9.792247,40.536363,9.820567,40.529608,9.826427,40.519599,9.826671,40.502509,9.815196,40.492377,9.812185,40.470771,9.808767,40.455512,9.800304,40.427232,9.778087,40.390692,9.761729,40.377265,9.74936,40.372016,9.727387,40.3664,9.712413,40.352973,9.700857,40.324205,9.683116,40.31269,9.670177,40.296088,9.645518,40.28262,9.634613,40.263088,9.62615,40.247748,9.624848,40.205552,9.62908,40.196194,9.631114,40.144599,9.654633,40.131578,9.66505,40.126166,9.679698,40.120673,9.687836,40.09634,9.710216,40.08393,9.73227,40.068549,9.730317,39.992906,9.69337,39.961168,9.687266,39.933783,9.696625,39.937201,9.702485,39.940334,9.709727,39.940131,9.715668,39.933783,9.717784,39.924506,9.714529,39.922187,9.708181,39.922065,9.701427,39.919501,9.696625,39.906562,9.689464,39.894232,9.684337,39.882514,9.683849,39.871731,9.689789,39.871731,9.683116,39.865546,9.683116,39.863511,9.687755,39.860053,9.691905,39.858059,9.696625,39.851874,9.696625,39.839911,9.684255,39.818915,9.675548,39.793769,9.670258,39.769273,9.668793,39.756578,9.669932,39.732082,9.675059,39.718085,9.67628,39.707994,9.674083,39.691392,9.664806,39.676825,9.662608,39.670722,9.660411,39.662909,9.655772,39.652493,9.651134,39.638983,9.648936,39.59455,9.655772,39.56684,9.653005,39.501776,9.628429,39.483954,9.644867,39.45246,9.639008,39.399359,9.614106,39.355658,9.602061,39.34101,9.600434,39.326239,9.603526,39.316555,9.611583,39.303168,9.634613,39.296942,9.634613,39.289008,9.60727,39.266303,9.581879,39.238105,9.567556,39.213813,9.573253,39.205064,9.565603,39.199286,9.568858,39.193915,9.57602,39.187079,9.579926,39.179389,9.577891,39.159369,9.568533,39.149237,9.566417,39.139716,9.557791,39.134019,9.539561,39.124905,9.522716,39.10456,9.518565,39.107978,9.510753,39.111396,9.507091,39.11636,9.507579,39.124416,9.511892,39.133612,9.496349,39.135565,9.480724,39.131903,9.465343,39.124416,9.450369,39.124416,9.442882,39.133368,9.437999,39.138617,9.428966,39.146145,9.408702,39.169257,9.383474,39.172797,9.377696,39.177151,9.367931,39.196438,9.345063,39.200751,9.336681,39.202786,9.326182,39.207913,9.312266,39.214504,9.299571,39.221259,9.292166,39.213813,9.28533,39.220526,9.271251,39.225165,9.252452,39.228013,9.216319,39.221137,9.197439,39.20718,9.180919,39.193345,9.169688,39.187079,9.166026,39.194322,9.136892,39.211493,9.113536,39.248521,9.073009,39.243069,9.063731,39.247545,9.055512,39.256008,9.047537,39.262193,9.038748,39.264838,9.024425,39.263902,9.013927,39.260565,9.012543,39.256008,9.025727,39.248521,9.025727,39.240424,9.021007,39.235745,9.026866,39.232164,9.035167,39.227118,9.037852,39.228013,9.038748,39.225653,9.050059,39.229885,9.074962,39.224595,9.079845,39.216539,9.079845,39.212348,9.078949,39.179023,9.038585,39.165229,9.026215,39.146145,9.018321,39.123847,9.015961,39.103949,9.018728,39.086127,9.024587,39.06977,9.031993,39.063666,9.037771,39.058417,9.043793,39.051256,9.044932,39.03026,9.029307,38.995307,9.018321,38.995307,9.025727,38.989651,9.015147,38.990668,9.012055,38.995307,9.004649,38.982815,8.996349,38.902289,8.894705,38.899848,8.88795,38.899075,8.877452,38.896064,8.872406,38.882066,8.861339,38.877997,8.853282,38.880561,8.841482,38.888821,8.827891,38.905951,8.805431,38.885443,8.805431,38.904446,8.791026,38.920396,8.766612,38.93065,8.739513,38.932603,8.716563,38.925238,8.694591,38.91059,8.668793,38.891547,8.651622,38.871161,8.655121,38.864325,8.640961,38.871161,8.634776,38.88996,8.642833,38.895575,8.633149,38.895941,8.615571,38.899075,8.599864,38.905951,8.599864,38.923,8.615001,38.947577,8.615489,38.964911,8.603282,38.960517,8.580089,39.013617,8.572276,39.056708,8.559581,39.056708,8.552094,39.051256,8.544281,39.060858,8.520844,39.062934,8.504405,39.067939,8.509044,39.083441,8.518077,39.090888,8.504405,39.08039,8.482758,39.084174,8.482107,39.090481,8.47755,39.107367,8.473318,39.119452,8.465099,39.124905,8.454275,39.11815,8.442231,39.128485,8.437999,39.153144,8.43865,39.165961,8.435395,39.173163,8.428396,39.177314,8.418793,39.175727,8.412608,39.165961,8.415701,39.169338,8.409516,39.174384,8.40504,39.181342,8.402354,39.190172,8.401378,39.201158,8.398692,39.204047,8.392589,39.204413,8.385509,39.207587,8.380138,39.222073,8.372813,39.230618,8.371755,39.23786,8.37672,39.283271,8.426443,39.301825,8.43214,39.323676,8.415701,39.339016,8.417247,39.359687,8.382091,39.378852,8.374034,39.387926,8.378184,39.404242,8.395681,39.412421,8.401378,39.427191,8.40504,39.435858,8.403819,39.462348,8.389496,39.465522,8.385997,39.469794,8.386892,39.48135,8.394542,39.508612,8.421886,39.525214,8.435313,39.558295,8.451671,39.57685,8.46339,39.584377,8.455903,39.597886,8.463878,39.617133,8.462169,39.65884,8.449718,39.704088,8.446788,39.714667,8.442231,39.721503,8.442231,39.730862,8.446462,39.757025,8.444021,39.762519,8.446056,39.760484,8.459727,39.75495,8.468598,39.716213,8.499766,39.702135,8.516938,39.696031,8.538259,39.701077,8.565766,39.71369,8.514496,39.721503,8.504405,39.738471,8.506847,39.755439,8.519867,39.770819,8.535492,39.782945,8.545258,39.782945,8.538585,39.776068,8.535167,39.770413,8.530528,39.765815,8.524913,39.762519,8.518077,39.772528,8.529796,39.789252,8.540782,39.807196,8.548839,39.820787,8.552094,39.852688,8.555186,39.863959,8.553559,39.878567,8.545258,39.898871,8.523448,39.912421,8.494151,39.91413,8.463064,39.898993,8.435395,39.892808,8.442231,39.898098,8.445567,39.899115,8.449962,39.898505,8.455821,39.898993,8.46339,39.89289,8.451834,39.883612,8.444672,39.858059,8.435395,39.865546,8.428722,39.876776,8.437511,39.885199,8.431,39.892279,8.418305,39.902899,8.403575,39.90351,8.400727,39.905341,8.398285,39.912665,8.394542,39.920478,8.393565,39.926947,8.396332,39.933173,8.399913,39.940009,8.401378,39.976874,8.393565,39.98843,8.394542,40.009833,8.406505,40.022203,8.407074,40.0362,8.394542,40.030097,8.380138,40.033759,8.377208,40.041938,8.384532,40.049872,8.401378,40.049506,8.40447,40.051011,8.434825,40.056098,8.452403,40.057318,8.459727,40.062161,8.468598,40.074164,8.479015,40.089545,8.487315,40.104478,8.490001,40.118109,8.485118,40.144721,8.467296,40.163153,8.46339,40.21601,8.459646,40.262152,8.47641,40.292141,8.476085,40.314521,8.462901,40.331448,8.441254,40.345282,8.415701,40.337836,8.408214,40.351793,8.385997,40.371772,8.383556,40.423814,8.394542,40.442328,8.390473,40.468695,8.379893,40.492133,8.365571,40.502346,8.349864,40.510688,8.331716,40.530829,8.323904,40.555609,8.319591,40.57807,8.312022,40.595364,8.291515,40.594062,8.267345,40.570624,8.216319,40.57807,8.195974,40.597805,8.205333,40.612209,8.216319,40.617499,8.19337,40.606594,8.176606,40.586412,8.166189,40.563788,8.161794,40.577786,8.153087,40.593207,8.147309,40.619045,8.140636,40.62519,8.140636,40.63227,8.157725,40.641588,8.173839,40.656562,8.185313,40.680487,8.188487,40.680406,8.191091,40.685289,8.195567,40.69123,8.197439,40.694159,8.192149,40.69477,8.178966,40.696967,8.173839,40.701606,8.167979,40.719713,8.153331,40.72602,8.145844,40.728909,8.1338,40.865424,8.209646,40.881415,8.215343,40.899604,8.216319,40.914455,8.209727,40.92064,8.192149,40.928168,8.178884,40.945299,8.182302,40.963772,8.193044,40.975287,8.202159,40.975287,8.209646,40.963446,8.212576,40.962307,8.219981,40.962551,8.229015,40.954779,8.236176,40.946479,8.235525,40.934516,8.231619,40.921576,8.229259,40.910102,8.233165,40.865424,8.277843,40.850653,8.310232,40.838772,8.421886,40.826158,8.477875,40.824449,8.500987,40.826972,8.520518,40.852973,8.598399,40.866156,8.618337,40.881578,8.634288,40.89647,8.640961,40.92064,8.709158,40.921291,8.733897,40.919135,8.751231,40.913804,8.764415,40.947333,8.82252,40.961615,8.83961,41.008124,8.875336,41.016262,8.88795,41.020087,8.885916,41.021226,8.885916,41.021796,8.885265,41.023668,8.881114,41.03266,8.913097,41.03677,8.922699,41.043647,8.929454,41.061184,8.940115,41.064643,8.9463,41.070014,8.958751,41.082668,8.975759,41.097357,8.990733,41.121894,9.005544,41.128852,9.02475,41.135199,9.093028,41.139472,9.107758,41.160305,9.13559,41.152777,9.141856,41.168891,9.157563,41.184149,9.163422,41.225409,9.162852,41.242906,9.171072,41.251125,9.189952,41.255805,9.212413,41.262641,9.230642,41.253567,9.232677,41.248847,9.238292
P,16777151,42.340766,10.315929,42.32392,10.313243,42.32803,10.294444,42.344875,10.297048,42.351549,10.306407,42.340766,10.315929
P,16777151,42.33066,10.939764,42.318728,10.923331,42.325263,10.908946,42.354052,10.871702,42.366278,10.861827,42.374439,10.876368,42.386786,10.875824,42.392157,10.882986,42.386705,10.895844,42.375241,10.91346,42.353301,10.927307,42.34056,10.929558,42.33066,10.939764
P,16777151,42.576972,10.095388,42.572455,10.085785,42.57274,10.071788,42.575995,10.058604,42.581936,10.050304,42.589016,10.052582,42.592027,10.062755,42.600409,10.072602,42.613918,10.079438,42.614691,10.084321,42.60399,10.087657,42.595771,10.091645,42.590725,10.096039,42.587958,10.097911,42.583889,10.097911,42.576972,10.095388
P,16777151,42.816148,10.430675,42.804429,10.436697,42.787584,10.430024,42.776435,10.420258,42.768988,10.406912,42.763495,10.388845,42.75727,10.40797,42.74079,10.425141,42.722113,10.430675,42.708889,10.415538,42.717963,10.410981,42.718899,10.403331,42.718207,10.39324,42.722561,10.381358,42.727973,10.377289,42.745998,10.367198,42.749823,10.364268,42.755683,10.351248,42.764838,10.337901,42.764838,10.325043,42.742987,10.313731,42.759752,10.304535,42.744574,10.265391,42.75727,10.245372,42.741889,10.240001,42.735907,10.235199,42.735419,10.229666,42.737291,10.147227,42.743109,10.124848,42.757392,10.106781,42.784003,10.10141,42.801256,10.111664,42.811916,10.132986,42.817288,10.158214,42.818752,10.179535,42.816881,10.189952,42.807847,10.212169,42.804429,10.224376,42.803168,10.242198,42.804429,10.26588,42.809394,10.264903,42.810452,10.264334,42.810248,10.262706,42.811916,10.259044,42.818752,10.272146,42.826239,10.272146,42.827338,10.272146,42.825629,10.289317,42.826239,10.326834,42.811713,10.322113,42.805976,10.332774,42.805854,10.347341,42.808173,10.354666,42.817532,10.358084,42.822943,10.365977,42.827094,10.374766,42.832424,10.381358,42.857978,10.3921,42.868842,10.399913,42.873358,10.412364,42.870836,10.422048,42.864447,10.431,42.855455,10.438487,42.845445,10.44337,42.838121,10.436046,42.827867,10.431163,42.816148,10.430675
P,16777151,43.008459,9.822954,43.007805,9.801498,43.028442,9.784595,43.066408,9.806944,43.07463,9.825777,43.065172,9.840099,43.063422,9.841807,43.060696,9.843923,43.05858,9.847504,43.044275,9.854811,43.024956,9.842127,43.008459,9.822954
P,16777151,45.43065,12.407481,45.415676,12.430919,45.420356,12.418224,45.422268,12.404796,45.422553,12.376231,45.348009,12.321462,45.354153,12.319998,45.37226,12.327891,45.405463,12.352061,45.424872,12.371837,45.433539,12.389171,45.43065,12.407481
P,16777151,45.433987,12.352224,45.427395,12.33725,45.429836,12.320649,45.443061,12.31658,45.458808,12.329845,45.458808,12.347179,45.449652,12.36378,45.438137,12.362071,45.433987,12.352224
P,16777151,46.971656,12.122133,46.948582,12.128231,46.937446,12.134742,46.927989,12.141667,46.918843,12.141563,46.908869,12.126887,46.905924,12.137429,46.90303,12.160994,46.89918,12.172156,46.891222,12.183525,46.884943,12.189002,46.880085,12.1951,46.876623,12.208743,46.875615,12.250807,46.868148,12.26662,46.846289,12.275819,46.83399,12.276129,46.826755,12.273338,46.819831,12.269618,46.808255,12.26693,46.795336,12.266724,46.788566,12.269101,46.784639,12.274785,46.779988,12.284397,46.774459,12.305274,46.772495,12.326048,46.765131,12.342688,46.743246,12.351473,46.711155,12.370387,46.690123,12.40501,46.678702,12.445627,46.675799,12.469632,46.672139,12.499888,46.65767,12.53079,46.652192,12.547327,46.65121,12.562003,46.656481,12.62019,46.653019,12.669593,46.652466,12.671368,46.650022,12.679205,46.640539,12.697395,46.637749,12.706593,46.637955,12.715999,46.64227,12.732018,46.642994,12.739873,46.640996,12.7485,46.635191,12.773566,46.609637,12.83041,46.598035,13.064504,46.584961,13.146463,46.558012,13.210025,46.552173,13.231109,46.550777,13.271417,46.565789,13.373323,46.560492,13.417041,46.563567,13.478019,46.561733,13.484944,46.550622,13.499103,46.546927,13.506751,46.545842,13.549229,46.518712,13.670256,46.517627,13.685345,46.519746,13.700951,46.511891,13.701055,46.504837,13.699194,46.498636,13.695474,46.493339,13.689893,46.467759,13.688446,46.464047,13.685853,46.452075,13.67749,46.445125,13.658783,46.445719,13.634082,46.442644,13.600182,46.426676,13.575688,46.405954,13.554397,46.388332,13.530006,46.37115,13.483704,46.359032,13.459726,46.354846,13.447323,46.353864,13.434094,46.344847,13.423242,46.323608,13.409806,46.306728,13.395638,46.301568,13.391306,46.290302,13.365261,46.280277,13.373013,46.268391,13.378594,46.243328,13.384692,46.243225,13.384795,46.243122,13.384898,46.230513,13.398127,46.216663,13.401641,46.207982,13.410116,46.210927,13.437402,46.228601,13.422829,46.22488,13.438332,46.223433,13.468304,46.217904,13.482257,46.213976,13.510162,46.204829,13.528972,46.184107,13.559048,46.181317,13.584473,46.183539,13.613928,46.181733,13.627366,46.180386,13.637389,46.171405,13.641071,46.161731,13.645037,46.125041,13.616409,46.075298,13.522585,46.066027,13.505098,46.044839,13.482257,46.038948,13.490318,46.032489,13.492799,46.025564,13.490008,46.018433,13.482257,46.016055,13.477089,46.006392,13.461793,45.995747,13.474815,45.993111,13.479466,45.992284,13.480396,45.991354,13.481223,45.990372,13.481843,45.989235,13.482257,45.967428,13.509439,45.96903,13.539411,45.97983,13.571657,45.984574,13.600735,45.985411,13.605867,45.966394,13.622817,45.945912,13.615325,45.926552,13.608244,45.912327,13.599306,45.86454,13.56928,45.83033,13.565973,45.819028,13.574172,45.809246,13.581269,45.798601,13.609174,45.795655,13.643591,45.792038,13.660334,45.770524,13.699908,45.765321,13.709478,45.743411,13.778724,45.649359,13.858409,45.641143,13.869158,45.635148,13.884144,45.634683,13.893136,45.633758,13.893641,45.631841,13.894686,45.618767,13.887038,45.602169,13.867926,45.584661,13.847764,45.58125,13.800532,45.596236,13.761051,45.593207,13.711762,45.600653,13.718761,45.613105,13.730154,45.613674,13.757009,45.611151,13.786876,45.614325,13.808116,45.617011,13.795584,45.624335,13.786469,45.635443,13.77711,45.649115,13.739268,45.654975,13.75766,45.672309,13.753673,45.691596,13.739106,45.703762,13.726248,45.76203,13.647309,45.77261,13.628917,45.789618,13.574229,45.792426,13.55128,45.78205,13.534434,45.760077,13.524181,45.740546,13.528331,45.737209,13.554942,45.72484,13.518403,45.720771,13.513357,45.714423,13.507823,45.710679,13.480235,45.706855,13.469249,45.693793,13.451671,45.681138,13.427989,45.675442,13.401703,45.683173,13.37672,45.685777,13.390961,45.691311,13.40919,45.698554,13.424815,45.706855,13.431407,45.724066,13.422618,45.730048,13.381684,45.744615,13.369395,45.740302,13.351817,45.756049,13.254893,45.758938,13.24586,45.776068,13.221853,45.778795,13.215505,45.777737,13.204926,45.768744,13.169444,45.754584,13.157725,45.751532,13.149669,45.754869,13.139822,45.768866,13.131358,45.771959,13.119314,45.767646,13.11085,45.758205,13.108165,45.748847,13.111827,45.744615,13.122895,45.737209,13.122895,45.736233,13.100597,45.727607,13.080577,45.71369,13.069591,45.696845,13.075043,45.689195,13.091482,45.691352,13.111664,45.703762,13.149669,45.689399,13.138031,45.669013,13.103038,45.65233,13.095632,45.652167,13.095551,45.641913,13.084972,45.636664,13.060557,45.634833,12.9817,45.628567,12.943858,45.553534,12.780772,45.496161,12.611664,45.470445,12.512706,45.460395,12.495942,45.456732,12.487804,45.450426,12.451427,45.438056,12.423676,45.436225,12.41033,45.451117,12.418224,45.464016,12.42921,45.474921,12.435802,45.484036,12.430919,45.482978,12.440603,45.48432,12.447276,45.489,12.45102,45.498236,12.451427,45.498236,12.458181,45.489732,12.462901,45.485582,12.46697,45.485907,12.471934,45.49079,12.478689,45.504462,12.465017,45.503567,12.476329,45.504096,12.487153,45.506741,12.497325,45.504462,12.499197,45.505845,12.499848,45.502875,12.503184,45.499091,12.506196,45.498236,12.506602,45.49787,12.503184,45.498236,12.492931,45.49079,12.492931,45.492743,12.515147,45.505032,12.520518,45.518988,12.521495,45.52558,12.530447,45.527004,12.548106,45.531643,12.562511,45.540025,12.573578,45.552883,12.581716,45.549384,12.569672,45.536566,12.5442,45.535834,12.537283,45.549954,12.518321,45.559068,12.510509,45.57331,12.506602,45.565009,12.485199,45.548326,12.458507,45.530341,12.441905,45.518134,12.451427,45.511908,12.451427,45.512356,12.434906,45.523586,12.417735,45.518134,12.41033,45.518134,12.403575,45.539252,12.396739,45.523017,12.384125,45.513983,12.390391,45.504462,12.424001,45.498236,12.424001,45.493313,12.411632,45.491645,12.393403,45.494778,12.380544,45.504462,12.383067,45.504869,12.350434,45.488918,12.309581,45.463609,12.272716,45.436225,12.252696,45.429999,12.252696,45.429999,12.258962,45.420722,12.250011,45.411322,12.246104,45.402533,12.248546,45.395209,12.258962,45.385484,12.249197,45.378241,12.247406,45.370998,12.248057,45.36107,12.245291,45.357733,12.237804,45.357489,12.228282,45.353949,12.223806,45.340562,12.232188,45.327053,12.220876,45.31623,12.216319,45.309068,12.208751,45.306464,12.187511,45.310533,12.174327,45.31623,12.162934,45.313463,12.15447,45.292182,12.149099,45.283108,12.159841,45.262152,12.168793,45.258043,12.180675,45.262885,12.191661,45.274604,12.199392,45.288316,12.201915,45.299628,12.197439,45.29385,12.217296,45.283271,12.221446,45.268785,12.220551,45.251166,12.224864,45.248114,12.213878,45.242987,12.211111,45.236802,12.21518,45.230699,12.224864,45.216254,12.221365,45.20425,12.230479,45.196926,12.247325,45.196601,12.266368,45.200344,12.26352,45.200751,12.262543,45.202826,12.258962,45.210842,12.273692,45.22663,12.296072,45.230699,12.307302,45.215399,12.298025,45.200751,12.303966,45.186469,12.315115,45.172349,12.321056,45.138739,12.321951,45.10102,12.328461,45.103461,12.31837,45.107856,12.307302,45.114447,12.308442,45.124172,12.307302,45.128363,12.307302,45.10635,12.297374,45.088568,12.296723,45.078559,12.306651,45.079901,12.328461,45.083686,12.325206,45.086737,12.323578,45.093573,12.321056,45.081448,12.340831,45.066962,12.353038,45.052191,12.363292,45.038967,12.376231,45.032172,12.376231,45.031155,12.368337,45.029364,12.364106,45.027086,12.36085,45.024644,12.355154,45.010972,12.368826,45.026435,12.383556,45.038764,12.386567,45.05093,12.380626,45.065619,12.368826,45.056342,12.383311,45.049872,12.401378,45.042873,12.413422,45.032172,12.41033,45.020006,12.42628,45.01553,12.434093,45.010972,12.444591,44.992011,12.464692,44.976508,12.486176,44.98371,12.499197,44.983954,12.49586,44.983303,12.489106,44.98371,12.486095,44.991156,12.486095,44.991441,12.502615,44.987616,12.516775,44.98017,12.527599,44.970038,12.533865,44.960842,12.53297,44.950019,12.523123,44.943345,12.527029,44.933783,12.518809,44.928371,12.515391,44.922309,12.512706,44.922309,12.506602,44.921454,12.499034,44.910468,12.494884,44.87816,12.492931,44.86225,12.487315,44.845771,12.474132,44.820502,12.444591,44.825019,12.443126,44.834906,12.438731,44.846015,12.43214,44.854641,12.424001,44.87759,12.43922,44.890082,12.443044,44.901109,12.438324,44.904975,12.426931,44.899848,12.415538,44.891303,12.406912,44.884711,12.403575,44.868394,12.3921,44.858832,12.391612,44.851142,12.416515,44.843573,12.415863,44.836249,12.408214,44.833482,12.396739,44.826646,12.396739,44.825426,12.403819,44.821438,12.41627,44.820502,12.424001,44.80329,12.416189,44.793769,12.39796,44.792222,12.375662,44.804145,12.357432,44.815334,12.346853,44.833482,12.321056,44.842922,12.302989,44.843248,12.292328,44.826646,12.266368,44.820502,12.266368,44.820502,12.28004,44.751288,12.253591,44.711615,12.246593,44.668402,12.252696,44.636176,12.26588,44.62051,12.274913,44.613756,12.283458,44.602688,12.285818,44.531887,12.28004,44.487616,12.283702,44.387193,12.31422,44.361151,12.318207,44.353705,12.321056,44.347805,12.32545,44.334296,12.339203,44.329495,12.342133,44.308295,12.344249,44.288153,12.350271,44.250678,12.368826,44.222724,12.389985,44.195461,12.417166,44.166409,12.458018,44.13935,12.47877,44.114569,12.510916,44.093451,12.547374,44.085598,12.574229,44.030097,12.631358,44.008287,12.660899,43.990627,12.69158,43.982896,12.710297,43.972398,12.753835,43.971869,12.756114,43.966864,12.803966,43.958564,12.823009,43.93537,12.862153,43.915839,12.928884,43.904608,12.93865,43.89761,12.947276,43.703192,13.253266,43.650458,13.370128,43.644599,13.389822,43.635647,13.399669,43.623725,13.446625,43.612006,13.473399,43.616278,13.483165,43.623603,13.490733,43.627509,13.496267,43.628485,13.499034,43.630601,13.501231,43.632758,13.504405,43.633734,13.510265,43.631741,13.516124,43.627183,13.519054,43.622707,13.521007,43.620673,13.524181,43.613227,13.543224,43.596747,13.557791,43.580308,13.569184,43.572903,13.578868,43.569525,13.597911,43.560492,13.615571,43.547187,13.624522,43.531317,13.616954,43.263739,13.760265,43.243598,13.776052,43.236518,13.780284,43.200588,13.786632,43.192084,13.790782,43.178209,13.802745,43.127265,13.834809,43.091742,13.848643,43.00731,13.865408,42.901557,13.905528,42.798285,13.944672,42.730373,13.980479,42.698432,14.001231,42.624823,14.063243,42.609565,14.068858,42.598822,14.075369,42.47016,14.220551,42.42829,14.28419,42.392971,14.356212,42.372952,14.38738,42.321723,14.429047,42.225653,14.560232,42.208564,14.595876,42.191067,14.653494,42.18537,14.693696,42.175482,14.709239,42.160061,14.717052,42.118801,14.72283,42.099107,14.729503,42.084621,14.740733,42.078843,14.757498,42.077948,14.763357,42.075263,14.780121,42.066352,14.799815,42.044135,14.83546,42.031806,14.871104,42.021064,14.951996,42.010647,14.993663,42.00137,15.007335,41.974595,15.034516,41.96898,15.045177,41.964301,15.063162,41.941881,15.10434,41.934272,15.123383,41.931179,15.143565,41.927802,15.165375,41.928046,15.281749,41.907782,15.400564,41.906928,15.446056,41.928046,15.611339,41.92121,15.774425,41.944078,16.02711,41.928046,16.11085,41.926337,16.11199,41.919908,16.140473,41.892646,16.160899,41.893297,16.17921,41.877387,16.176036,41.858466,16.183604,41.821357,16.192231,41.808417,16.193044,41.79092,16.192882,41.779608,16.184337,41.763414,16.166677,41.748847,16.145763,41.742499,16.127615,41.737616,16.107188,41.72602,16.089692,41.701483,16.063162,41.679918,16.027517,41.640041,15.925304,41.614651,15.900076,41.57685,15.891368,41.536444,15.896332,41.502875,15.911794,41.479438,15.933604,41.459459,15.961111,41.427802,16.021658,41.412665,16.085134,41.403551,16.100352,41.39289,16.114106,41.327867,16.301443,41.262641,16.460297,41.250149,16.520681,41.239407,16.538585,41.227484,16.554373,41.206977,16.593923,41.146308,16.830577,41.132961,16.85141,41.132961,16.858165,41.140367,16.858165,41.140367,16.864431,41.123969,16.885265,41.081855,17.05714,41.020982,17.203136,40.980211,17.276378,40.954779,17.310069,40.912095,17.347911,40.906399,17.361176,40.902289,17.377696,40.88109,17.413585,40.830146,17.476085,40.824449,17.491954,40.820299,17.512218,40.801947,17.54835,40.78498,17.634532,40.779771,17.645274,40.747626,17.748383,40.694159,17.843923,40.68301,17.921886,40.670478,17.955821,40.646918,17.954926,40.646796,17.966319,40.653144,17.991954,40.650702,18.007009,40.644192,18.011078,40.63524,18.011485,40.62519,18.015798,40.608222,18.039236,40.601996,18.043224,40.556952,18.037446,40.504584,18.119965,40.464748,18.211681,40.461371,18.231456,40.457668,18.238292,40.43065,18.2588,40.42121,18.270193,40.399888,18.303233,40.366685,18.329112,40.35163,18.343761,40.345282,18.361501,40.33869,18.370453,40.26789,18.437266,40.152493,18.500011,40.14643,18.504242,40.141832,18.509451,40.139228,18.516124,40.12759,18.511078,40.120551,18.513682,40.114163,18.517426,40.104478,18.516124,40.09455,18.508067,40.084662,18.491873,40.055162,18.483572,40.043443,18.470388,40.022528,18.434093,39.978827,18.411388,39.968492,18.407888,39.947496,18.404063,39.925605,18.394786,39.916083,18.392589,39.890326,18.399669,39.878567,18.400076,39.825344,18.386485,39.817084,18.389171,39.81391,18.383962,39.799791,18.373709,39.796617,18.368337,39.798041,18.346528,39.800116,18.33839,39.803412,18.330414,39.833197,18.282074,39.837592,18.265636,39.837592,18.224376,39.839342,18.211274,39.851874,18.186534,39.860541,18.161876,39.88349,18.130626,39.902737,18.094249,39.90644,18.080903,39.911526,18.071544,39.98607,18.007335,39.995266,17.995372,40.002672,17.995372,40.003363,18.011078,40.010199,18.020274,40.021674,18.022146,40.0362,18.015798,40.044867,18.005138,40.051663,17.978363,40.057318,17.967459,40.074449,18.00294,40.096015,18.010997,40.120429,17.997244,40.146064,17.967459,40.163031,17.940684,40.176256,17.926036,40.190741,17.919607,40.209947,17.9192,40.226874,17.917003,40.240302,17.911143,40.249091,17.899669,40.249091,17.912771,40.255316,17.912771,40.285631,17.863129,40.290025,17.847667,40.303697,17.512055,40.30744,17.493907,40.331,17.44044,40.33161,17.430431,40.330024,17.409516,40.331,17.399425,40.335028,17.3921,40.348578,17.374685,40.351508,17.368175,40.354804,17.351248,40.379462,17.296397,40.395331,17.240001,40.406195,17.212901,40.420396,17.200206,40.428412,17.223481,40.441392,17.243012,40.457343,17.247895,40.474433,17.22755,40.480292,17.247406,40.473212,17.295746,40.481879,17.316254,40.498481,17.323253,40.499457,17.304047,40.488715,17.261729,40.491034,17.26352,40.496161,17.268565,40.502834,17.247406,40.496894,17.229015,40.487006,17.210704,40.481879,17.189952,40.485297,17.181814,40.49315,17.176443,40.502265,17.171723,40.509182,17.166189,40.512397,17.156016,40.512641,17.133474,40.515326,17.124522,40.51911,17.049571,40.492621,16.976085,40.445217,16.91212,40.390937,16.863292,40.301581,16.782725,40.269599,16.761404,40.211005,16.737559,40.20067,16.730724,40.19359,16.715994,40.146064,16.679454,40.11876,16.640066,40.107978,16.624522,40.084459,16.604747,40.04678,16.596934,40.034125,16.599376,39.996649,16.613617,39.966213,16.631602,39.953559,16.621755,39.942939,16.605479,39.919827,16.589203,39.885403,16.542247,39.837592,16.508149,39.805487,16.49171,39.775214,16.489757,39.747056,16.502126,39.721503,16.528575,39.714667,16.528575,39.689602,16.515636,39.660875,16.545909,39.636786,16.591482,39.625312,16.624848,39.620022,16.749766,39.61164,16.782481,39.603461,16.798106,39.591051,16.816091,39.576158,16.830903,39.560452,16.837169,39.55268,16.846202,39.529731,16.906016,39.499213,16.952973,39.49494,16.970876,39.492743,16.995372,39.486151,17.011485,39.475409,17.023448,39.460761,17.035818,39.441636,17.05714,39.422593,17.088552,39.409003,17.124197,39.406195,17.158702,39.338324,17.122244,39.282782,17.114919,39.269355,17.114513,39.256008,17.117686,39.244615,17.124766,39.222317,17.1421,39.210679,17.145681,39.1789,17.140391,39.121039,17.122244,39.090888,17.124522,39.054185,17.14796,39.045885,17.151866,39.040473,17.158458,39.031073,17.192556,39.029486,17.206391,39.019029,17.18686,39.012112,17.176606,39.005194,17.172374,38.96601,17.17156,38.960517,17.172374,38.936713,17.138845,38.932603,17.13502,38.928778,17.127696,38.919664,17.118907,38.899075,17.104015,38.919135,17.094981,38.922797,17.070567,38.916246,17.042247,38.905951,17.021983,38.929511,16.996349,38.937201,16.981293,38.94009,16.957286,38.938707,16.935069,38.918199,16.838552,38.878852,16.727794,38.855862,16.687755,38.847561,16.679454,38.840644,16.670746,38.816555,16.610606,38.797838,16.585623,38.785061,16.574392,38.756741,16.563731,38.7414,16.550955,38.723334,16.538829,38.699897,16.534841,38.693183,16.546886,38.689927,16.549083,38.672065,16.548513,38.596015,16.558849,38.528551,16.576996,38.502875,16.577159,38.429511,16.569591,38.416327,16.561371,38.387152,16.521983,38.371527,16.508149,38.369289,16.497569,38.3487,16.467052,38.339993,16.435069,38.300849,16.339854,38.277086,16.306326,38.143215,16.169444,38.110826,16.151866,38.004828,16.125499,37.973619,16.11085,37.960517,16.101329,37.949205,16.090017,37.939887,16.077159,37.932685,16.063162,37.924709,16.01588,37.919013,16.000987,37.933092,15.942149,37.925238,15.761485,37.930976,15.734874,37.940985,15.708263,37.953518,15.684418,37.966864,15.665782,37.988349,15.645518,38.009101,15.635102,38.027737,15.638357,38.042548,15.658458,38.074205,15.63266,38.092108,15.624034,38.107367,15.627452,38.125922,15.641612,38.143134,15.647797,38.162095,15.646495,38.18594,15.63795,38.220282,15.632823,38.241034,15.650564,38.253119,15.684255,38.278022,15.786469,38.285549,15.795665,38.290717,15.798676,38.300605,15.812836,38.306057,15.816173,38.35102,15.829763,38.473944,15.904796,38.516791,15.917817,38.55036,15.916026,38.578274,15.900076,38.604234,15.870779,38.608222,15.863536,38.613349,15.849946,38.617906,15.844005,38.628241,15.83546,38.633775,15.833669,38.639228,15.835216,38.648993,15.836599,38.660386,15.844493,38.66828,15.863129,38.679389,15.904796,38.712592,15.968028,38.725409,16.002615,38.727729,16.048839,38.720933,16.12086,38.723822,16.135997,38.730902,16.152599,38.748277,16.17921,38.776435,16.200938,38.814154,16.215099,38.856594,16.22169,38.899075,16.220063,38.919013,16.214692,38.934068,16.2046,38.943549,16.189626,38.946845,16.168956,38.955024,16.154307,38.973782,16.139659,39.075263,16.083018,39.310614,16.042003,39.345242,16.034027,39.438768,15.995396,39.477564,15.958076,39.513658,15.933116,39.535956,15.904796,39.551459,15.876231,39.56391,15.867524,39.588764,15.859716,39.614732,15.850271,39.652655,15.836599,39.6789,15.815684,39.695502,15.806407,39.796617,15.788748,39.790351,15.788748,39.810004,15.783946,39.820136,15.778819,39.82453,15.771332,39.830146,15.769705,39.868598,15.781912,39.891099,15.774425,39.929592,15.741547,39.943752,15.734141,39.964179,15.728038,39.981024,15.713145,40.008857,15.678884,40.043647,15.651622,40.057685,15.630382,40.064887,15.624685,40.077786,15.624278,40.073188,15.610199,40.077786,15.534923,40.06768,15.513127,40.046719,15.495312,40.029364,15.459809,39.999793,15.429602,39.99397,15.4101,39.998891,15.360943,40.004149,15.34316,40.033759,15.314301,40.0362,15.302745,40.032416,15.293305,40.029853,15.283051,40.028754,15.272227,40.029364,15.261241,40.0362,15.261241,40.047675,15.279145,40.073717,15.263438,40.100002,15.233897,40.111884,15.209646,40.119127,15.189952,40.169623,15.127208,40.174791,15.112804,40.173082,15.095876,40.166571,15.065684,40.168931,15.047211,40.17536,15.034923,40.195627,15.022804,40.210259,15.003122,40.219313,14.975904,40.224555,14.966319,40.23155,14.957088,40.227839,14.938138,40.238023,14.92213,40.241645,14.911143,40.258612,14.906912,40.285549,14.931895,40.307074,14.939138,40.324286,14.932384,40.333726,14.932384,40.337836,14.942149,40.339911,14.953949,40.34516,14.964366,40.351996,14.972911,40.358434,14.99449,40.368828,15.000433,40.397559,14.998267,40.431464,14.975922,40.573065,14.888845,40.607164,14.861501,40.632636,14.83546,40.652981,14.809744,40.669867,14.781993,40.676703,14.752208,40.666815,14.719981,40.649115,14.69044,40.646633,14.678071,40.649075,14.625743,40.645901,14.613292,40.617743,14.5713,40.613593,14.5442,40.619859,14.516368,40.632636,14.486583,40.624661,14.471365,40.615546,14.422048,40.602118,14.401541,40.583645,14.355805,40.570624,14.342621,40.584459,14.329845,40.605414,14.327973,40.624416,14.337738,40.632636,14.35963,40.633857,14.379731,40.636949,14.38738,40.643842,14.398213,40.656033,14.404799,40.685987,14.444211,40.695102,14.47637,40.711493,14.479747,40.729682,14.474132,40.744208,14.460623,40.755072,14.442638,40.75093,14.42129,40.756887,14.405403,40.761566,14.394433,40.772266,14.382554,40.780178,14.366609,40.796861,14.348888,40.828111,14.312348,40.838772,14.2942,40.840033,14.275727,40.837714,14.248383,40.831366,14.223643,40.820746,14.212738,40.801215,14.203461,40.800918,14.182203,40.815752,14.165597,40.818554,14.135233,40.829535,14.111501,40.833808,14.095958,40.831285,14.08253,40.822211,14.076182,40.81037,14.077403,40.797105,14.081228,40.783515,14.08253,40.786278,14.075282,40.789589,14.047697,40.796484,14.041151,40.837592,14.052257,40.874205,14.044465,40.921829,14.021344,40.996405,13.965343,41.014146,13.930186,41.023668,13.917979,41.033149,13.914561,41.054429,13.912771,41.064643,13.910655,41.1048,13.884318,41.147316,13.851725,41.205864,13.790491,41.252387,13.721853,41.256415,13.708507,41.250556,13.678722,41.250678,13.663341,41.259589,13.656586,41.253119,13.594412,41.237982,13.56365,41.208075,13.57545,41.20661,13.543956,41.208075,13.534434,41.215399,13.525238,41.225165,13.519542,41.229682,13.514415,41.221747,13.507091,41.221747,13.499685,41.239163,13.480235,41.294827,13.324392,41.295722,13.285818,41.283759,13.204845,41.278022,13.187022,41.260199,13.151215,41.250881,13.114513,41.226549,13.090505,41.221747,13.068207,41.227525,13.044607,41.240424,13.036794,41.256903,13.033458,41.273586,13.023692,41.286526,13.011974,41.315619,12.992686,41.331,12.979503,41.379788,12.923839,41.399319,12.893565,41.41352,12.862153,41.418402,12.841563,41.421373,12.76295,41.423733,12.748546,41.457953,12.678559,41.465644,12.653982,41.458197,12.642426,41.447496,12.635265,41.459133,12.619395,41.544135,12.545584,41.630764,12.448009,41.702297,12.342784,41.711371,12.327159,41.717434,12.300629,41.7272,12.285004,41.729438,12.276622,41.73371,12.246918,41.736274,12.239024,41.750678,12.223481,41.768134,12.21518,41.787543,12.211762,41.807929,12.211192,41.827338,12.206228,41.847357,12.194591,41.879584,12.170177,41.903469,12.147472,41.96015,12.049978,41.965155,12.038829,41.972846,12.029796,41.985785,12.026134,41.993069,12.020356,41.996283,11.992035,41.999742,11.982188,42.01142,11.969005,42.022284,11.952647,42.03148,11.934581,42.037909,11.91684,42.036444,11.839692,42.034166,11.827485,42.04678,11.822113,42.066352,11.809418,42.084459,11.79363,42.092515,11.779796,42.106269,11.771983,42.127916,11.750173,42.136623,11.745616,42.152289,11.742931,42.168891,11.736176,42.252143,11.68214,42.279364,11.658214,42.348863,11.539073,42.359361,11.489268,42.386623,11.420665,42.392971,11.396169,42.400377,11.396169,42.404283,11.386892,42.406887,11.376638,42.407904,11.365733,42.407213,11.354666,42.400377,11.362071,42.40058,11.333018,42.420844,11.259044,42.422309,11.245616,42.422187,11.227387,42.418891,11.211274,42.410956,11.204356,42.395453,11.200938,42.379299,11.18629,42.366278,11.183849,42.36933,11.174653,42.36933,11.164724,42.367743,11.1574,42.366278,11.155935,42.371405,11.147797,42.384182,11.134532,42.391262,11.106619,42.402737,11.094493,42.418362,11.086762,42.429457,11.086941,42.442857,11.099132,42.446358,11.113021,42.438797,11.141816,42.439828,11.164191,42.456498,11.179692,42.480267,11.188448,42.504706,11.188975,42.520819,11.18686,42.54621,11.166026,42.564032,11.158458,42.563178,11.148611,42.558905,11.137218,42.558051,11.128673,42.571967,11.115977,42.590766,11.10727,42.606879,11.097423,42.612698,11.080903,42.632229,11.07781,42.64704,11.053477,42.667914,11.005707,42.679877,11.000255,42.696031,10.995616,42.710273,10.990001,42.716295,10.981212,42.720038,10.972341,42.742987,10.943614,42.763902,10.89088,42.804429,10.731293,42.819159,10.755382,42.835273,10.764903,42.854193,10.766368,42.877102,10.765636,42.883938,10.768728,42.888251,10.774587,42.894721,10.77768,42.908149,10.77296,42.91828,10.76352,42.925279,10.750743,42.949042,10.681407,42.958482,10.632498,42.959703,10.583263,42.949123,10.539073,42.938788,10.543468,42.93476,10.54656,42.925279,10.518565,42.940497,10.499522,42.990058,10.47755,43.005561,10.502696,43.023912,10.5171,43.079413,10.539073,43.091376,10.535655,43.112616,10.535655,43.134182,10.539317,43.147121,10.54656,43.164252,10.538341,43.185289,10.534434,43.226223,10.532888,43.246772,10.528168,43.266791,10.516938,43.388577,10.437022,43.453192,10.373383,43.465277,10.359141,43.476874,10.326345,43.492621,10.317231,43.568549,10.29477,43.809394,10.264008,43.846625,10.251638,43.920233,10.210134,43.955268,10.180675,43.978705,10.136485,44.01675,10.105805,44.025377,10.090587,44.029527,10.072032,44.047838,10.03533,44.052069,10.014822,44.058051,9.998546,44.05976,9.988536,44.055487,9.984141,44.049872,9.980724,44.045722,9.972667,44.044664,9.962738,44.048651,9.953624,44.06037,9.937836,44.079901,9.904307,44.093004,9.88795,44.087836,9.876801,44.108629,9.844737,44.107245,9.826427,44.09984,9.833263,44.098131,9.828624,44.09512,9.823985,44.093004,9.819591,44.084906,9.824474,44.078843,9.830577,44.074774,9.838145,44.072496,9.847504,44.066311,9.847504,44.063381,9.841645,44.06037,9.838878,44.052069,9.833263,44.046291,9.846365,44.041164,9.84254,44.042304,9.832286,44.055487,9.826427,44.063381,9.819835,44.079413,9.771821,44.113471,9.720876,44.117743,9.709727,44.136542,9.682628,44.140815,9.672537,44.14232,9.64324,44.144599,9.631033,44.148261,9.621104,44.17772,9.586192,44.178941,9.579926,44.191596,9.573009,44.200141,9.556488,44.215237,9.511241,44.221829,9.499034,44.230902,9.489757,44.243842,9.484386,44.239814,9.472504,44.237698,9.453868,44.239488,9.436778,44.24726,9.42921,44.256781,9.422374,44.271796,9.374522,44.29442,9.367686,44.336412,9.262706,44.353705,9.230642,44.344062,9.221039,44.333441,9.213715,44.320868,9.209809,44.305325,9.210704,44.318305,9.16505,44.328559,9.146658,44.340033,9.148611,44.363349,9.130056,44.373969,9.102061,44.387274,9.001231,44.399807,8.952891,44.411566,8.923676,44.408922,8.914561,44.409735,8.868419,44.413479,8.845388,44.417182,8.837738,44.428453,8.826996,44.432115,8.76238,44.428778,8.737153,44.423977,8.724783,44.406724,8.695811,44.398098,8.685313,44.39468,8.678559,44.394721,8.670909,44.395575,8.662771,44.39468,8.655121,44.362738,8.593761,44.360541,8.576671,44.357164,8.564789,44.340033,8.540294,44.304267,8.466075,44.283881,8.444509,44.26435,8.449718,44.25316,8.439464,44.247545,8.436534,44.240424,8.435395,44.238023,8.432384,44.230658,8.417247,44.227037,8.411876,44.215033,8.406505,44.204088,8.408539,44.193508,8.408214,44.182359,8.394542,44.173529,8.369395,44.160468,8.313487,44.148261,8.284679,44.138739,8.269542,44.128363,8.256521,44.103583,8.233165,44.09634,8.229991,44.080308,8.231212,44.072496,8.229991,44.057196,8.223806,44.045233,8.216319,44.006659,8.169119,43.983222,8.15268,43.962633,8.167979,43.956488,8.167979,43.952582,8.144705,43.92768,8.115245,43.919867,8.089203,43.915229,8.081554,43.909654,8.07545,43.904608,8.073009,43.896674,8.067719,43.892076,8.055675,43.887519,8.031423,43.852851,7.959727,43.821967,7.785818,43.798245,7.736583,43.791205,7.694998,43.791327,7.572032,43.784491,7.544119,43.784491,7.531098,43.789049,7.523204,43.792141,7.512869,43.792222,7.502289,43.840219,7.482726,43.865515,7.477869,43.886237,7.493475,43.920783,7.53678,43.944089,7.556934,43.975611,7.60861,43.993543,7.630934,44.005067,7.638686,44.027495,7.646954,44.03969,7.653362,44.048579,7.664317,44.056588,7.678787,44.067337,7.689949,44.084649,7.691912,44.090799,7.687943,44.108988,7.676203,44.124956,7.654085,44.14356,7.64189,44.176064,7.655636,44.180095,7.624733,44.160716,7.583599,44.159063,7.554763,44.122941,7.38082,44.123664,7.340616,44.125266,7.331004,44.131881,7.321599,44.140201,7.316225,44.147487,7.3093,44.151156,7.296174,44.154309,7.270129,44.160045,7.251319,44.207225,7.144969,44.217767,7.104868,44.240298,7.04606,44.242934,7.033451,44.242107,7.020016,44.239213,7.008027,44.237818,6.996141,44.241745,6.982808,44.249445,6.973403,44.258178,6.968856,44.267532,6.965549,44.27735,6.959244,44.285102,6.950046,44.295385,6.930202,44.302155,6.92121,44.3097,6.915629,44.330008,6.903847,44.339827,6.895992,44.358379,6.873978,44.362926,6.869844,44.372125,6.866123,44.377189,6.86633,44.383183,6.86881,44.414396,6.877182,44.423026,6.88421,44.436307,6.9178,44.451965,6.891651,44.474909,6.861266,44.502918,6.838838,44.534027,6.835737,44.547463,6.846383,44.57542,6.897336,44.61795,6.931649,44.625443,6.945601,44.646682,6.934336,44.66699,6.941467,44.683165,6.959864,44.692157,6.982808,44.69226,7.001205,44.684612,7.037275,44.684871,7.055155,44.697893,7.049368,44.738872,7.018982,44.747399,7.015158,44.7721,7.009784,44.793753,6.998415,44.795045,6.999138,44.810806,7.004099,44.811529,7.00596,44.816335,7.005856,44.819023,7.006786,44.822071,7.007096,44.827963,7.004926,44.832975,7.000792,44.846979,6.982808,44.861656,6.932682,44.862689,6.915319,44.855661,6.86602,44.859072,6.847106,44.887649,6.77817,44.907803,6.745407,44.928732,6.72794,44.984697,6.729904,45.013378,6.723496,45.026917,6.697245,45.029242,6.662208,45.03565,6.651666,45.050378,6.639677,45.059421,6.63699,45.067431,6.638127,45.074459,6.636576,45.084433,6.620298,45.10345,6.602728,45.114767,6.614614,45.123545,6.629385,45.125515,6.632701,45.139623,6.667376,45.14076,6.676264,45.140295,6.694351,45.141225,6.702205,45.144739,6.710887,45.154609,6.72887,45.157348,6.736415,45.153162,6.771452,45.139106,6.808142,45.130115,6.844109,45.141225,6.876665,45.147426,6.878629,45.152025,6.872841,45.157451,6.86819,45.165926,6.873461,45.168407,6.881316,45.168614,6.904674,45.170164,6.913769,45.179569,6.928445,45.201066,6.945808,45.2098,6.958727,45.221324,6.994487,45.228197,7.029731,45.225768,7.037689,45.215019,7.050195,45.213675,7.055466,45.218533,7.062183,45.243079,7.0812,45.259202,7.108382,45.274912,7.108382,45.294962,7.097634,45.323953,7.092569,45.329844,7.097737,45.357078,7.130086,45.383226,7.150757,45.39847,7.159645,45.410924,7.160679,45.41511,7.152927,45.428288,7.110139,45.435419,7.096807,45.446633,7.088745,45.459087,7.081821,45.466286,7.075369,45.470042,7.072002,45.493142,7.02849,45.511125,6.982808,45.525646,6.975264,45.566987,6.969786,45.574429,6.965859,45.586211,6.954903,45.594272,6.952939,45.602592,6.955627,45.620162,6.967099,45.625847,6.969476,45.640729,6.963378,45.646776,6.951079,45.652563,6.918626,45.659695,6.905294,45.675508,6.882556,45.679022,6.869224,45.682742,6.843075,45.69685,6.8161,45.718141,6.795946,45.759585,6.784681,45.777465,6.781994,45.795294,6.782717,45.811727,6.788092,45.826455,6.800804,45.832914,6.816204,45.838643,6.843356,45.836223,6.851997,45.833458,6.858564,45.826891,6.864441,45.828273,6.870662,45.832767,6.871699,45.83968,6.872736,45.8448,6.873461,45.845523,6.880386,45.845368,6.905087,45.849761,6.926378,45.857822,6.949012,45.869759,6.969166,45.885779,6.982808,45.899267,6.989113,45.911307,6.997175,45.920506,7.007717,45.92526,7.022083,45.890223,7.066938,45.880508,7.090192,45.876116,7.120888,45.876529,7.153547,45.880456,7.183726,45.89813,7.245428,45.910274,7.27354,45.913426,7.286666,45.907845,7.361803,45.9157,7.393843,45.945879,7.452961,45.954871,7.482726,45.956731,7.503707,45.966704,7.514662,45.978073,7.524377,45.984119,7.541121,45.966343,7.643027,45.960038,7.658736,45.950323,7.673722,45.931203,7.692533,45.928671,7.69398,45.925725,7.706279,45.92712,7.71465,45.929601,7.722195,45.930376,7.732013,45.918129,7.780072,45.91849,7.807564,45.914666,7.825444,45.91446,7.831232,45.919214,7.843738,45.922573,7.846115,45.927792,7.845288,45.938076,7.848389,45.939712,7.84962,45.94037,7.870201,45.959383,7.872917,45.973869,7.883782,45.981949,7.898205,45.993111,7.969105,45.995178,7.978717,45.999312,7.985848,46.010629,7.998354,46.0128,7.999077,46.027683,8.008792,46.029698,8.010653,46.058172,8.015924,46.069385,8.016027,46.080858,8.018197,46.091141,8.025329,46.096516,8.035354,46.098066,8.056025,46.100598,8.066877,46.126953,8.110595,46.159354,8.132299,46.196044,8.129509,46.235629,8.09995,46.249736,8.076592,46.253612,8.073078,46.262035,8.077315,46.271802,8.087341,46.285548,8.106874,46.292473,8.128475,46.299191,8.171883,46.309164,8.192554,46.354123,8.24175,46.364044,8.270068,46.370116,8.281541,46.378359,8.291462,46.387506,8.297457,46.397634,8.297043,46.401122,8.290429,46.40536,8.286605,46.418046,8.294976,46.433653,8.316267,46.443885,8.343449,46.450206,8.385907,46.452179,8.399156,46.44869,8.427888,46.434945,8.441634,46.412362,8.445768,46.382183,8.446285,46.353373,8.442874,46.301568,8.426648,46.275833,8.423237,46.251442,8.427165,46.23537,8.43812,46.224828,8.456517,46.217542,8.482665,46.207878,8.51026,46.187621,8.538682,46.122819,8.601831,46.119357,8.611546,46.114706,8.630873,46.095792,8.677485,46.095172,8.695055,46.097963,8.702187,46.107523,8.71769,46.109538,8.723891,46.108233,8.728983,46.107419,8.732159,46.098066,8.739497,46.094449,8.747145,46.092898,8.763165,46.093415,8.793861,46.089746,8.80895,46.066388,8.834375,46.042927,8.819596,46.018691,8.790967,45.990579,8.773397,45.985773,8.769573,45.983086,8.767919,45.982311,8.785076,45.978538,8.800372,45.957093,8.857733,45.953424,8.864451,45.947067,8.870962,45.931099,8.88078,45.90955,8.898144,45.896476,8.906515,45.883402,8.912096,45.86609,8.91375,45.853688,8.909719,45.841802,8.903725,45.826403,8.900004,45.834826,8.939588,45.824646,8.972351,45.820718,9.002427,45.848107,9.034363,45.881955,9.059271,45.898957,9.063095,45.915545,9.051726,45.919731,9.042321,45.922779,9.020514,45.926655,9.010798,45.93606,9.001703,45.95425,8.993435,45.961847,8.982686,45.964379,8.980516,45.966911,8.979793,45.969495,8.980516,45.971975,8.982686,45.993111,9.015553,46.027941,8.997776,46.03931,9.002117,46.053107,9.027748,46.057913,9.049659,46.061789,9.059168,46.071142,9.067126,46.083441,9.07033,46.105972,9.068159,46.118892,9.072087,46.138167,9.090587,46.172273,9.163244,46.172989,9.163788,46.182609,9.171099,46.194132,9.17575,46.204054,9.181331,46.209635,9.192183,46.213563,9.204172,46.221056,9.215747,46.231184,9.224842,46.266996,9.239725,46.309371,9.268974,46.331385,9.275175,46.344252,9.273831,46.379728,9.260396,46.394017,9.260292,46.406626,9.262876,46.416651,9.260912,46.423033,9.24758,46.436547,9.237968,46.461041,9.245823,46.485122,9.263186,46.49737,9.282306,46.501504,9.330986,46.497861,9.350829,46.485484,9.351553,46.468689,9.377081,46.466416,9.384626,46.469413,9.395478,46.475407,9.400335,46.482513,9.403849,46.488895,9.410671,46.497111,9.426794,46.498326,9.434648,46.492047,9.437852,46.396136,9.443847,46.380891,9.4424,46.375284,9.444364,46.370375,9.451598,46.361874,9.473716,46.35681,9.482604,46.32074,9.502551,46.308596,9.515264,46.298622,9.536451,46.292731,9.559705,46.291801,9.674324,46.297072,9.693134,46.311748,9.70843,46.319629,9.708844,46.330972,9.707293,46.342392,9.709257,46.350893,9.720109,46.350712,9.730858,46.340532,9.755249,46.33862,9.768065,46.343296,9.788839,46.366964,9.855398,46.372158,9.899013,46.37115,9.918443,46.367455,9.93901,46.356086,9.964022,46.339808,9.970636,46.320016,9.97105,46.298105,9.977561,46.284359,9.992237,46.260072,10.031718,46.24307,10.041847,46.220487,10.042673,46.220022,10.075746,46.231133,10.117914,46.243328,10.14582,46.262449,10.158945,46.280277,10.14613,46.309371,10.104892,46.320533,10.095797,46.328956,10.091766,46.338103,10.092386,46.351642,10.09745,46.361357,10.104995,46.37438,10.125976,46.381098,10.13321,46.402905,10.140755,46.414016,10.133417,46.418822,10.116157,46.424816,10.071405,46.432722,10.042053,46.446262,10.026344,46.466984,10.044017,46.471066,10.035335,46.476673,10.030478,46.483934,10.028101,46.493184,10.02686,46.503829,10.031201,46.525792,10.031408,46.532975,10.032752,46.541863,10.04133,46.556746,10.062931,46.564394,10.071199,46.597002,10.083498,46.604392,10.087839,46.608035,10.09745,46.626819,10.192122,46.626974,10.217856,46.617982,10.233773,46.606691,10.235737,46.58615,10.230259,46.575298,10.234703,46.565531,10.275941,46.560725,10.283796,46.555687,10.289067,46.551087,10.295371,46.547496,10.306637,46.546049,10.319452,46.548323,10.354282,46.535326,10.425906,46.537729,10.443993,46.546702,10.451833,46.553697,10.457945,46.578476,10.465903,46.604288,10.466627,46.623564,10.459082,46.635656,10.438205,46.638808,10.395623,46.653277,10.377537,46.672398,10.369165,46.681906,10.373919,46.689012,10.384771,46.70082,10.394383,46.715005,10.396554,46.7264,10.395623,46.735546,10.399654,46.743014,10.416604,46.755648,10.428696,46.76942,10.426216,46.783967,10.419085,46.79885,10.417224,46.816885,10.439032,46.823241,10.444923,46.832233,10.44854,46.864427,10.453811,46.846366,10.486264,46.843214,10.527708,46.862412,10.629408,46.863756,10.647081,46.860965,10.662481,46.829546,10.738962,46.819443,10.748677,46.812518,10.743819,46.800142,10.721598,46.795207,10.716947,46.786448,10.722942,46.786189,10.733691,46.790763,10.754775,46.788101,10.76635,46.776888,10.795082,46.776629,10.804901,46.78035,10.823918,46.780246,10.83415,46.777043,10.843141,46.766991,10.860195,46.764072,10.870426,46.764589,10.880348,46.77234,10.913731,46.773994,10.930888,46.771642,10.965718,46.767741,10.982668,46.76911,10.99693,46.779213,11.010883,46.805568,11.033311,46.808255,11.037445,46.811692,11.048503,46.814921,11.052844,46.819934,11.054601,46.830321,11.053464,46.834145,11.054291,46.86497,11.073101,46.900136,11.083643,46.912435,11.091912,46.956515,11.156611,46.963853,11.174491,46.979252,11.243737,46.987262,11.31381,46.98194,11.349467,46.971553,11.380576,46.970493,11.411169,46.992998,11.445172,46.993102,11.445275,47.000879,11.452923,47.005504,11.461812,47.00708,11.471837,47.004212,11.489407,47.001602,11.495918,46.997856,11.501706,46.992998,11.506977,46.989484,11.515348,46.988347,11.524443,46.989536,11.533849,46.992998,11.543254,46.992998,11.543357,46.993102,11.543564,46.993102,11.543667,46.998915,11.572709,47.00044,11.59648,46.993257,11.64795,46.993257,11.648467,46.992998,11.649707,46.992533,11.657252,46.993257,11.664797,46.991913,11.683814,46.97548,11.716163,46.970622,11.73487,46.972457,11.746445,46.983438,11.766082,46.988296,11.777141,46.993257,11.822513,47.012015,11.857033,47.027725,11.899511,47.038164,11.943643,47.040489,12.014956,47.076559,12.116242,47.078832,12.133146,47.085215,12.180631,47.079686,12.204195,47.067012,12.203897,47.053331,12.203575,47.033616,12.182284,47.010517,12.12172,46.992998,12.111178,46.983076,12.117792,46.971656,12.122133,43.903218,12.399581,43.892056,12.42945,43.895259,12.460456,43.917038,12.478287,43.920051,12.477494,43.923216,12.478026,43.9258,12.479576,43.927919,12.48216,43.929205,12.483094,43.939159,12.490325,43.956419,12.492392,43.97311,12.489188,43.982567,12.48216,43.979053,12.453325,43.967219,12.421389,43.959661,12.411049,43.948409,12.395654,43.924534,12.385629,43.903218,12.399581,41.903016,12.452714,41.902752,12.453137,41.902752,12.454035,41.903862,12.453983,41.903915,12.453031,41.903439,12.452767,41.903016,12.452714
