P,16777151,37.7414,125.312755,37.727607,125.295746,37.714097,125.269379,37.707424,125.260997,37.699856,125.246837,37.696357,125.226329,37.703762,125.220551,37.731676,125.250173,37.737209,125.264334,37.733832,125.274587,37.740465,125.27711,37.749416,125.27947,37.749498,125.284841,37.750678,125.287446,37.753648,125.288748,37.755439,125.292735,37.756171,125.299327,37.766669,125.328787,37.768704,125.337738,37.7414,125.312755
P,16777151,37.786689,125.156261,37.78559,125.147716,37.794135,125.142833,37.799506,125.141368,37.802232,125.146495,37.813707,125.166189,37.818834,125.183849,37.819078,125.188487,37.815497,125.191417,37.811103,125.192882,37.809027,125.190278,37.808173,125.185069,37.797187,125.171723,37.786689,125.156261
P,16777151,37.824612,125.044607,37.817288,125.041759,37.817613,125.039561,37.81745,125.036388,37.808295,125.025645,37.80565,125.01588,37.805569,125.005056,37.808417,124.997732,37.813056,124.997813,37.815416,125.002615,37.819281,125.006847,37.821845,125.011974,37.820299,125.019054,37.817857,125.025401,37.818834,125.028494,37.822984,125.02947,37.8251,125.030121,37.830024,125.027843,37.836168,125.030447,37.834459,125.040782,37.824612,125.044607
P,16777151,38.528551,124.883474,38.505316,124.900401,38.494371,124.903982,38.503852,124.861095,38.510688,124.840831,38.522366,124.822032,38.50849,124.79949,38.517401,124.790294,38.533922,124.794444,38.553046,124.832205,38.555162,124.844249,38.545885,124.849376,38.54149,124.865733,38.536322,124.877208,38.528551,124.883474
P,16777151,39.428046,124.606619,39.427395,124.602061,39.430243,124.596039,39.439032,124.59311,39.446804,124.592865,39.449327,124.601736,39.457139,124.612559,39.449205,124.614431,39.447496,124.615082,39.444281,124.617849,39.43301,124.61907,39.428046,124.606619
P,16777151,39.508734,124.704845,39.50259,124.697765,39.503243,124.684587,39.507726,124.680149,39.516094,124.683769,39.52118,124.681974,39.527167,124.687673,39.535079,124.69362,39.537076,124.704708,39.530399,124.707779,39.519317,124.707746,39.508734,124.704845
P,16777151,39.569648,124.691254,39.562893,124.69809,39.553778,124.695649,39.544745,124.687022,39.53852,124.675548,39.538398,124.661632,39.547675,124.644786,39.53852,124.603526,39.5362,124.600352,39.537909,124.595876,39.544582,124.597423,39.549262,124.604666,39.553412,124.614268,39.56509,124.63087,39.563951,124.63502,39.565253,124.648774,39.570624,124.673839,39.569648,124.691254
P,16777151,39.52747,124.883182,39.507636,124.861664,39.505162,124.842656,39.495444,124.818563,39.520939,124.836927,39.516534,124.849816,39.527899,124.85697,39.538426,124.842773,39.543176,124.845007,39.544228,124.856588,39.548303,124.85705,39.553139,124.859738,39.556577,124.85441,39.573754,124.854475,39.580934,124.870522,39.595657,124.869706,39.603869,124.881769,39.612455,124.880471,39.614124,124.899193,39.604786,124.926741,39.598289,124.922227,39.593554,124.909674,39.572278,124.920254,39.550543,124.933609,39.540803,124.912092,39.52747,124.883182
P,16777151,39.79464,124.227397,39.791423,124.226015,39.791557,124.223189,39.79384,124.221201,39.794711,124.216098,39.795157,124.211662,39.795573,124.211533,39.799505,124.211316,39.804049,124.212588,39.807242,124.214651,39.810922,124.219273,39.814864,124.217575,39.81526,124.220272,39.816788,124.223116,39.818974,124.220994,39.819987,124.223426,39.821298,124.227065,39.821172,124.230017,39.819199,124.231896,39.817628,124.234433,39.813482,124.235861,39.812623,124.239887,39.809831,124.239586,39.807657,124.239561,39.807321,124.242788,39.804633,124.242751,39.801856,124.241627,39.800967,124.237835,39.798386,124.23526,39.798261,124.23039,39.79464,124.227397
P,16777151,42.961901,129.995713,42.960557,130.008219,42.961901,130.047286,42.976939,130.094312,42.981848,130.121494,42.972727,130.133586,42.959472,130.130485,42.943323,130.122527,42.92906,130.111572,42.921516,130.098756,42.907124,130.140407,42.908209,130.193841,42.90224,130.239006,42.866894,130.256473,42.782015,130.24221,42.743361,130.243037,42.708609,130.262674,42.667397,130.317141,42.650292,130.324789,42.606238,130.393002,42.604067,130.403957,42.604636,130.412742,42.604274,130.420494,42.599365,130.427728,42.591484,130.430002,42.572105,130.426385,42.561512,130.431242,42.549342,130.452533,42.554897,130.467933,42.569754,130.471033,42.585154,130.455117,42.600398,130.467829,42.61001,130.484159,42.610785,130.501419,42.599365,130.516508,42.58859,130.519506,42.549239,130.52519,42.53048,130.530771,42.510533,130.542657,42.506295,130.544517,42.495288,130.546067,42.490379,130.549891,42.487614,130.554749,42.482705,130.55878,42.445731,130.575626,42.432011,130.587408,42.420616,130.605909,42.414802,130.628543,42.400876,130.645803,42.383254,130.656655,42.359199,130.660582,42.333929,130.660272,42.32057,130.662753,42.311139,130.672881,42.295111,130.699962,42.289001,130.695557,42.283092,130.667129,42.274397,130.631577,42.272318,130.616621,42.26326,130.603823,42.26278,130.597544,42.280951,130.598481,42.291938,130.597667,42.298163,130.594981,42.307929,130.582042,42.315259,130.569366,42.318371,130.540501,42.327603,130.519053,42.33578,130.51019,42.339752,130.480684,42.334752,130.465653,42.322075,130.469396,42.311769,130.45646,42.309128,130.440098,42.318125,130.431839,42.324398,130.419159,42.324577,130.40745,42.315741,130.406993,42.307115,130.405854,42.299952,130.393999,42.291195,130.384157,42.277655,130.386322,42.270657,130.386241,42.264106,130.391124,42.26317,130.399262,42.26081,130.405854,42.249579,130.406016,42.242499,130.40089,42.244086,130.393321,42.257855,130.378182,42.255687,130.367992,42.243664,130.360655,42.232011,130.369837,42.229272,130.358829,42.216083,130.351505,42.213999,130.335057,42.191508,130.330645,42.18473,130.31877,42.183154,130.307026,42.197595,130.30816,42.218883,130.315635,42.236295,130.307418,42.237045,130.294182,42.205291,130.251363,42.182452,130.228986,42.174628,130.214936,42.173551,130.202274,42.159644,130.204286,42.101304,130.199311,42.100979,130.193858,42.103909,130.185313,42.098782,130.17392,42.08511,130.160248,42.083482,130.163585,42.077094,130.166596,42.072838,130.159432,42.074103,130.150108,42.084719,130.133198,42.090081,130.120069,42.089811,130.092772,42.078459,130.073041,42.059414,130.067955,42.051899,130.067015,42.050365,130.052222,42.042288,130.049712,42.035976,130.044908,42.011624,130.03647,41.995514,130.033879,41.9927,130.026817,42.014404,130.01495,42.010912,130.002884,41.990466,130.001297,41.982652,129.982188,41.978176,129.989024,41.973049,129.994151,41.962226,130.002696,41.959784,129.992931,41.955268,129.985606,41.941636,129.974864,41.943793,129.978282,41.933987,129.975678,41.922065,129.971039,41.917467,129.968598,41.898749,129.964692,41.892035,129.954438,41.894935,129.946787,41.903898,129.937394,41.911195,129.91362,41.904263,129.89674,41.883002,129.890391,41.857408,129.883393,41.824164,129.884532,41.791457,129.869652,41.781792,129.855171,41.764923,129.85246,41.758783,129.842813,41.778446,129.826546,41.777733,129.813315,41.759417,129.77476,41.731024,129.762787,41.696275,129.749766,41.684018,129.741361,41.675337,129.715019,41.649716,129.690823,41.61772,129.683185,41.575959,129.669409,41.549403,129.648798,41.525946,129.660655,41.509239,129.657723,41.494124,129.65273,41.464647,129.659403,41.443084,129.681678,41.428666,129.70167,41.419646,129.714603,41.421286,129.736056,41.406963,129.744151,41.392594,129.758184,41.386176,129.769298,41.385484,129.775645,41.387763,129.791108,41.386176,129.796641,41.376044,129.806163,41.372789,129.805186,41.368598,129.799897,41.355455,129.796641,41.352281,129.794688,41.330064,129.786876,41.324774,129.786143,41.315131,129.770356,41.292873,129.759125,41.166938,129.719574,41.122626,129.711925,41.08515,129.728282,41.071845,129.722016,41.05622,129.719819,41.023668,129.720795,40.978705,129.728282,40.96894,129.732514,40.951728,129.750824,40.944414,129.764891,40.93897,129.755574,40.91701,129.749229,40.90994,129.752997,40.891102,129.734272,40.871456,129.737343,40.847818,129.725219,40.834586,129.716558,40.835661,129.706087,40.845606,129.698357,40.841829,129.68456,40.838772,129.662852,40.841618,129.643922,40.838312,129.626167,40.840929,129.609803,40.838541,129.597968,40.839716,129.571773,40.828932,129.553941,40.810117,129.551051,40.807277,129.531997,40.795467,129.518081,40.792074,129.50624,40.793878,129.476529,40.781296,129.426954,40.76076,129.389187,40.745343,129.351687,40.73443,129.339756,40.718128,129.32783,40.687472,129.31121,40.673651,129.303233,40.676256,129.296153,40.68358,129.286632,40.698037,129.277917,40.70798,129.270138,40.709132,129.253157,40.705714,129.233482,40.696353,129.217703,40.685952,129.212393,40.675546,129.206426,40.670089,129.206386,40.663632,129.206995,40.656207,129.201709,40.650753,129.200362,40.638007,129.197765,40.632636,129.19337,40.622504,129.190522,40.616535,129.18705,40.609599,129.179165,40.60366,129.174555,40.593451,129.173676,40.568915,129.172618,40.565549,129.161235,40.556635,129.155312,40.545897,129.150899,40.511165,129.115066,40.472565,129.077564,40.47397,129.030116,40.459933,128.975812,40.398165,128.899755,40.371848,128.860532,40.367387,128.830534,40.35498,128.813567,40.347025,128.780974,40.34653,128.764042,40.335095,128.752005,40.338947,128.721645,40.331197,128.687808,40.310771,128.669669,40.310763,128.656655,40.320177,128.65534,40.313217,128.636489,40.297331,128.618948,40.271443,128.616447,40.266009,128.628792,40.25714,128.656722,40.247722,128.66063,40.240309,128.66778,40.225413,128.662599,40.201239,128.664561,40.197148,128.650931,40.190693,128.641847,40.184239,128.634713,40.180266,128.628875,40.180756,128.621732,40.185702,128.608103,40.186673,128.588611,40.180211,128.577607,40.166767,128.543199,40.151375,128.536093,40.143424,128.527681,40.135456,128.510189,40.134749,128.479799,40.124374,128.466266,40.1095,128.448563,40.104002,128.434946,40.096381,128.411388,40.099577,128.391844,40.09689,128.364765,40.067048,128.337765,40.028216,128.327753,40.033433,128.302094,40.065477,128.280132,40.077105,128.263444,40.067904,128.236322,40.056206,128.227837,40.029364,128.234386,40.027574,128.225108,40.029608,128.203217,40.029364,128.19337,40.026109,128.182384,40.017971,128.164317,40.016303,128.155121,40.018297,128.146821,40.022854,128.143565,40.02733,128.139415,40.045152,128.006847,40.040473,128.002289,40.025946,128.000987,40.020413,127.997813,40.014838,127.989757,40.010565,127.979828,40.008857,127.970551,40.004096,127.963715,39.981635,127.947276,39.974758,127.940033,39.97191,127.930268,39.983942,127.906659,39.961225,127.891038,39.943831,127.891263,39.902086,127.884044,39.892808,127.874604,39.885403,127.78183,39.875637,127.796397,39.865668,127.794037,39.853534,127.762438,39.857189,127.727383,39.848201,127.69575,39.816439,127.679629,39.806801,127.663291,39.820897,127.648699,39.830935,127.623749,39.810248,127.607188,39.80622,127.593028,39.796291,127.57602,39.784003,127.56186,39.761054,127.549408,39.746975,127.520844,39.738593,127.514415,39.731106,127.512462,39.715522,127.503754,39.707221,127.501313,39.698472,127.50172,39.683783,127.506358,39.660061,127.508556,39.649482,127.512218,39.644843,127.518565,39.645819,127.528087,39.636786,127.552745,39.617865,127.570323,39.595038,127.574555,39.552012,127.53677,39.510465,127.520439,39.443752,127.535411,39.343736,127.562999,39.31623,127.562104,39.305976,127.554454,39.301947,127.543468,39.305121,127.53183,39.31623,127.521821,39.329413,127.5206,39.344224,127.526947,39.371487,127.542247,39.409247,127.507579,39.422838,127.503998,39.433417,127.495128,39.436998,127.482921,39.429755,127.469981,39.407864,127.44044,39.405178,127.43808,39.397284,127.431,39.392524,127.425548,39.378852,127.378429,39.371487,127.378429,39.367011,127.389903,39.361802,127.414073,39.357123,127.425548,39.364244,127.437836,39.367987,127.453868,39.363837,127.46754,39.347561,127.473399,39.340155,127.466807,39.334784,127.435395,39.330471,127.425548,39.336371,127.420258,39.340644,127.414561,39.343248,127.408295,39.344143,127.401378,39.341864,127.391938,39.336412,127.39267,39.329657,127.396983,39.323676,127.398285,39.297187,127.386729,39.268988,127.378429,39.240426,127.37203,39.221991,127.382904,39.201728,127.393403,39.193305,127.408539,39.189195,127.420177,39.170844,127.441254,39.165961,127.45224,39.16828,127.471934,39.177069,127.476085,39.187161,127.473643,39.193305,127.473399,39.194892,127.491303,39.15644,127.511729,39.146145,127.531749,39.152045,127.606944,39.146145,127.631684,39.138577,127.643077,39.129299,127.651703,39.121487,127.661388,39.11815,127.675629,39.118598,127.744151,39.117011,127.759288,39.109198,127.769623,39.077541,127.792572,39.043036,127.823741,39.032864,127.830333,39.0185,127.836518,39.00141,127.851573,38.974189,127.885509,38.961371,127.888682,38.957465,127.892914,38.963935,127.902192,38.96719,127.908702,38.964179,127.914317,38.95775,127.918224,38.942328,127.921479,38.934475,127.92628,38.928656,127.933849,38.926418,127.943614,38.917914,127.961762,38.875312,127.995453,38.85814,128.014659,38.843736,128.091156,38.727729,128.210216,38.732327,128.225108,38.751654,128.270356,38.755072,128.282807,38.717231,128.313243,38.711412,128.321056,38.703559,128.338145,38.696723,128.347667,38.678656,128.35963,38.675362,128.359955,38.67536,128.359955,38.660712,128.361339,38.642768,128.360362,38.624742,128.364594,38.624335,128.364919,38.624331,128.364922,38.60134,128.308374,38.584416,128.281089,38.571497,128.274785,38.554056,128.276955,38.519846,128.28543,38.48437,128.281089,38.45352,128.268067,38.425769,128.24874,38.399776,128.225589,38.355954,128.172362,38.323502,128.10849,38.304278,128.039864,38.300041,127.971754,38.304846,127.866851,38.293917,127.800757,38.296682,127.787011,38.306448,127.774712,38.32097,127.761948,38.325362,127.753731,38.312081,127.560823,38.298077,127.502067,38.295906,127.47194,38.318515,127.377113,38.31004,127.253814,38.312701,127.221981,38.307224,127.157489,38.285855,127.090464,38.254462,127.026747,38.218909,126.971919,38.213038,126.966065,38.200667,126.953728,38.174173,126.940134,38.134598,126.919829,38.119586,126.903344,38.096022,126.864793,38.082018,126.847327,37.979001,126.761906,37.953938,126.722115,37.946186,126.696328,37.944584,126.677828,37.937634,126.665787,37.913811,126.660516,37.82781,126.667459,37.827582,126.667003,37.814521,126.655772,37.799262,126.651622,37.798,126.6421,37.787716,126.620799,37.787706,126.620779,37.7744,126.593272,37.777533,126.576182,37.848375,126.436615,37.854193,126.428477,37.887152,126.404307,37.89175,126.397716,37.889594,126.378673,37.884345,126.358002,37.851264,126.279552,37.845445,126.259532,37.843329,126.236908,37.844224,126.199962,37.840522,126.178477,37.829657,126.158214,37.82217,126.149181,37.819037,126.147716,37.815253,126.14975,37.799709,126.152843,37.778876,126.159679,37.768256,126.165375,37.754625,126.164317,37.740668,126.161225,37.733466,126.158214,37.740912,126.110362,37.781399,126.096934,37.80036,126.086925,37.799262,126.072113,37.802232,126.062836,37.824693,126.058604,37.870592,126.055756,37.853664,126.026134,37.854315,126.012787,37.874335,126.007335,37.885565,126.000743,37.898383,125.985932,37.908677,125.969819,37.912177,125.959483,37.901923,125.944102,37.88935,125.950531,37.878648,125.96461,37.874335,125.972504,37.864163,125.974457,37.837104,125.983653,37.822821,125.986176,37.829332,125.977875,37.835435,125.967133,37.840318,125.955903,37.843329,125.945893,37.844631,125.93336,37.84398,125.927013,37.844875,125.921641,37.850775,125.911632,37.864814,125.895518,37.9265,125.84547,37.936347,125.841075,37.943549,125.834972,37.947577,125.81129,37.951565,125.805186,37.95893,125.802501,37.970201,125.801768,37.988959,125.803966,37.992906,125.799327,37.994086,125.78419,37.99608,125.773774,38.005072,125.756358,38.007758,125.746593,38.009345,125.70517,38.012274,125.687348,38.027289,125.647309,38.031928,125.622162,38.032213,125.596934,38.025133,125.578949,38.009019,125.578217,37.992255,125.596528,37.97899,125.62143,37.973619,125.640717,37.977607,125.675385,37.972113,125.685313,37.952541,125.678315,37.956041,125.688813,37.958197,125.698985,37.957424,125.708832,37.952541,125.71933,37.939765,125.70753,37.925238,125.698822,37.925279,125.71754,37.927476,125.72519,37.932685,125.732921,37.925238,125.739757,37.91592,125.727794,37.908271,125.715343,37.902493,125.701508,37.898586,125.685069,37.899156,125.668956,37.905829,125.657074,37.915473,125.645518,37.925238,125.630626,37.902167,125.627452,37.878648,125.636811,37.856391,125.641205,37.837104,125.623057,37.825344,125.637787,37.822821,125.644135,37.813422,125.640147,37.809556,125.633556,37.809149,125.613536,37.806301,125.609223,37.79975,125.611095,37.788723,125.616954,37.774115,125.620372,37.765326,125.620128,37.761379,125.613536,37.761786,125.602794,37.763617,125.593028,37.767524,125.583995,37.7744,125.575206,37.776679,125.579356,37.777655,125.580089,37.778795,125.580414,37.781887,125.582774,37.787095,125.570567,37.787746,125.559581,37.782701,125.551606,37.771308,125.548595,37.770453,125.54184,37.772528,125.528901,37.780178,125.520518,37.796129,125.527599,37.778795,125.50351,37.754055,125.490977,37.731187,125.47462,37.719794,125.438731,37.719062,125.403656,37.716376,125.385265,37.71015,125.377289,37.693549,125.372651,37.68008,125.361583,37.675605,125.347504,37.686265,125.335053,37.737982,125.348643,37.760891,125.36378,37.754543,125.390391,37.7744,125.444916,37.781562,125.429454,37.776435,125.395112,37.781887,125.377289,37.796129,125.389903,37.809394,125.410981,37.819037,125.434906,37.822821,125.455821,37.813178,125.505138,37.817816,125.524181,37.843329,125.527599,37.837714,125.510834,37.839667,125.497325,37.847073,125.486664,37.857611,125.479096,37.883734,125.508637,37.894273,125.510102,37.898586,125.483165,37.90412,125.463878,37.914618,125.455089,37.920396,125.445649,37.912177,125.424408,37.908352,125.427501,37.902004,125.430024,37.898586,125.431895,37.898627,125.406261,37.896674,125.394542,37.89175,125.383556,37.885565,125.402843,37.874498,125.427989,37.860012,125.4463,37.843329,125.444916,37.856024,125.42628,37.865465,125.399669,37.869127,125.371837,37.864407,125.349376,37.857001,125.354015,37.85106,125.360362,37.846625,125.368012,37.843329,125.377289,37.822577,125.345958,37.812974,125.326671,37.809149,125.30836,37.811103,125.309093,37.815497,125.308116,37.820217,125.305431,37.822821,125.301036,37.822821,125.239513,37.837836,125.25172,37.859849,125.294932,37.878079,125.30836,37.895209,125.300629,37.914618,125.257091,37.932685,125.26002,37.929592,125.240082,37.915229,125.228526,37.896715,125.219574,37.881171,125.208507,37.871772,125.193126,37.867621,125.176606,37.86758,125.158214,37.875067,125.100352,37.878079,125.089366,37.896145,125.062104,37.898586,125.051524,37.900092,125.029389,37.905992,125.013194,37.918443,125.006602,37.939521,125.01352,37.927436,124.989024,37.925238,124.979503,37.942328,124.983653,37.952948,124.992198,37.958441,125.005463,37.960028,125.024181,37.963609,125.036632,37.978583,125.062022,37.980455,125.075694,37.975816,125.08961,37.962714,125.115977,37.960028,125.1338,37.960761,125.149913,37.963772,125.163829,37.969916,125.175385,37.980455,125.184906,37.987942,125.177501,37.981269,125.166515,37.979967,125.155284,37.983466,125.144298,37.99844,125.123302,37.999457,125.1185,38.002387,125.115326,38.015286,125.109711,38.034613,125.1067,38.041938,125.116222,38.042548,125.157563,38.049384,125.201671,38.045722,125.213227,38.037177,125.217296,38.027818,125.219574,38.02143,125.22519,38.020087,125.246349,38.053941,125.253184,38.062405,125.273692,38.077948,125.264903,38.083808,125.248302,38.083482,125.208507,38.085761,125.19044,38.095526,125.155854,38.097805,125.140636,38.09512,125.124522,38.076077,125.075694,38.068996,125.027354,38.062405,125.01352,38.097805,124.937836,38.124823,124.904877,38.131659,124.885265,38.113959,124.876475,38.107082,124.865489,38.101996,124.840099,38.097805,124.793793,38.115383,124.677094,38.125718,124.667247,38.137193,124.673595,38.144965,124.697765,38.147935,124.745128,38.156073,124.765147,38.175971,124.773285,38.178616,124.78004,38.18594,124.821788,38.193793,124.829112,38.218411,124.84547,38.226955,124.855968,38.230658,124.879161,38.221503,124.895274,38.189358,124.920909,38.192939,124.931,38.226955,124.993012,38.235338,124.967621,38.229071,124.91505,38.244574,124.886567,38.257636,124.872325,38.265448,124.870128,38.282131,124.86964,38.345201,124.879731,38.355292,124.883881,38.409084,124.927989,38.4206,124.935069,38.450507,124.947276,38.460883,124.958995,38.463365,124.966563,38.462144,124.972179,38.455146,124.974864,38.440375,124.972667,38.451361,124.985199,38.473619,125.002045,38.497952,125.016368,38.514879,125.021007,38.52497,125.01474,38.535875,124.996837,38.545885,124.993012,38.557685,124.994884,38.566148,124.997081,38.574042,124.995697,38.584157,124.980866,38.591942,124.983949,38.592522,124.997747,38.583523,125.017686,38.589495,125.0292,38.591271,125.037625,38.581683,125.042966,38.568468,125.058241,38.583989,125.079744,38.593523,125.102769,38.580281,125.128009,38.591254,125.134532,38.610012,125.134044,38.624742,125.137218,38.633246,125.126069,38.645168,125.118419,38.657213,125.116547,38.666327,125.123383,38.662332,125.13756,38.646128,125.148229,38.631727,125.1566,38.634655,125.179623,38.642432,125.183496,38.656826,125.178198,38.670002,125.179797,38.666979,125.18899,38.657379,125.193545,38.652553,125.203485,38.656092,125.220381,38.657837,125.235734,38.669739,125.259614,38.67031,125.267295,38.663078,125.277983,38.656806,125.301036,38.665017,125.311324,38.668584,125.319791,38.678747,125.330605,38.687079,125.346016,38.694761,125.369108,38.693671,125.397227,38.692857,125.406749,38.687486,125.429698,38.686225,125.441905,38.689521,125.444428,38.696723,125.446137,38.704006,125.45102,38.707261,125.462657,38.686225,125.507091,38.676703,125.511811,38.657864,125.514659,38.652655,125.520763,38.65412,125.532725,38.663642,125.537934,38.674262,125.540782,38.679389,125.545177,38.676663,125.555186,38.670111,125.564952,38.662299,125.572358,38.655748,125.575206,38.641913,125.585948,38.63109,125.610362,38.62641,125.63795,38.631008,125.657807,38.638495,125.648529,38.653998,125.636811,38.658881,125.630626,38.661444,125.619884,38.662258,125.59962,38.666327,125.588959,38.711127,125.543712,38.720933,125.527599,38.722805,125.51474,38.722886,125.490977,38.727729,125.479096,38.73432,125.472911,38.771552,125.447032,38.77619,125.448009,38.777248,125.447765,38.77558,125.438731,38.771308,125.435883,38.763088,125.43214,38.755927,125.424571,38.755072,125.410899,38.75019,125.420014,38.744127,125.427826,38.736762,125.434174,38.729265,125.419313,38.717449,125.389244,38.720541,125.373128,38.734565,125.363048,38.734565,125.356212,38.721259,125.350352,38.717475,125.341075,38.720933,125.314545,38.723863,125.312755,38.729804,125.310313,38.734605,125.306407,38.734565,125.301036,38.728461,125.295909,38.722113,125.297944,38.716742,125.303477,38.713528,125.30836,38.707261,125.30836,38.703192,125.293712,38.703315,125.27768,38.707913,125.262462,38.717231,125.249766,38.728339,125.2435,38.736721,125.246918,38.755072,125.266856,38.758287,125.259776,38.762519,125.253184,38.771918,125.257823,38.783596,125.252696,38.793118,125.240977,38.796088,125.22519,38.771918,125.230479,38.739717,125.216557,38.738608,125.18812,38.751228,125.176664,38.76323,125.172111,38.769267,125.15677,38.777088,125.145274,38.803534,125.137218,38.82038,125.143321,38.837144,125.147553,38.874579,125.150727,38.891529,125.151966,38.91546,125.163627,38.9388,125.172981,38.95852,125.190027,38.975262,125.200901,38.986056,125.198643,39.001532,125.212169,39.029887,125.233368,39.049639,125.252002,39.066352,125.26002,39.080606,125.270803,39.080471,125.291108,39.079535,125.31601,39.083441,125.335053,39.089556,125.28407,39.097046,125.286694,39.104531,125.290612,39.111281,125.290335,39.117049,125.286179,39.123542,125.288153,39.131822,125.287364,39.139065,125.289154,39.143541,125.293305,39.147366,125.294444,39.15233,125.287364,39.161526,125.296723,39.165432,125.30714,39.165961,125.332042,39.168891,125.343516,39.176011,125.340099,39.184963,125.332042,39.193305,125.328868,39.212877,125.343598,39.220893,125.365082,39.220282,125.389008,39.213813,125.410899,39.228949,125.404877,39.236558,125.396007,39.245795,125.393565,39.300727,125.431895,39.310614,125.444916,39.312242,125.42921,39.320258,125.41627,39.333482,125.411143,39.350979,125.418224,39.354438,125.413422,39.364651,125.404633,39.362006,125.414806,39.360541,125.418956,39.357123,125.424408,39.366929,125.445649,39.374335,125.454194,39.385077,125.459239,39.384996,125.438487,39.392524,125.376475,39.398749,125.357026,39.413153,125.359955,39.440334,125.383556,39.440985,125.372569,39.439927,125.361827,39.437405,125.351654,39.433539,125.34254,39.459621,125.346039,39.474677,125.360362,39.486274,125.379405,39.501776,125.397227,39.513739,125.402599,39.527493,125.406586,39.538723,125.413666,39.547553,125.441987,39.557929,125.450287,39.571275,125.451752,39.584377,125.444916,39.575385,125.429698,39.533189,125.325694,39.527289,125.303559,39.523017,125.294932,39.521186,125.285981,39.526028,125.27711,39.551215,125.250743,39.553616,125.246349,39.562893,125.237071,39.566474,125.219574,39.573065,125.210297,39.591213,125.22519,39.591213,125.157563,39.585191,125.160981,39.56977,125.167817,39.56387,125.171235,39.56387,125.126801,39.565863,125.116954,39.57095,125.114268,39.577582,125.113536,39.584377,125.109711,39.592475,125.10377,39.5987,125.101654,39.602729,125.097504,39.604193,125.085541,39.601508,125.070079,39.601142,125.060313,39.604193,125.047699,39.608547,125.04005,39.62401,125.018077,39.62873,125.01352,39.635321,125.01059,39.636868,125.003266,39.636908,124.994395,39.638983,124.986339,39.662014,124.958263,39.662991,124.947276,39.645819,124.937836,39.652981,124.926524,39.656236,124.913097,39.662055,124.901622,39.691962,124.89267,39.704169,124.881602,39.713853,124.866303,39.721503,124.849132,39.725979,124.833588,39.728339,124.81129,39.730455,124.803071,39.739814,124.799164,39.741811,124.77065,39.748008,124.76039,39.770657,124.75644,39.782945,124.746104,39.772162,124.740245,39.762112,124.739513,39.752997,124.742931,39.745063,124.749522,39.73371,124.754731,39.722357,124.750255,39.709892,124.750021,39.701308,124.744187,39.691356,124.744624,39.687906,124.757115,39.672459,124.753045,39.671792,124.740532,39.665293,124.729805,39.654996,124.734244,39.644355,124.743907,39.641588,124.735137,39.647128,124.716412,39.63754,124.695017,39.622069,124.674929,39.612121,124.649063,39.594604,124.640575,39.590483,124.637452,39.597968,124.62379,39.6022,124.624115,39.60517,124.625336,39.61164,124.629405,39.613105,124.621918,39.614732,124.618663,39.617865,124.615733,39.628651,124.610803,39.644748,124.628574,39.662946,124.632149,39.669466,124.645095,39.683661,124.649913,39.697577,124.646983,39.698065,124.639903,39.693915,124.63144,39.693549,124.62379,39.697943,124.619884,39.709784,124.613373,39.714667,124.609467,39.719306,124.600352,39.720852,124.591563,39.723578,124.584809,39.731757,124.582286,39.740546,124.583263,39.756293,124.587901,39.765855,124.589122,39.770941,124.584727,39.778876,124.56601,39.786689,124.561615,39.807115,124.56544,39.814276,124.564057,39.817084,124.554942,39.818061,124.519786,39.830756,124.434418,39.829332,124.430024,39.826483,124.426362,39.824205,124.422618,39.82453,124.417735,39.827826,124.413666,39.835924,124.40976,39.837592,124.407237,39.841498,124.403575,39.859809,124.399181,39.865546,124.396576,39.867865,124.389659,39.871731,124.362559,39.892808,124.348888,39.89997,124.341807,39.905585,124.334809,39.909735,124.327973,39.912665,124.321544,39.925116,124.332123,39.930243,124.345714,39.933539,124.359386,39.940009,124.369965,39.954088,124.376069,40.002672,124.383067,40.027777,124.405772,40.024563,124.434093,40.015286,124.465831,40.022528,124.499604,40.030748,124.479259,40.032782,124.432872,40.0362,124.410248,40.048285,124.391449,40.064887,124.384369,40.082668,124.380382,40.098293,124.369965,40.110473,124.385565,40.214136,124.528192,40.215996,124.532378,40.21765,124.543023,40.220905,124.548656,40.224729,124.550206,40.236201,124.551756,40.241421,124.554857,40.252428,124.570877,40.272168,124.611184,40.286121,124.627204,40.294286,124.642603,40.302812,124.69304,40.310305,124.71247,40.326687,124.72296,40.349735,124.73128,40.370353,124.741202,40.37919,124.756808,40.383479,124.779856,40.394073,124.800837,40.43159,124.849878,40.465541,124.883829,40.477892,124.89065,40.483628,124.895508,40.476497,124.905636,40.465852,124.915145,40.461097,124.917935,40.457893,124.925894,40.455568,124.935299,40.453656,124.959587,40.457377,124.986613,40.456136,125.006612,40.457377,125.026301,40.461097,125.041287,40.471071,125.0463,40.483473,125.038858,40.495876,125.027696,40.508278,125.015294,40.521972,125.015294,40.534374,125.025112,40.541816,125.05002,40.548017,125.073585,40.55551,125.089656,40.56414,125.114616,40.572873,125.133064,40.583984,125.153063,40.593957,125.181537,40.602639,125.216418,40.611321,125.242412,40.615041,125.256106,40.622483,125.264839,40.632456,125.270989,40.643618,125.27719,40.648579,125.293313,40.64982,125.308196,40.644859,125.323182,40.641138,125.33667,40.646047,125.356048,40.646719,125.363593,40.643929,125.372481,40.635092,125.384574,40.632456,125.390878,40.631785,125.413254,40.639278,125.41713,40.651938,125.414959,40.652685,125.41516,40.666563,125.418887,40.671162,125.426328,40.668733,125.443691,40.673384,125.452993,40.679689,125.4563,40.693693,125.456921,40.701341,125.459814,40.712917,125.469065,40.718756,125.47878,40.720926,125.491647,40.721805,125.533092,40.725939,125.546476,40.737101,125.553349,40.758754,125.555364,40.778339,125.560067,40.784902,125.571746,40.781853,125.586525,40.772706,125.600323,40.76418,125.608126,40.761286,125.609935,40.762164,125.668691,40.768882,125.682643,40.784075,125.673342,40.810585,125.644816,40.847895,125.683212,40.859195,125.70409,40.860453,125.706414,40.865207,125.737007,40.868153,125.745895,40.874767,125.750753,40.881692,125.754732,40.885671,125.760933,40.886239,125.770803,40.884637,125.779175,40.869755,125.821963,40.87084,125.831678,40.892699,125.872709,40.897505,125.885215,40.899313,125.901545,40.894146,125.912293,40.884069,125.924024,40.877403,125.936168,40.88257,125.949604,40.891304,125.96428,40.894146,125.995079,40.899313,126.007843,40.909132,126.015336,40.913886,126.010013,40.91492,125.996629,40.913628,125.980558,40.928356,125.99203,40.932696,126.009548,40.93528,126.028565,40.944685,126.045515,40.968612,126.065824,40.9806,126.071974,40.989385,126.069286,40.997085,126.075643,41.002511,126.083704,41.006232,126.093368,41.009178,126.104065,41.022097,126.101326,41.032432,126.111506,41.043232,126.12644,41.056978,126.138171,41.07553,126.123753,41.092273,126.147421,41.143123,126.260696,41.15258,126.274752,41.164103,126.284364,41.207822,126.30953,41.218881,126.321002,41.237691,126.346169,41.249421,126.357331,41.290814,126.380585,41.303423,126.391489,41.348382,126.440892,41.36652,126.472518,41.366107,126.501301,41.361766,126.498201,41.358045,126.496495,41.35479,126.493757,41.351792,126.487659,41.344403,126.487659,41.351947,126.522127,41.377631,126.522127,41.409153,126.508278,41.434371,126.501301,41.447239,126.507606,41.488993,126.542229,41.534158,126.558766,41.561805,126.577266,41.575241,126.580883,41.588315,126.577266,41.601932,126.566517,41.614154,126.567034,41.642059,126.60207,41.665933,126.617883,41.668621,126.633955,41.667122,126.669301,41.671902,126.680102,41.694175,126.712245,41.701254,126.727954,41.70991,126.714157,41.716421,126.699635,41.724018,126.68713,41.735981,126.679482,41.741226,126.696587,41.741226,126.712503,41.736911,126.727282,41.729185,126.741545,41.704484,126.771362,41.695906,126.788622,41.704949,126.79627,41.729831,126.808879,41.747272,126.864793,41.77355,126.877454,41.784918,126.887118,41.796158,126.908512,41.801041,126.929802,41.793729,126.939621,41.771767,126.940654,41.766186,126.946132,41.766806,126.958586,41.763318,126.981169,41.752049,126.999631,41.731588,127.033155,41.732648,127.042664,41.719238,127.046798,41.69358,127.068347,41.68079,127.076615,41.682237,127.059613,41.677741,127.048968,41.668,127.045454,41.653428,127.049433,41.643299,127.058993,41.635703,127.074031,41.626168,127.104675,41.622293,127.101885,41.612448,127.097234,41.610355,127.113977,41.594956,127.166067,41.585163,127.17971,41.5786,127.15785,41.569247,127.136508,41.555759,127.118008,41.537414,127.104675,41.536639,127.111962,41.534779,127.12085,41.531575,127.12824,41.522014,127.134648,41.523926,127.142399,41.530541,127.155938,41.528526,127.165137,41.523926,127.170356,41.519276,127.174335,41.51695,127.17971,41.521498,127.187254,41.542065,127.200328,41.545941,127.207098,41.540773,127.221981,41.528009,127.244512,41.525477,127.258309,41.527337,127.267456,41.530438,127.274691,41.531058,127.28146,41.525477,127.288953,41.518552,127.28978,41.512196,127.283579,41.507338,127.275156,41.504961,127.269058,41.499018,127.28637,41.494678,127.305128,41.491319,127.344247,41.492714,127.353704,41.498088,127.371119,41.498812,127.378974,41.496021,127.388482,41.49137,127.395924,41.486823,127.40135,41.484497,127.405122,41.483102,127.427343,41.488011,127.443053,41.494729,127.457109,41.498812,127.47411,41.495401,127.491008,41.488166,127.508475,41.484342,127.525838,41.491319,127.542891,41.468891,127.544752,41.458246,127.558808,41.450339,127.597513,41.432873,127.63069,41.429875,127.638338,41.432976,127.647071,41.446567,127.65813,41.44698,127.662677,41.43897,127.690273,41.436903,127.784634,41.44357,127.810369,41.433958,127.828869,41.431322,127.848868,41.43742,127.865146,41.45375,127.871864,41.460881,127.881475,41.466256,127.903593,41.470855,127.944211,41.450339,127.974235,41.454008,127.984467,41.46114,127.992735,41.470855,128.001416,41.460106,128.012372,41.442278,128.013095,41.424346,128.011545,41.413287,128.015162,41.411479,128.023844,41.413752,128.033663,41.420729,128.050612,41.398766,128.046892,41.388431,128.064152,41.388896,128.08813,41.399593,128.103943,41.393444,128.118205,41.379129,128.103943,41.376339,128.14611,41.404451,128.185695,41.5447,128.287601,41.583406,128.303,41.605058,128.28326,41.62299,128.281399,41.643377,128.268997,41.66012,128.25091,41.669447,128.224142,41.692908,128.186005,41.711822,128.159133,41.733759,128.154895,41.754713,128.14425,41.822616,128.097018,41.841737,128.091023,41.84985,128.05764,41.863983,128.047822,41.87959,128.039967,41.965062,128.020433,41.979816,128.021467,41.993743,128.034593,41.998316,128.054643,41.999091,128.100532,42.032862,128.261969,42.02648,128.363772,42.020692,128.387129,42.008341,128.407593,42.010331,128.453999,41.997515,128.488312,41.996094,128.502368,42.008057,128.543709,42.006636,128.553321,42.000797,128.56438,42.004311,128.573681,42.019994,128.587737,42.027126,128.597556,42.030175,128.607891,42.02573,128.682512,42.030175,128.70928,42.04759,128.720959,42.043869,128.817077,42.030409,128.883172,42.026273,128.90348,42.035368,128.940067,42.075237,128.954847,42.088517,128.963838,42.09291,128.985026,42.09508,129.0089,42.101876,129.026574,42.122856,129.053342,42.136086,129.063471,42.153759,129.064711,42.143191,129.088482,42.142106,129.105535,42.149366,129.119798,42.173706,129.148013,42.193446,129.177675,42.209182,129.196382,42.214324,129.204237,42.219956,129.211162,42.225692,129.214262,42.234684,129.209301,42.236028,129.186874,42.243107,129.180776,42.254554,129.18336,42.259851,129.192145,42.262744,129.202894,42.267008,129.211162,42.275638,129.214779,42.283699,129.214159,42.291063,129.216123,42.297729,129.228008,42.303672,129.22067,42.307755,129.212402,42.310158,129.20372,42.310778,129.193902,42.318245,129.193902,42.318142,129.226148,42.323878,129.236276,42.338735,129.242271,42.344031,129.240307,42.346564,129.234209,42.350207,129.228628,42.359199,129.228008,42.367648,129.231109,42.374366,129.23607,42.378706,129.243098,42.387233,129.296635,42.389584,129.303766,42.407619,129.307073,42.422321,129.315445,42.426765,129.326504,42.414415,129.337872,42.420616,129.352135,42.42922,129.343763,42.438367,129.338596,42.445472,129.340146,42.447953,129.352135,42.445007,129.36309,42.432553,129.372082,42.428109,129.386241,42.430202,129.39544,42.435964,129.406189,42.441054,129.418798,42.441106,129.434094,42.41072,129.482463,42.402555,129.488871,42.390954,129.517086,42.383383,129.523391,42.373074,129.526801,42.36956,129.535173,42.371317,129.545302,42.376872,129.55419,42.387,129.559461,42.396793,129.560288,42.404105,129.563182,42.411366,129.587676,42.422218,129.594498,42.435602,129.595634,42.447953,129.591707,42.445421,129.633462,42.437928,129.671185,42.442372,129.703328,42.475858,129.728856,42.511799,129.73361,42.550918,129.73144,42.585154,129.736504,42.606238,129.763066,42.612387,129.763066,42.615514,129.74622,42.629001,129.741569,42.642928,129.751077,42.647191,129.776709,42.661661,129.772264,42.670394,129.779396,42.676854,129.787561,42.684734,129.786527,42.693338,129.774538,42.696852,129.76441,42.703648,129.757588,42.722277,129.755625,42.734705,129.757278,42.746048,129.761309,42.766951,129.773505,42.79248,129.789524,42.806484,129.795002,42.836663,129.799033,42.907485,129.834173,42.917795,129.841511,42.928234,129.846679,42.951281,129.847609,42.961901,129.851743,42.96898,129.863112,42.971538,129.893291,42.976138,129.907037,42.978747,129.897735,42.982804,129.890087,42.988514,129.884092,42.996033,129.879751,42.999418,129.890707,43.008435,129.909207,43.01027,129.920679,43.00841,129.934115,43.003629,129.941556,42.973735,129.971735,42.966732,129.981347,42.961901,129.995713
