P,16777151,33.55944,126.823366,33.544582,126.835216,33.53498,126.849946,33.518988,126.898204,33.506578,126.912852,33.47663,126.922699,33.464911,126.932384,33.469468,126.937022,33.473822,126.94337,33.478013,126.946056,33.465033,126.953624,33.460598,126.948985,33.458238,126.939301,33.451321,126.932384,33.445502,126.932872,33.436265,126.93922,33.430854,126.93922,33.425482,126.935802,33.416083,126.927257,33.413153,126.925548,33.395725,126.907507,33.373046,126.87353,33.354141,126.862992,33.332065,126.847956,33.323218,126.847239,33.310207,126.840587,33.307807,126.815929,33.303616,126.806407,33.30555,126.780141,33.280208,126.741793,33.264666,126.640723,33.24061,126.606919,33.232908,126.565527,33.236618,126.521209,33.228714,126.470562,33.239309,126.428458,33.238169,126.333427,33.226559,126.30379,33.200385,126.286143,33.197577,126.27003,33.204047,126.253917,33.234923,126.231151,33.243552,126.200824,33.269355,126.171397,33.300767,126.161143,33.341457,126.178966,33.366685,126.195811,33.375556,126.206228,33.392768,126.240977,33.435874,126.270661,33.441715,126.297949,33.464476,126.310567,33.477961,126.35736,33.502381,126.45938,33.520758,126.484935,33.529284,126.582434,33.553426,126.648798,33.549676,126.664692,33.560556,126.745505,33.563797,126.79236,33.55944,126.823366
P,16777151,34.061469,127.295665,34.057196,127.298106,34.047919,127.294688,34.037584,127.296397,34.020087,127.309093,34.015774,127.314952,34.014106,127.322113,34.010688,127.324718,34.005764,127.323497,34.011461,127.309337,34.014106,127.295665,34.017239,127.293224,34.024075,127.289806,34.032416,127.287608,34.034613,127.283865,34.037787,127.280772,34.044623,127.278331,34.048651,127.279796,34.05329,127.279307,34.05744,127.28004,34.058295,127.283214,34.057278,127.286876,34.058498,127.291515,34.061103,127.2942,34.061469,127.295665
P,16777151,34.051337,125.13738,34.046861,125.134288,34.047553,125.129893,34.04857,125.127696,34.051174,125.122813,34.066067,125.103282,34.071763,125.092133,34.079535,125.089692,34.090074,125.094574,34.095933,125.102224,34.092841,125.113292,34.083808,125.122081,34.059272,125.136404,34.051337,125.13738
P,16777151,34.168647,126.567882,34.168036,126.573741,34.170152,126.582042,34.169989,126.593272,34.168647,126.598969,34.165595,126.607677,34.156968,126.615977,34.152533,126.613536,34.155666,126.609386,34.156155,126.605805,34.152248,126.604015,34.153469,126.600271,34.15762,126.591156,34.157416,126.581798,34.153062,126.576427,34.147691,126.573009,34.141425,126.56186,34.133979,126.551931,34.126451,126.536876,34.127143,126.517751,34.138861,126.507091,34.153998,126.506358,34.16885,126.515147,34.179104,126.532888,34.179104,126.548106,34.168647,126.567882
P,16777151,34.119086,126.665375,34.116848,126.655528,34.119371,126.650401,34.12401,126.648611,34.127183,126.643809,34.128119,126.638682,34.141547,126.636485,34.164618,126.642833,34.177476,126.64503,34.182563,126.638438,34.187161,126.636485,34.193752,126.644786,34.19717,126.645274,34.197089,126.653819,34.189887,126.670746,34.180121,126.673106,34.173326,126.663585,34.165717,126.661876,34.153266,126.672048,34.151435,126.676036,34.146552,126.679454,34.143541,126.67628,34.142971,126.671886,34.13703,126.670421,34.126939,126.670421,34.119086,126.665375
P,16777151,34.166978,126.919932,34.15766,126.913585,34.152411,126.901866,34.151353,126.886974,34.156073,126.875987,34.162828,126.866954,34.162177,126.860362,34.157172,126.856944,34.159003,126.853201,34.174384,126.849132,34.18476,126.855317,34.194281,126.856944,34.20185,126.86085,34.207465,126.867931,34.213284,126.882172,34.209662,126.899262,34.197699,126.909353,34.190497,126.918956,34.184882,126.924978,34.172349,126.922374,34.166978,126.919932
P,16777151,34.179104,126.588878,34.175605,126.583832,34.179023,126.568614,34.185126,126.56072,34.189154,126.558767,34.190416,126.554535,34.19123,126.549815,34.194566,126.548839,34.206529,126.553966,34.211005,126.556895,34.214057,126.557302,34.216457,126.555349,34.218655,126.556163,34.22016,126.559825,34.222317,126.562185,34.225165,126.561534,34.232123,126.556407,34.234524,126.559744,34.232408,126.567638,34.228949,126.575369,34.22602,126.596202,34.221381,126.606944,34.218166,126.612153,34.213284,126.616222,34.204535,126.617035,34.199693,126.610118,34.1883,126.606619,34.187649,126.592052,34.186265,126.583995,34.179104,126.588878
P,16777151,34.314887,126.033214,34.308905,126.067638,34.310736,126.082042,34.307929,126.088715,34.29682,126.087738,34.289618,126.089366,34.283881,126.084646,34.282864,126.074962,34.278998,126.069347,34.280707,126.064952,34.286078,126.060802,34.285956,126.057384,34.280992,126.055675,34.280219,126.049327,34.28734,126.028656,34.29564,126.021658,34.301093,126.021007,34.305854,126.025238,34.310777,126.025727,34.314887,126.033214
P,16777151,34.350043,126.843516,34.348456,126.850759,34.3487,126.854991,34.349351,126.859223,34.348375,126.870372,34.345526,126.884532,34.341254,126.893321,34.33393,126.891368,34.328315,126.88559,34.324897,126.884044,34.317939,126.883067,34.312242,126.876801,34.313625,126.868175,34.312201,126.858897,34.308539,126.853852,34.304918,126.84962,34.303371,126.840587,34.309149,126.835704,34.31684,126.833669,34.322903,126.828298,34.325629,126.820567,34.324368,126.810313,34.320868,126.79835,34.32095,126.788748,34.322577,126.784923,34.324652,126.781098,34.33275,126.758962,34.336127,126.757579,34.337226,126.767833,34.339667,126.777843,34.341783,126.782237,34.343248,126.785899,34.342231,126.793793,34.33869,126.802908,34.342515,126.813975,34.35163,126.827485,34.353746,126.837657,34.350043,126.843516
P,16777151,34.357652,127.045909,34.354804,127.053722,34.358385,127.067393,34.35932,127.077403,34.355943,127.082042,34.351386,127.08546,34.344916,127.091563,34.342475,127.094981,34.337795,127.096934,34.336737,127.090831,34.340277,127.082367,34.342108,127.072439,34.339789,127.065278,34.337063,127.067882,34.334174,127.073985,34.328192,127.066742,34.316718,127.049083,34.312893,127.038829,34.321723,127.037852,34.327948,127.042817,34.331448,127.049164,34.335435,127.045584,34.339179,127.023692,34.343166,127.026622,34.348212,127.024262,34.351549,127.017589,34.352851,127.000824,34.354682,126.994314,34.356269,126.991466,34.35814,126.993826,34.359361,127.001231,34.362616,127.007009,34.371894,127.016287,34.37873,127.026215,34.381334,127.025401,34.380439,127.028575,34.374742,127.035655,34.366685,127.042166,34.357652,127.045909
P,16777151,34.324205,126.745616,34.309231,126.763927,34.303046,126.76588,34.291897,126.771495,34.289211,126.768077,34.289781,126.763194,34.29092,126.758311,34.294135,126.74936,34.298245,126.74171,34.297553,126.737478,34.291693,126.736501,34.289374,126.7317,34.292711,126.722911,34.29564,126.707774,34.301093,126.688975,34.307563,126.688813,34.313422,126.69809,34.320787,126.695649,34.322699,126.687022,34.320461,126.676606,34.323432,126.663585,34.329779,126.651866,34.337104,126.644867,34.347968,126.641938,34.360338,126.640961,34.372952,126.641775,34.385565,126.645763,34.395209,126.653656,34.399482,126.664399,34.40058,126.670177,34.402045,126.687755,34.398912,126.699229,34.39289,126.709972,34.381293,126.721853,34.362006,126.73113,34.346177,126.733897,34.338853,126.737071,34.33275,126.742524,34.324205,126.745616
P,16777151,34.398871,126.860199,34.392768,126.861095,34.39175,126.85377,34.396959,126.833263,34.395209,126.824718,34.389065,126.819672,34.378892,126.793305,34.368598,126.784028,34.357856,126.781098,34.354722,126.775727,34.360989,126.769216,34.371324,126.769379,34.380032,126.767263,34.382961,126.762462,34.383246,126.757579,34.386949,126.753184,34.39289,126.756847,34.398749,126.761485,34.411363,126.768403,34.426744,126.782481,34.435777,126.802257,34.439846,126.823009,34.438056,126.83546,34.432074,126.84018,34.425482,126.840994,34.421047,126.835785,34.418647,126.836599,34.413967,126.845876,34.406887,126.853526,34.398871,126.860199
P,16777151,34.463853,127.486827,34.461249,127.487071,34.462226,127.49171,34.469631,127.500743,34.470038,127.509939,34.450588,127.531912,34.44066,127.536388,34.43476,127.536388,34.428046,127.528819,34.41828,127.51059,34.414252,127.49464,34.416938,127.488943,34.425482,127.488536,34.431342,127.481781,34.434027,127.47169,34.439195,127.467052,34.443183,127.469737,34.44892,127.458832,34.45303,127.452159,34.460517,127.45574,34.466132,127.455089,34.470608,127.45338,34.472886,127.458263,34.470364,127.465343,34.466783,127.47283,34.463853,127.486827
P,16777151,34.423977,127.210216,34.417711,127.168956,34.419582,127.153005,34.424302,127.141287,34.437567,127.117361,34.445014,127.117361,34.450588,127.122813,34.455227,127.12379,34.459703,127.119884,34.464911,127.110525,34.473334,127.12436,34.478705,127.14031,34.48371,127.173025,34.486762,127.204275,34.485745,127.220551,34.480292,127.234223,34.464057,127.245128,34.445461,127.241873,34.430243,127.228689,34.423977,127.210216
P,16777151,34.488471,127.779307,34.488186,127.771169,34.489936,127.769054,34.493964,127.765798,34.498236,127.756521,34.502265,127.741954,34.50849,127.732188,34.516995,127.727712,34.523179,127.72283,34.526842,127.71461,34.533881,127.70753,34.542426,127.712901,34.549058,127.729747,34.551093,127.748057,34.543118,127.761078,34.518785,127.776215,34.511786,127.774425,34.508205,127.774913,34.506985,127.78297,34.503974,127.789561,34.498236,127.793956,34.492011,127.791759,34.488471,127.779307
P,16777151,34.538275,126.315603,34.53384,126.322276,34.535061,126.326834,34.54682,126.349457,34.538153,126.350352,34.49844,126.380056,34.484687,126.381602,34.469306,126.378917,34.454413,126.373546,34.419582,126.353852,34.409003,126.345876,34.403469,126.335948,34.406562,126.334239,34.419908,126.317149,34.423977,126.309255,34.417711,126.309255,34.401679,126.305186,34.358791,126.209972,34.355536,126.198497,34.352607,126.156423,34.355048,126.144786,34.363756,126.142589,34.37108,126.148204,34.377183,126.15561,34.38231,126.158458,34.388495,126.153087,34.403469,126.124278,34.38231,126.124278,34.402777,126.103282,34.436184,126.115733,34.463202,126.144216,34.464911,126.17213,34.486518,126.181163,34.494208,126.187022,34.502753,126.1963,34.507636,126.207042,34.508979,126.216563,34.513414,126.223806,34.527574,126.226573,34.515692,126.238292,34.51435,126.254161,34.52204,126.268321,34.537258,126.274425,34.54975,126.266775,34.566474,126.241059,34.574774,126.247732,34.575751,126.263927,34.568305,126.280447,34.558905,126.29477,34.554267,126.305431,34.551459,126.307872,34.545152,126.310802,34.538275,126.315603
P,16777151,34.532538,126.057628,34.531155,126.046723,34.533922,126.035167,34.539049,126.031586,34.540717,126.037364,34.540961,126.043468,34.545152,126.048513,34.548896,126.054454,34.552314,126.053477,34.556383,126.031261,34.561672,126.036632,34.563422,126.050466,34.563788,126.064952,34.57099,126.076345,34.580756,126.081309,34.590766,126.076427,34.60399,126.066417,34.620795,126.060069,34.625474,126.067638,34.617377,126.079845,34.611151,126.087087,34.605455,126.099376,34.596747,126.100108,34.594875,126.102387,34.589789,126.104259,34.579413,126.103363,34.568305,126.100271,34.558661,126.099376,34.553656,126.093761,34.548733,126.085704,34.542182,126.077322,34.532538,126.057628
P,16777151,34.569485,126.038097,34.565863,126.028575,34.571438,126.020518,34.606147,126.016612,34.625434,126.020193,34.634223,126.028575,34.611151,126.041352,34.598334,126.052013,34.584296,126.060395,34.572577,126.057628,34.570054,126.048595,34.569485,126.038097
P,16777151,34.63231,128.271251,34.631903,128.275808,34.639553,128.294607,34.637315,128.29713,34.631985,128.295665,34.622219,128.286062,34.619859,128.281749,34.619086,128.27532,34.620836,128.26588,34.6199,128.258067,34.615546,128.247406,34.611518,128.242198,34.61046,128.236257,34.614203,128.235281,34.620592,128.23878,34.625759,128.237804,34.629381,128.233409,34.630072,128.229666,34.632839,128.225271,34.637844,128.225678,34.642401,128.228363,34.647854,128.22877,34.651028,128.232758,34.652411,128.239513,34.638495,128.271169,34.63231,128.271251
P,16777151,34.695543,125.43393,34.6883,125.437266,34.688463,125.445811,34.690904,125.457286,34.686835,125.459239,34.679674,125.45045,34.675116,125.445811,34.66942,125.443207,34.654242,125.427419,34.647203,125.424327,34.638129,125.417735,34.63231,125.412608,34.628607,125.408539,34.631985,125.398774,34.646308,125.392345,34.659654,125.393403,34.67182,125.398936,34.682563,125.40561,34.691962,125.412852,34.697089,125.421235,34.698432,125.429454,34.695543,125.43393
P,16777151,34.579739,127.797862,34.579006,127.786632,34.58397,127.775401,34.613674,127.740001,34.62523,127.73585,34.643622,127.741873,34.648424,127.746267,34.660102,127.764985,34.666083,127.768321,34.691474,127.77589,34.704739,127.760753,34.712836,127.762543,34.716986,127.773448,34.718166,127.785899,34.714179,127.796641,34.70482,127.799327,34.693793,127.7942,34.684556,127.782074,34.682359,127.792491,34.670478,127.801606,34.655829,127.808767,34.630764,127.817231,34.616156,127.818126,34.601955,127.815115,34.588202,127.807872,34.579739,127.797862
P,16777151,34.677436,125.999034,34.660631,125.983897,34.656399,125.976899,34.655911,125.969981,34.656684,125.959727,34.659817,125.959646,34.666815,125.94516,34.672309,125.929454,34.670966,125.925059,34.687649,125.916026,34.69538,125.922862,34.705146,125.952403,34.725653,125.970551,34.728258,125.976736,34.726223,125.980479,34.713324,125.989024,34.704413,126.000987,34.700263,126.00408,34.692613,126.005382,34.68476,126.003184,34.677436,125.999034
P,16777151,34.769965,126.117849,34.766547,126.127208,34.761217,126.133149,34.757554,126.141938,34.756903,126.153819,34.75495,126.163585,34.749945,126.170258,34.744452,126.173839,34.739447,126.173106,34.732815,126.174083,34.724066,126.177501,34.713365,126.177908,34.703803,126.17213,34.702786,126.159434,34.712348,126.147716,34.723456,126.138438,34.723578,126.127696,34.719631,126.122325,34.718248,126.118826,34.717719,126.111339,34.721991,126.104259,34.730536,126.10255,34.744289,126.093435,34.761379,126.073741,34.76968,126.069591,34.767564,126.079275,34.767524,126.087169,34.770657,126.094574,34.771552,126.105235,34.769965,126.117849
P,16777151,34.780951,126.007172,34.759711,126.007579,34.761461,126.00294,34.764106,125.991547,34.766547,125.986501,34.757148,125.977875,34.757066,125.964203,34.759263,125.951671,34.756659,125.946137,34.743232,125.944102,34.731431,125.938731,34.722602,125.930024,34.718166,125.918142,34.719306,125.906423,34.72602,125.897797,34.73664,125.892589,34.749823,125.89088,34.762274,125.893891,34.771064,125.901866,34.776923,125.912852,34.780829,125.925059,34.776516,125.93865,34.779731,125.956554,34.790025,125.989268,34.790758,125.995942,34.790107,126.000743,34.787177,126.004405,34.780951,126.007172
P,16777151,34.764472,126.158214,34.761868,126.146251,34.76732,126.134613,34.776516,126.121593,34.781643,126.104828,34.787584,126.09254,34.794379,126.102387,34.797756,126.127289,34.802965,126.141856,34.808092,126.149425,34.804592,126.159028,34.796454,126.16627,34.792304,126.168712,34.7897,126.165538,34.783271,126.16212,34.769761,126.164236,34.764472,126.158214
P,16777151,34.82287,128.379013,34.820125,128.38583,34.823348,128.395366,34.826522,128.410764,34.827448,128.428226,34.819572,128.437997,34.806735,128.440635,34.798709,128.435334,34.793903,128.438976,34.787882,128.434636,34.79122,128.424572,34.789236,128.420597,34.78672,128.420886,34.785397,128.429101,34.779809,128.437332,34.773784,128.433294,34.763253,128.423083,34.763098,128.406534,34.770716,128.399281,34.77854,128.395363,34.778804,128.38699,34.785363,128.388957,34.791917,128.386206,34.793491,128.373305,34.796537,128.368702,34.80279,128.378272,34.810404,128.380089,34.816686,128.370416,34.821804,128.352395,34.818844,128.340974,34.819132,128.334192,34.825702,128.332049,34.832973,128.340093,34.835422,128.351831,34.830274,128.367247,34.82287,128.379013
P,16777151,34.799994,128.241466,34.796942,128.238455,34.79914,128.229015,34.8015,128.223155,34.807807,128.212169,34.815619,128.205821,34.821031,128.207042,34.830227,128.213878,34.838568,128.227306,34.836168,128.239919,34.822414,128.254893,34.814643,128.260509,34.809272,128.256521,34.809272,128.245779,34.807074,128.240733,34.799994,128.241466
P,16777151,34.879136,126.142263,34.876858,126.147227,34.871161,126.152029,34.864976,126.153087,34.857896,126.139659,34.842353,126.144542,34.832913,126.1421,34.829291,126.13502,34.829657,126.125173,34.823798,126.118907,34.812649,126.119151,34.803127,126.115896,34.798163,126.105235,34.798774,126.096202,34.804674,126.094005,34.808661,126.094412,34.822659,126.079438,34.83218,126.071056,34.842597,126.064138,34.850531,126.067149,34.856594,126.081798,34.857611,126.093761,34.853176,126.103282,34.85342,126.112559,34.859442,126.115245,34.871161,126.113292,34.878811,126.122813,34.878607,126.135916,34.879136,126.142263
P,16777151,34.869127,128.013438,34.866156,128.018728,34.877021,128.024587,34.892279,128.036306,34.893622,128.045909,34.886623,128.048839,34.882636,128.053966,34.880357,128.05893,34.868354,128.061209,34.851752,128.066905,34.84512,128.072765,34.842475,128.076834,34.835598,128.082367,34.833401,128.071788,34.843207,128.026541,34.836656,128.001801,34.83808,127.987315,34.845526,127.972423,34.859768,127.963634,34.87519,127.97047,34.889716,127.984141,34.903388,127.992849,34.913031,128.001964,34.916571,128.017833,34.905504,128.02296,34.88935,128.015961,34.878323,128.012462,34.869127,128.013438
P,16777151,34.858588,126.35963,34.837388,126.361664,34.822496,126.342052,34.825832,126.331309,34.831732,126.337657,34.83747,126.340831,34.841457,126.338227,34.854071,126.310313,34.855902,126.306163,34.851955,126.276622,34.846666,126.26352,34.844713,126.248709,34.848049,126.236827,34.85456,126.230724,34.859809,126.236095,34.860663,126.251964,34.866767,126.272309,34.87051,126.27589,34.873277,126.279145,34.877509,126.280121,34.880683,126.292654,34.886908,126.29713,34.894232,126.297618,34.903022,126.289806,34.912909,126.286469,34.917548,126.297374,34.91413,126.314708,34.906724,126.33253,34.896226,126.345225,34.890326,126.343923,34.88939,126.335216,34.88109,126.319998,34.876451,126.318126,34.870551,126.318696,34.865871,126.320079,34.864203,126.326508,34.864081,126.340668,34.858588,126.35963
P,16777151,34.911322,126.089122,34.896918,126.091482,34.882961,126.08839,34.870998,126.08074,34.862738,126.069102,34.859198,126.054698,34.861802,126.046397,34.866441,126.039887,34.868964,126.031423,34.862942,125.99879,34.862738,125.986501,34.868964,125.986501,34.876044,125.996349,34.899644,126.014334,34.909898,126.028005,34.909573,126.034434,34.907416,126.043956,34.907538,126.052257,34.913642,126.056,34.926907,126.060313,34.9289,126.070079,34.922593,126.081228,34.911322,126.089122
P,16777151,34.916246,126.24643,34.913072,126.237559,34.913398,126.225352,34.922431,126.220388,34.931952,126.222423,34.935452,126.230235,34.935452,126.247325,34.933498,126.253184,34.929185,126.253429,34.91885,126.250173,34.916246,126.24643
P,16777151,34.824652,127.94988,34.806952,127.961925,34.80976,127.981293,34.817694,128.00587,34.821763,128.029063,34.817125,128.062755,34.815009,128.069591,34.803656,128.074718,34.793647,128.071788,34.783026,128.066254,34.769965,128.063324,34.749335,128.066091,34.737535,128.065278,34.732408,128.059581,34.728705,128.051606,34.708401,128.060069,34.698228,128.055919,34.695868,128.040538,34.703111,128.02589,34.708808,128.010102,34.701728,127.991547,34.699937,127.975271,34.719306,127.965343,34.759711,127.954112,34.767035,127.937673,34.759589,127.924571,34.742743,127.915701,34.721869,127.912364,34.71308,127.906261,34.712714,127.8921,34.716946,127.877126,34.721869,127.868012,34.730862,127.861827,34.738267,127.860362,34.747016,127.860118,34.759711,127.857921,34.833564,127.830333,34.851386,127.826671,34.868964,127.829356,34.886949,127.840831,34.891547,127.848481,34.892727,127.856293,34.896064,127.862315,34.918158,127.867035,34.924465,127.872895,34.93476,127.888927,34.940009,127.90211,34.936184,127.917247,34.926459,127.930512,34.913967,127.938243,34.900824,127.93686,34.888251,127.928071,34.868964,127.90561,34.862047,127.909679,34.84455,127.914317,34.835435,127.919932,34.830552,127.928477,34.824652,127.94988
P,16777151,34.954535,128.723888,34.945136,128.729991,34.935452,128.734386,34.922309,128.734141,34.910386,128.730154,34.87641,128.714366,34.88227,128.73463,34.887763,128.744314,34.88581,128.747569,34.868964,128.748546,34.857123,128.747406,34.84455,128.742931,34.837551,128.734141,34.842271,128.720551,34.828843,128.726085,34.80622,128.739024,34.790717,128.74171,34.788235,128.73406,34.793199,128.716563,34.801337,128.697765,34.808092,128.686371,34.794135,128.683279,34.786566,128.680186,34.769965,128.662852,34.756985,128.657237,34.749498,128.669119,34.743842,128.685557,34.736151,128.693858,34.72484,128.678233,34.706366,128.605805,34.705146,128.583995,34.725572,128.618175,34.731106,128.604015,34.739976,128.598643,34.751899,128.599457,34.766547,128.604503,34.753485,128.573497,34.758734,128.564301,34.77025,128.559825,34.781806,128.560395,34.787055,128.566661,34.791205,128.591563,34.802232,128.598643,34.817816,128.599132,34.835435,128.604503,34.842271,128.590831,34.831855,128.580577,34.818793,128.544688,34.808092,128.528819,34.822659,128.517426,34.835517,128.503184,34.849921,128.491547,34.868964,128.488455,34.880439,128.494884,34.891018,128.508067,34.899156,128.523285,34.903713,128.536306,34.910061,128.573741,34.909898,128.583995,34.904202,128.600434,34.897162,128.613536,34.89175,128.626964,34.890692,128.645518,34.896918,128.645518,34.906928,128.626964,34.921861,128.616384,34.93891,128.611664,34.954901,128.610606,34.953559,128.62379,34.986274,128.693858,35.004625,128.681895,35.022854,128.687511,35.032945,128.702891,35.027248,128.720551,35.018948,128.724946,35.009263,128.725271,34.972154,128.718761,34.966295,128.719249,34.954535,128.723888
P,16777151,35.057685,126.143809,35.054389,126.152517,35.055243,126.165294,35.053168,126.174164,35.048489,126.178396,35.044013,126.180919,35.038886,126.181895,35.02912,126.181651,35.025946,126.177419,35.023627,126.172374,35.025295,126.167003,35.033433,126.158051,35.035712,126.153982,35.033515,126.148611,35.033922,126.143809,35.038275,126.142345,35.039862,126.13852,35.03974,126.133556,35.041938,126.132172,35.046454,126.139415,35.047756,126.136567,35.047105,126.132091,35.048163,126.127778,35.05268,126.129649,35.056871,126.13738,35.057685,126.143809
P,16777151,34.993801,128.831798,34.992377,128.826671,34.996731,128.824229,35.014228,128.819347,35.020738,128.811778,35.025865,128.809093,35.032945,128.810313,35.041246,128.806895,35.04914,128.801606,35.056342,128.804373,35.061265,128.814952,35.062242,128.826427,35.059801,128.836436,35.047187,128.843272,35.021877,128.842784,35.001207,128.83839,34.993801,128.831798
P,16777151,35.10224,126.18922,35.097113,126.198578,35.099514,126.207042,35.103664,126.216645,35.101142,126.22283,35.096747,126.224946,35.09691,126.229828,35.098375,126.236013,35.091864,126.238536,35.086127,126.231619,35.085639,126.222423,35.081936,126.218516,35.076606,126.218516,35.067328,126.229503,35.06387,126.23878,35.0633,126.249197,35.056383,126.255138,35.047512,126.258149,35.041897,126.263194,35.034247,126.264985,35.024563,126.261078,35.021959,126.257172,35.025092,126.254568,35.027289,126.242931,35.032416,126.238048,35.038316,126.23406,35.047065,126.234223,35.051947,126.236095,35.053656,126.229259,35.057196,126.203624,35.061265,126.197927,35.061957,126.189138,35.06269,126.184825,35.065904,126.180512,35.068264,126.174815,35.073676,126.169444,35.094224,126.158702,35.102281,126.164806,35.10578,126.177501,35.10224,126.18922
P,16777151,35.059312,126.114268,35.051174,126.110606,35.050035,126.105235,35.055854,126.078624,35.054592,126.069102,35.05683,126.06544,35.059027,126.062999,35.060736,126.060395,35.061347,126.056,35.093085,126.063813,35.102362,126.069102,35.105618,126.07602,35.108873,126.087901,35.113267,126.098888,35.119696,126.10377,35.133287,126.111339,35.14289,126.129405,35.146877,126.149913,35.1435,126.165212,35.128974,126.134776,35.120551,126.127778,35.110541,126.126964,35.100246,126.131358,35.082465,126.144786,35.078803,126.134044,35.06981,126.122813,35.059312,126.114268
P,16777151,35.616645,126.307302,35.610663,126.309418,35.603217,126.305675,35.590277,126.287283,35.579047,126.274913,35.574123,126.2671,35.571682,126.263845,35.570624,126.258067,35.574368,126.253673,35.580959,126.250499,35.587307,126.252452,35.591783,126.26295,35.593411,126.261485,35.596015,126.256521,35.598375,126.258962,35.600898,126.264496,35.605211,126.26824,35.606024,126.274262,35.607367,126.277843,35.61286,126.276134,35.612698,126.280447,35.611029,126.291759,35.616034,126.299327,35.61933,126.302989,35.616645,126.307302
P,16777151,36.479641,126.404796,36.473344,126.403691,36.468392,126.402687,36.458836,126.405414,36.440334,126.412934,36.42357,126.426443,36.407945,126.43214,36.411526,126.422618,36.409491,126.378184,36.411363,126.36378,36.426321,126.361053,36.431645,126.365874,36.437337,126.373556,36.446194,126.377615,36.434068,126.35377,36.438381,126.342621,36.453315,126.345714,36.473456,126.36378,36.479641,126.356944,36.46662,126.343272,36.475611,126.33864,36.471089,126.328143,36.495093,126.333606,36.531724,126.329763,36.553864,126.325153,36.581787,126.314818,36.590891,126.323463,36.604134,126.341181,36.60936,126.360244,36.592231,126.373546,36.586086,126.375336,36.578754,126.370994,36.57384,126.363367,36.56697,126.364266,36.536282,126.381114,36.526516,126.3838,36.518378,126.379405,36.511198,126.384566,36.505792,126.39591,36.493313,126.404796,36.493313,126.3838,36.487128,126.3838,36.486029,126.390636,36.479641,126.404796
P,16777151,37.243104,131.862522,37.241606,131.861704,37.242399,131.860148,37.244006,131.861042,37.243104,131.862522
P,16777151,37.23192,126.15919,37.225735,126.15504,37.215399,126.142345,37.212348,126.133311,37.210924,126.121593,37.214545,126.111664,37.223578,126.105154,37.228664,126.10255,37.228013,126.099864,37.22484,126.092784,37.225979,126.088634,37.22956,126.088715,37.245917,126.091807,37.259426,126.097423,37.267524,126.104747,37.263088,126.112804,37.253607,126.119802,37.248928,126.126964,37.238593,126.151622,37.23192,126.15919
P,16777151,37.241604,126.478201,37.233466,126.469493,37.231269,126.458181,37.235826,126.45045,37.235175,126.442231,37.23843,126.43572,37.251044,126.433442,37.263983,126.435313,37.273098,126.443533,37.280585,126.461192,37.278998,126.48406,37.273505,126.494395,37.26142,126.498302,37.25727,126.493907,37.25434,126.483165,37.247748,126.479015,37.241604,126.478201
P,16777151,37.278998,126.573741,37.271145,126.577891,37.265774,126.58961,37.259426,126.608653,37.255194,126.613943,37.250556,126.616384,37.242011,126.618826,37.232815,126.613536,37.200385,126.562511,37.198065,126.539317,37.203111,126.539561,37.214911,126.550466,37.221666,126.551931,37.227484,126.547374,37.239325,126.560395,37.251288,126.560802,37.266059,126.555431,37.276313,126.548025,37.282945,126.540782,37.28498,126.542979,37.278632,126.559418,37.288479,126.573497,37.287665,126.576671,37.278998,126.573741
P,16777151,37.50237,126.57644,37.495627,126.580579,37.490384,126.583066,37.488585,126.577626,37.483588,126.569184,37.479967,126.565766,37.476637,126.548291,37.477657,126.540559,37.473683,126.529933,37.465568,126.506572,37.456585,126.493984,37.446796,126.487012,37.420625,126.443413,37.422406,126.433595,37.421569,126.424434,37.422356,126.420461,37.434555,126.416278,37.438537,126.408367,37.435368,126.404727,37.43447,126.401427,37.43653,126.400289,37.440053,126.401992,37.444921,126.399492,37.445545,126.393412,37.441316,126.389386,37.437455,126.3832,37.440137,126.375731,37.442291,126.364973,37.447311,126.371327,37.452736,126.369115,37.461012,126.358178,37.466223,126.355511,37.47363,126.359342,37.475064,126.365292,37.471643,126.373568,37.496861,126.418885,37.499682,126.451327,37.499257,126.47338,37.507781,126.493709,37.530185,126.500661,37.534347,126.51483,37.525092,126.526378,37.523342,126.531993,37.520738,126.537771,37.518866,126.543468,37.518622,126.549083,37.517684,126.555111,37.514443,126.563303,37.511231,126.56723,37.506348,126.57114,37.50237,126.57644
P,16777151,37.463121,130.896739,37.455512,130.877696,37.459459,130.852224,37.471259,130.827485,37.487006,130.811046,37.507392,130.805837,37.52261,130.814301,37.532131,130.832286,37.536933,130.867849,37.543891,130.891612,37.545844,130.903575,37.53559,130.920665,37.510199,130.919444,37.48192,130.908376,37.463121,130.896739
P,16777151,37.653957,125.693614,37.65176,125.687836,37.657294,125.684581,37.669664,125.67921,37.67829,125.680431,37.679267,125.688243,37.678127,125.699229,37.672309,125.706228,37.661444,125.703136,37.653957,125.693614
P,16777151,37.658352,126.370128,37.657375,126.349864,37.699286,126.281993,37.705634,126.290782,37.713568,126.294932,37.732367,126.300629,37.737209,126.303722,37.742336,126.308604,37.74608,126.31422,37.747219,126.319998,37.745551,126.323741,37.742499,126.326182,37.738267,126.327647,37.719957,126.33074,37.716498,126.331879,37.709906,126.336681,37.704291,126.343028,37.695136,126.3567,37.687323,126.369151,37.678697,126.378754,37.669176,126.380707,37.658352,126.370128
P,16777151,37.81151,126.276541,37.802476,126.295258,37.80272,126.314952,37.800442,126.333263,37.792141,126.34254,37.7744,126.335948,37.762274,126.318207,37.761135,126.296235,37.768215,126.254568,37.765367,126.245372,37.760647,126.234141,37.760443,126.224457,37.771308,126.22047,37.774726,126.222667,37.802314,126.234141,37.811754,126.24643,37.814765,126.260509,37.81151,126.276541
P,16777151,37.624905,126.529063,37.603827,126.517833,37.596869,126.507823,37.596177,126.500173,37.598375,126.494151,37.607408,126.483653,37.61107,126.476085,37.609565,126.470714,37.606187,126.466563,37.604315,126.462738,37.602037,126.410167,37.60928,126.390636,37.631049,126.370128,37.637437,126.40089,37.641303,126.408214,37.651842,126.416677,37.656684,126.415538,37.659735,126.409923,37.665188,126.404796,37.719062,126.369151,37.72724,126.366954,37.737982,126.370616,37.785346,126.36964,37.796129,126.37379,37.799018,126.383474,37.820705,126.407074,37.824449,126.425304,37.815334,126.441254,37.801215,126.456309,37.790229,126.471446,37.777411,126.503591,37.767239,126.516368,37.751166,126.521495,37.743109,126.520356,37.72956,126.515147,37.723538,126.514008,37.716783,126.516287,37.703274,126.525564,37.695868,126.52768,37.659898,126.530935,37.651516,126.52768,37.646145,126.533214,37.635443,126.538829,37.631049,126.542003,37.624905,126.529063
P,16777151,37.809556,124.714203,37.806342,124.706798,37.806871,124.698985,37.804999,124.692393,37.800767,124.687266,37.799994,124.684581,37.802639,124.684581,37.803941,124.684744,37.808824,124.681488,37.817043,124.673513,37.824897,124.676524,37.835517,124.69337,37.844387,124.704112,37.847561,124.709158,37.84691,124.716482,37.843655,124.724457,37.837388,124.725841,37.828437,124.721365,37.818183,124.718272,37.809556,124.714203
P,16777151,37.980455,124.732677,37.969672,124.743663,37.955024,124.742035,37.947008,124.728201,37.956285,124.708751,37.954535,124.683279,37.952541,124.677989,37.942043,124.678396,37.938178,124.688162,37.93651,124.69988,37.932685,124.705333,37.919989,124.684906,37.924506,124.644054,37.945054,124.613617,37.980455,124.624034,37.973293,124.649425,37.988674,124.704926,37.980455,124.732677
P,16777151,38.426093,128.474457,38.288967,128.562755,38.144965,128.631602,38.129299,128.642833,38.094306,128.678722,38.064927,128.692475,37.876776,128.859141,37.802314,128.923839,37.734361,129.001313,37.72724,129.012299,37.67886,129.06422,37.658433,129.066905,37.633857,129.067149,37.613023,129.073334,37.597398,129.108735,37.580634,129.118988,37.505113,129.148204,37.487616,129.161225,37.48017,129.17685,37.469387,129.189952,37.398261,129.235444,37.370917,129.262787,37.355862,129.272227,37.339911,129.27589,37.324449,129.282807,37.282172,129.331065,37.247504,129.346446,37.17178,129.360118,37.130113,129.378917,37.073065,129.430186,37.061103,129.434093,37.049547,129.428233,37.03852,129.418956,37.027737,129.413097,37.018052,129.41269,36.986762,129.419932,36.897406,129.428722,36.856147,129.437999,36.771877,129.471202,36.730618,129.473888,36.69245,129.463471,36.657782,129.440929,36.616645,129.422618,36.614976,129.422862,36.57567,129.427989,36.534654,129.441661,36.493313,129.447113,36.407945,129.440929,36.389594,129.434825,36.359442,129.403901,36.342475,129.391856,36.322699,129.386567,36.20185,129.382335,36.185452,129.385753,36.176337,129.391856,36.172675,129.398529,36.167629,129.403901,36.133612,129.409679,36.107571,129.417084,36.103013,129.425141,36.097398,129.430512,36.081773,129.426768,36.072984,129.418712,36.068915,129.408295,36.066311,129.398448,36.055175,129.381783,36.041487,129.380859,36.02566,129.401937,36.011913,129.417081,35.996108,129.433051,35.993287,129.453331,36.009589,129.479015,36.065904,129.542572,36.082478,129.554795,36.071845,129.5713,36.054674,129.574962,36.036811,129.582042,36.016913,129.58725,35.997124,129.571644,35.939036,129.53559,35.913013,129.532839,35.844552,129.522134,35.785074,129.496216,35.74787,129.497651,35.683222,129.471126,35.651802,129.451576,35.63609,129.443053,35.618243,129.451376,35.609294,129.46059,35.599668,129.467275,35.577883,129.463488,35.552061,129.461351,35.513251,129.4546,35.496812,129.444428,35.478746,129.427989,35.472073,129.412852,35.489691,129.406261,35.512641,129.400401,35.529853,129.387462,35.532782,129.373546,35.513251,129.365245,35.510688,129.378917,35.502265,129.387055,35.489936,129.390961,35.475735,129.391856,35.462307,129.387462,35.459174,129.377208,35.458319,129.365733,35.451809,129.357758,35.444648,129.359223,35.426056,129.360503,35.40687,129.364581,35.394572,129.355262,35.382273,129.346787,35.372667,129.35513,35.367172,129.361814,35.353583,129.360444,35.348074,129.339875,35.338545,129.320513,35.316049,129.29272,35.316767,129.269206,35.302428,129.264126,35.283989,129.2624,35.274422,129.256484,35.266228,129.249735,35.25259,129.255382,35.246975,129.255707,35.228218,129.24439,35.200531,129.228479,35.183001,129.210693,35.166628,129.201084,35.155504,129.194347,35.155757,129.178896,35.156168,129.16748,35.154283,129.153412,35.154771,129.143077,35.150766,129.132205,35.149617,129.120257,35.135567,129.119297,35.125825,129.127281,35.114148,129.128601,35.100845,129.12347,35.092276,129.101078,35.105185,129.082966,35.112617,129.071998,35.120847,129.06384,35.097834,129.037627,35.079502,129.02569,35.059983,129.021862,35.055307,129.013754,35.065134,129.008957,35.075728,128.997026,35.066281,128.998015,35.04595,129.000402,35.045963,128.99277,35.052694,128.989405,35.054284,128.985112,35.048651,128.974864,35.043649,128.965125,35.050387,128.958447,35.072913,128.95036,35.093202,128.953704,35.118955,128.961341,35.133386,128.962778,35.136897,128.95801,35.125975,128.948944,35.081882,128.91842,35.081099,128.904593,35.10139,128.903635,35.12051,128.904586,35.121305,128.897926,35.105455,128.889252,35.081485,128.882186,35.083823,128.857402,35.082953,128.791555,35.101319,128.787773,35.111062,128.781077,35.083313,128.771988,35.079392,128.761971,35.087988,128.738689,35.104722,128.727794,35.105862,128.715831,35.096137,128.70045,35.139879,128.70045,35.1435,128.6963,35.140611,128.687755,35.131415,128.680512,35.115953,128.679942,35.126125,128.664073,35.140774,128.651703,35.149848,128.638031,35.143256,128.617931,35.157375,128.622325,35.177436,128.614024,35.184882,128.617931,35.211168,128.607921,35.213935,128.602061,35.20539,128.590587,35.189358,128.578136,35.178656,128.577891,35.156968,128.590587,35.13052,128.597667,35.121243,128.601817,35.109198,128.610362,35.090766,128.627045,35.081488,128.629487,35.068183,128.624766,35.067288,128.63266,35.062893,128.64503,35.061347,128.65211,35.056545,128.643321,35.054633,128.634532,35.054592,128.614268,35.056627,128.603608,35.061916,128.600597,35.06859,128.600108,35.075019,128.596772,35.083319,128.587169,35.087877,128.580333,35.103461,128.526378,35.104234,128.511241,35.099066,128.478119,35.095404,128.469086,35.088365,128.469737,35.075019,128.481293,35.071967,128.462738,35.057807,128.428477,35.049018,128.389171,35.036363,128.384044,35.02261,128.382091,35.013577,128.37143,35.006781,128.37143,35.050238,128.471202,35.051174,128.488129,35.033596,128.491547,35.020697,128.497569,35.009223,128.499604,34.995917,128.491547,34.990058,128.47877,34.987372,128.459239,34.988105,128.439708,34.992499,128.426768,34.982733,128.420014,34.978013,128.424653,34.9737,128.433686,34.965155,128.44044,34.959947,128.441417,34.95246,128.441742,34.931627,128.44044,34.890692,128.432953,34.88349,128.442149,34.885891,128.450938,34.893866,128.457856,34.903713,128.460948,34.890692,128.474457,34.870185,128.460541,34.843166,128.435313,34.837635,128.41293,34.83929,128.382883,34.854587,128.383397,34.854804,128.40268,34.856024,128.410899,34.862738,128.415863,34.868476,128.35377,34.872707,128.340831,34.889065,128.326508,34.897284,128.324474,34.902574,128.334727,34.909898,128.357758,34.947333,128.335053,34.934068,128.318696,34.908026,128.302257,34.906806,128.279063,34.930162,128.257904,34.935981,128.246837,34.937893,128.224132,34.932929,128.214122,34.920844,128.208588,34.905504,128.206554,34.890692,128.207042,34.893622,128.185883,34.891913,128.139415,34.900295,128.121104,34.905707,128.118988,34.920356,128.118744,34.924221,128.117686,34.925198,128.113048,34.923529,128.101899,34.926256,128.087494,34.927924,128.063975,34.931627,128.055675,34.939643,128.051036,34.947496,128.051524,34.955024,128.054047,34.961737,128.055675,35.035834,128.054047,35.047756,128.055675,35.05329,128.058604,35.060614,128.063731,35.070217,128.068126,35.082465,128.069347,35.067125,128.053722,35.049221,128.040863,35.035793,128.024994,35.034084,128.000987,34.998684,128.019298,34.991767,128.006847,34.992255,127.979747,34.978827,127.953868,35.002834,127.94337,35.012641,127.937022,35.019761,127.925792,34.987535,127.922862,34.962063,127.91212,34.946682,127.891205,34.944729,127.864513,34.948188,127.853852,34.950181,127.84433,34.949449,127.836436,34.944729,127.830333,34.95482,127.81544,34.957139,127.805024,34.958645,127.798432,34.958319,127.757904,34.960191,127.744395,34.965277,127.739024,34.972886,127.736583,34.982571,127.730724,34.990058,127.719249,34.982367,127.716563,34.970404,127.718272,34.965155,127.72047,34.946723,127.713227,34.940416,127.709239,34.931627,127.699962,34.906806,127.66212,34.899115,127.641124,34.909735,127.626069,34.941311,127.607188,34.946438,127.591563,34.933661,127.580658,34.913642,127.575287,34.896918,127.576427,34.879218,127.585704,34.85635,127.601166,34.836412,127.618907,34.82803,127.634776,34.816067,127.646007,34.811916,127.656505,34.818345,127.668956,34.842271,127.699962,34.844631,127.721446,34.841702,127.739757,34.840806,127.756847,34.849066,127.775645,34.829332,127.774506,34.815334,127.771251,34.787055,127.761322,34.737128,127.749848,34.725572,127.741547,34.715888,127.706391,34.727362,127.678559,34.731269,127.656261,34.698228,127.63795,34.701402,127.632091,34.701117,127.630626,34.699286,127.629242,34.698228,127.624278,34.685045,127.632091,34.670966,127.63795,34.626288,127.645274,34.617987,127.640717,34.622707,127.630382,34.636868,127.614024,34.639309,127.590099,34.647406,127.572276,34.662177,127.560802,34.684556,127.555919,34.705715,127.562022,34.726549,127.575043,34.746243,127.584483,34.763129,127.579845,34.772528,127.571788,34.800727,127.555919,34.802924,127.551768,34.803046,127.546153,34.803778,127.540294,34.808092,127.535411,34.813218,127.534923,34.819241,127.536632,34.823065,127.539561,34.84927,127.524425,34.859036,127.521821,34.864936,127.522716,34.874701,127.52711,34.879828,127.528087,34.885443,127.52589,34.889838,127.521251,34.891099,127.516612,34.886949,127.514415,34.884711,127.510997,34.849066,127.493907,34.841498,127.487315,34.839545,127.483897,34.839057,127.47877,34.829169,127.444672,34.827135,127.424815,34.82803,127.381602,34.824042,127.365326,34.815131,127.37851,34.805854,127.404307,34.800727,127.425548,34.79442,127.425548,34.783271,127.383067,34.773342,127.361583,34.759711,127.357921,34.753974,127.366466,34.760199,127.385265,34.756659,127.395274,34.747138,127.402354,34.743638,127.400238,34.742499,127.394867,34.739814,127.3921,34.700019,127.406016,34.678697,127.434906,34.662177,127.466156,34.636868,127.487559,34.63817,127.477306,34.638251,127.459727,34.636868,127.45224,34.623236,127.495209,34.612164,127.500759,34.591325,127.50359,34.583777,127.49444,34.576565,127.484141,34.577338,127.46461,34.574774,127.45224,34.598131,127.406749,34.602037,127.3921,34.600002,127.379161,34.593899,127.363048,34.585842,127.349376,34.578192,127.343598,34.575019,127.345958,34.554267,127.357921,34.551733,127.37194,34.547105,127.380408,34.55528,127.418419,34.540676,127.43922,34.50478,127.391788,34.485037,127.374941,34.491965,127.356618,34.473929,127.327802,34.456488,127.330821,34.445014,127.343598,34.444901,127.315926,34.489453,127.275082,34.513332,127.260997,34.54682,127.223481,34.544664,127.212006,34.527574,127.172374,34.51732,127.176362,34.513332,127.17921,34.517971,127.162934,34.520494,127.147227,34.526313,127.1338,34.540676,127.124522,34.555365,127.123302,34.56391,127.129649,34.574774,127.151866,34.580024,127.159028,34.602037,127.17921,34.623603,127.191661,34.631008,127.198822,34.636868,127.21339,34.620185,127.212413,34.60399,127.20753,34.574774,127.192882,34.576361,127.222179,34.583726,127.246674,34.600409,127.261322,34.62995,127.260997,34.641506,127.255138,34.648098,127.247406,34.655829,127.241466,34.670966,127.240571,34.6789,127.245942,34.705146,127.27475,34.700629,127.285167,34.694525,127.292003,34.686713,127.293712,34.677191,127.288422,34.66413,127.294444,34.655015,127.302989,34.651923,127.314464,34.656684,127.329926,34.663642,127.336436,34.687812,127.350108,34.698228,127.357921,34.715277,127.344005,34.7331,127.338634,34.741156,127.331554,34.72899,127.312592,34.721381,127.290782,34.733791,127.272716,34.766547,127.248057,34.748236,127.233897,34.705552,127.213715,34.691474,127.199718,34.686672,127.185313,34.687201,127.173106,34.691474,127.148041,34.688056,127.136241,34.679755,127.125255,34.660102,127.107188,34.654486,127.099132,34.636868,127.062511,34.624457,127.042735,34.618354,127.03004,34.615709,127.017833,34.612494,127.010265,34.604234,127.008556,34.593207,127.009044,34.581529,127.007172,34.57331,127.00058,34.564358,126.991303,34.553697,126.986664,34.540676,126.994151,34.495917,126.938975,34.454576,126.940766,34.447699,126.931407,34.458686,126.904796,34.449937,126.896007,34.440131,126.891856,34.429389,126.892345,34.417711,126.89796,34.421088,126.88502,34.437567,126.857026,34.446845,126.818614,34.451239,126.809825,34.470404,126.802013,34.521064,126.806163,34.540676,126.802338,34.553168,126.807872,34.568549,126.806651,34.582017,126.800059,34.589057,126.788666,34.586493,126.777843,34.57803,126.766938,34.567206,126.758556,34.557685,126.755219,34.54385,126.759288,34.531806,126.765636,34.523383,126.765961,34.514879,126.735118,34.502672,126.739106,34.479193,126.761485,34.460842,126.723155,34.449897,126.708751,34.445014,126.723643,34.442776,126.727061,34.437893,126.728038,34.43301,126.726899,34.430813,126.723643,34.43183,126.71754,34.436469,126.708263,34.437567,126.70338,34.43594,126.690196,34.431342,126.687511,34.423896,126.687348,34.414008,126.682221,34.409654,126.674408,34.403469,126.644786,34.395697,126.633637,34.389228,126.629649,34.321682,126.605317,34.311998,126.603282,34.300442,126.603282,34.304755,126.578868,34.292222,126.532807,34.294176,126.521251,34.305976,126.519867,34.330024,126.529307,34.341376,126.527436,34.347846,126.518321,34.349921,126.505707,34.348822,126.479584,34.355048,126.479584,34.360826,126.484874,34.364814,126.486583,34.380561,126.488536,34.38109,126.491954,34.379869,126.49643,34.38231,126.500743,34.403551,126.514903,34.413764,126.517589,34.423977,126.513764,34.427232,126.5088,34.429348,126.501475,34.430813,126.486583,34.433254,126.475841,34.438666,126.474376,34.44359,126.477306,34.445014,126.479584,34.457831,126.479991,34.47016,126.483735,34.476752,126.481944,34.472357,126.465912,34.496487,126.470307,34.508612,126.490245,34.512844,126.516856,34.513332,126.541759,34.521064,126.537201,34.527004,126.531016,34.531155,126.523204,34.53384,126.513764,34.542955,126.529552,34.553616,126.539317,34.562974,126.539643,34.568549,126.527436,34.567084,126.52296,34.557807,126.513927,34.554267,126.507579,34.554348,126.499278,34.56094,126.486339,34.561103,126.479584,34.556545,126.473481,34.549709,126.46933,34.540676,126.465912,34.539049,126.457042,34.539293,126.448497,34.540676,126.438731,34.540351,126.417328,34.538642,126.40561,34.53384,126.39088,34.549709,126.389008,34.558905,126.380463,34.568549,126.3567,34.571723,126.357026,34.579779,126.352061,34.584621,126.346039,34.578192,126.343028,34.574368,126.340099,34.57099,126.333018,34.569648,126.324962,34.571682,126.318614,34.588039,126.297862,34.589057,126.295258,34.599107,126.29184,34.601996,126.293549,34.603339,126.297618,34.608873,126.301524,34.604193,126.305512,34.604071,126.315522,34.608873,126.322765,34.619127,126.318614,34.62995,126.29184,34.642483,126.271088,34.671291,126.269379,34.703315,126.278087,34.725572,126.288585,34.73314,126.289643,34.742418,126.288829,34.75023,126.290294,34.753485,126.298432,34.752875,126.305919,34.751044,126.313731,34.747748,126.319591,34.735826,126.326182,34.698228,126.3567,34.687893,126.347179,34.677883,126.344249,34.66767,126.345958,34.656684,126.349213,34.608873,126.369884,34.602729,126.382335,34.595893,126.431895,34.583808,126.453136,34.584662,126.46461,34.602037,126.472748,34.600653,126.461518,34.603095,126.455577,34.606786,126.434997,34.619272,126.425299,34.629766,126.412567,34.652737,126.416108,34.650748,126.402902,34.636604,126.396519,34.635835,126.386134,34.654506,126.379855,34.67947,126.376775,34.693699,126.384379,34.711182,126.378613,34.713408,126.405969,34.705879,126.447881,34.697884,126.453336,34.684882,126.450694,34.680854,126.450938,34.676988,126.450531,34.670966,126.452891,34.665421,126.463306,34.658674,126.469362,34.65167,126.4824,34.645819,126.500345,34.637155,126.511193,34.628902,126.525126,34.623178,126.535711,34.62759,126.54005,34.65037,126.519111,34.652597,126.531556,34.64383,126.550038,34.633111,126.573873,34.625532,126.602701,34.62995,126.623627,34.63288,126.60255,34.641791,126.58546,34.66352,126.555431,34.670966,126.562755,34.683987,126.541108,34.718492,126.508393,34.725572,126.490245,34.729682,126.465343,34.728105,126.435767,34.739,126.415375,34.733397,126.390179,34.739664,126.36706,34.74916,126.364017,34.763888,126.378317,34.768607,126.392328,34.764784,126.422128,34.778755,126.460149,34.751044,126.50587,34.753485,126.521251,34.751288,126.525157,34.749254,126.527599,34.747504,126.530284,34.746039,126.534923,34.765286,126.530528,34.782864,126.532481,34.795722,126.544444,34.800727,126.56894,34.789455,126.614757,34.788031,126.638194,34.800727,126.631114,34.807115,126.646576,34.808539,126.654877,34.808092,126.665294,34.82217,126.650401,34.825588,126.627696,34.821763,126.575776,34.831448,126.579682,34.838039,126.57838,34.844875,126.575776,34.855292,126.575776,34.861884,126.579438,34.866767,126.584727,34.87287,126.589122,34.883246,126.589447,34.898017,126.581391,34.901435,126.567638,34.895697,126.552745,34.883246,126.541759,34.874945,126.540538,34.8581,126.54713,34.849066,126.548595,34.847724,126.546886,34.82803,126.534923,34.793931,126.523692,34.782294,126.513276,34.780829,126.493419,34.783149,126.493419,34.787055,126.487153,34.792385,126.491222,34.802802,126.496593,34.808092,126.500743,34.813788,126.487153,34.810452,126.478038,34.804104,126.469249,34.800727,126.456065,34.805609,126.429454,34.802314,126.42099,34.791988,126.419318,34.792182,126.40561,34.786322,126.384044,34.790717,126.373546,34.801337,126.370128,34.811265,126.377289,34.82803,126.397716,34.837226,126.405121,34.844468,126.409272,34.851264,126.410981,34.859036,126.411388,34.873969,126.408702,34.881334,126.41212,34.890692,126.425059,34.898749,126.412608,34.915473,126.401703,34.935045,126.395763,34.951483,126.397716,34.961982,126.411632,34.972602,126.430512,34.981391,126.436371,34.986274,126.411388,34.984565,126.399994,34.979804,126.393321,34.97484,126.38795,34.972602,126.380382,34.968492,126.370616,34.958726,126.372081,34.947252,126.376964,34.937893,126.377289,34.927436,126.363292,34.926418,126.345225,34.931098,126.327729,34.937893,126.315196,34.943264,126.324718,34.944729,126.328868,34.949897,126.320079,34.956122,126.312592,34.963568,126.306407,34.972602,126.301524,34.977444,126.312999,34.976955,126.324229,34.972602,126.349213,34.994086,126.346202,35.016832,126.374115,35.037787,126.36671,35.070136,126.338227,35.083319,126.320649,35.08869,126.301524,35.06623,126.309418,35.053371,126.302501,35.052965,126.288341,35.068183,126.274181,35.078843,126.283539,35.106838,126.257823,35.12344,126.254242,35.137152,126.268647,35.13939,126.289073,35.131781,126.307221,35.115953,126.315196,35.122626,126.327891,35.134101,126.334972,35.156968,126.343028,35.145575,126.350108,35.135972,126.35141,35.117499,126.348725,35.10814,126.344249,35.102362,126.343028,35.096422,126.344981,35.096422,126.348969,35.097846,126.353608,35.096137,126.3567,35.082953,126.360688,35.077297,126.361664,35.074042,126.365326,35.068183,126.377289,35.065375,126.386974,35.064887,126.403819,35.061347,126.411388,35.049954,126.40561,35.038967,126.407237,35.028754,126.414399,35.019761,126.425059,35.066596,126.450287,35.082465,126.452891,35.100287,126.452403,35.106676,126.44752,35.110541,126.428722,35.114203,126.420746,35.119696,126.414154,35.142157,126.403901,35.173529,126.371104,35.187974,126.363536,35.192857,126.365733,35.196967,126.370372,35.202379,126.375092,35.211615,126.377289,35.217719,126.36671,35.225653,126.361583,35.239488,126.363536,35.235338,126.350678,35.233588,126.337413,35.233303,126.30893,35.244574,126.320079,35.248033,126.33839,35.248969,126.359141,35.25259,126.377289,35.254462,126.371349,35.256741,126.368175,35.258734,126.364513,35.259996,126.3567,35.269029,126.361583,35.274319,126.367442,35.278388,126.373871,35.284166,126.380382,35.291734,126.3838,35.298285,126.382172,35.304592,126.378998,35.31151,126.377289,35.327094,126.380707,35.342475,126.389415,35.369859,126.411388,35.364895,126.417247,35.349351,126.431895,35.344957,126.449555,35.345445,126.458507,35.352769,126.456065,35.383368,126.423106,35.394029,126.418224,35.41767,126.425548,35.446926,126.442719,35.498526,126.469814,35.525333,126.492663,35.534858,126.525283,35.541087,126.56245,35.542488,126.594233,35.552056,126.608894,35.568612,126.622977,35.572775,126.642889,35.556464,126.660737,35.538031,126.679047,35.534369,126.692475,35.571723,126.679454,35.58869,126.670177,35.595771,126.65504,35.576897,126.513158,35.601973,126.463736,35.628875,126.466744,35.639638,126.467559,35.649115,126.490977,35.665533,126.511416,35.683164,126.530335,35.697392,126.560346,35.71389,126.597168,35.745626,126.625132,35.775481,126.629389,35.782902,126.644755,35.788736,126.656117,35.792998,126.662154,35.795939,126.698023,35.792415,126.733127,35.778469,126.755382,35.775214,126.771332,35.76024,126.781993,35.768378,126.786143,35.77969,126.789561,35.791449,126.791026,35.800092,126.777668,35.805555,126.768465,35.813257,126.749344,35.825278,126.727622,35.836005,126.709972,35.83983,126.700694,35.848456,126.70338,35.857733,126.711681,35.863267,126.719981,35.864976,126.729096,35.862047,126.784923,35.86286,126.79713,35.866685,126.806163,35.875678,126.812266,35.883043,126.814545,35.888129,126.819347,35.890041,126.8331,35.893297,126.837494,35.900621,126.832286,35.908149,126.821625,35.911689,126.809825,35.909654,126.806651,35.885565,126.733165,35.884589,126.708507,35.887158,126.660091,35.890224,126.612289,35.90744,126.611838,35.931127,126.608809,35.937654,126.599576,35.945952,126.56974,35.940359,126.525736,35.97052,126.521417,35.97843,126.612046,35.983399,126.661335,35.985785,126.711192,35.993638,126.727306,35.989569,126.744477,35.998277,126.765473,36.020941,126.802338,36.036038,126.849132,36.047512,126.868907,36.061957,126.870697,36.047309,126.812104,36.042182,126.791515,36.030911,126.771332,36.017727,126.754405,36.010443,126.735688,36.007392,126.71339,35.999905,126.692475,36.005927,126.677257,36.012885,126.67213,36.02204,126.670502,36.034613,126.665294,36.045478,126.656993,36.063422,126.640147,36.075588,126.631114,36.084703,126.64503,36.090969,126.63852,36.095608,126.624848,36.098992,126.612328,36.130805,126.589447,36.136979,126.571869,36.130764,126.558573,36.130809,126.552282,36.141823,126.551768,36.153514,126.529172,36.151025,126.509648,36.13219,126.503579,36.125718,126.500255,36.130805,126.493419,36.160019,126.497401,36.17394,126.531357,36.181588,126.561341,36.17182,126.603282,36.191596,126.588471,36.199368,126.580089,36.205959,126.56894,36.207221,126.562266,36.203437,126.554291,36.205959,126.548595,36.212551,126.541108,36.219631,126.534923,36.266262,126.555919,36.286811,126.567963,36.294664,126.582612,36.305609,126.571544,36.316107,126.529063,36.322659,126.513764,36.333889,126.528819,36.342597,126.573334,36.353013,126.582612,36.366278,126.576182,36.369615,126.560395,36.369778,126.527436,36.373603,126.5206,36.385199,126.5088,36.390937,126.500743,36.397691,126.500743,36.397691,126.513764,36.420106,126.498779,36.428187,126.516895,36.433221,126.537537,36.45583,126.556778,36.465073,126.59796,36.473456,126.617442,36.473456,126.559093,36.466986,126.545014,36.441107,126.523448,36.438666,126.507579,36.448391,126.497651,36.466864,126.488536,36.485826,126.482758,36.497016,126.483409,36.516669,126.504242,36.528795,126.513927,36.534247,126.510753,36.52867,126.49158,36.535224,126.482921,36.539414,126.475071,36.540199,126.470329,36.549387,126.465685,36.557766,126.470059,36.566934,126.469218,36.584121,126.464182,36.591407,126.458095,36.595596,126.457657,36.596291,126.471456,36.603762,126.491453,36.603209,126.512312,36.615392,126.513868,36.626166,126.519867,36.634848,126.51171,36.636836,126.499855,36.649603,126.483799,36.661316,126.493956,36.670413,126.50803,36.684273,126.49851,36.687885,126.474535,36.704587,126.469687,36.716888,126.477349,36.719875,126.500743,36.732164,126.487315,36.738349,126.482677,36.747138,126.479584,36.7414,126.471202,36.72899,126.457042,36.723538,126.441173,36.716457,126.437999,36.709418,126.438569,36.700722,126.445636,36.683762,126.44688,36.664265,126.439513,36.638081,126.443907,36.615727,126.43329,36.606581,126.424238,36.618196,126.405728,36.618888,126.386391,36.629065,126.36715,36.683078,126.371969,36.702582,126.377909,36.706972,126.366422,36.732327,126.369884,36.742662,126.359141,36.740383,126.343028,36.727362,126.333995,36.711371,126.331554,36.699652,126.324311,36.699368,126.301524,36.683987,126.310883,36.66059,126.329112,36.64411,126.335704,36.636623,126.324718,36.628363,126.326182,36.610012,126.343028,36.607571,126.327729,36.60163,126.314789,36.593085,126.303966,36.582709,126.295258,36.590033,126.295421,36.59748,126.294281,36.604234,126.292003,36.610012,126.288585,36.634426,126.302338,36.673163,126.27296,36.692572,126.281749,36.719875,126.274181,36.711575,126.255707,36.684719,126.229259,36.6789,126.209727,36.677069,126.198253,36.673814,126.187999,36.673245,126.177745,36.6789,126.165619,36.683539,126.16269,36.692857,126.158539,36.702053,126.156993,36.706204,126.161876,36.705878,126.203136,36.711615,126.213634,36.726711,126.21339,36.742418,126.202647,36.748481,126.187266,36.752265,126.171153,36.76081,126.158214,36.748847,126.153087,36.723944,126.150157,36.712388,126.144542,36.703843,126.132823,36.7119,126.128917,36.736965,126.130138,36.761298,126.128184,36.768052,126.130951,36.794176,126.156586,36.80329,126.161632,36.816067,126.165619,36.806383,126.168793,36.797675,126.173106,36.789455,126.178477,36.781317,126.185395,36.785305,126.190684,36.784898,126.197276,36.782782,126.204845,36.781317,126.21339,36.793199,126.202891,36.80858,126.192231,36.801744,126.220714,36.804185,126.232432,36.816067,126.240001,36.817532,126.214447,36.823228,126.198741,36.835679,126.196869,36.857001,126.21339,36.872016,126.190766,36.885932,126.192231,36.897162,126.209483,36.904202,126.233897,36.879788,126.22755,36.873033,126.229991,36.870673,126.243744,36.871039,126.268565,36.874742,126.275238,36.883734,126.281749,36.906236,126.283539,36.936469,126.281016,36.961127,126.285655,36.966864,126.30893,36.95307,126.305919,36.931464,126.306651,36.909573,126.311046,36.883246,126.323497,36.873969,126.317393,36.865668,126.307628,36.857001,126.301524,36.847805,126.30185,36.833075,126.308116,36.829088,126.30893,36.824368,126.303477,36.814927,126.285492,36.812323,126.281749,36.803697,126.282725,36.794582,126.285981,36.789252,126.29127,36.791897,126.298432,36.804348,126.315278,36.804633,126.327891,36.788764,126.3567,36.824652,126.336029,36.846991,126.328705,36.857001,126.339366,36.840481,126.355479,36.835354,126.365326,36.846177,126.369884,36.849555,126.374115,36.852932,126.384532,36.857001,126.404552,36.863227,126.404552,36.864203,126.396576,36.870673,126.377289,36.876899,126.377289,36.881415,126.401378,36.899848,126.415538,36.922309,126.4192,36.93891,126.411388,36.94123,126.40268,36.941596,126.376475,36.945787,126.363536,36.955227,126.353852,36.964504,126.350678,36.96776,126.355479,36.959418,126.369884,36.974921,126.376475,36.984117,126.369395,36.98786,126.354015,36.986762,126.335704,36.994452,126.34311,36.999986,126.353038,37.001451,126.36378,36.997016,126.373546,36.991156,126.383067,36.989814,126.391449,36.992906,126.395274,37.000434,126.39088,37.00788,126.39088,37.008368,126.427745,37.003404,126.445404,36.99018,126.452891,36.982001,126.447846,36.973334,126.438243,36.961982,126.432384,36.945787,126.438731,36.952826,126.44752,36.95775,126.458832,36.957587,126.468598,36.949205,126.472748,36.942206,126.473888,36.935858,126.478526,36.929023,126.479584,36.926418,126.477794,36.917792,126.468761,36.911607,126.465912,36.866929,126.465912,36.85399,126.469249,36.844916,126.476573,36.841498,126.483897,36.846177,126.487153,36.87108,126.491222,36.91885,126.509532,36.942369,126.513764,36.947903,126.519135,36.941311,126.531261,36.92593,126.548595,36.915107,126.555675,36.905097,126.560802,36.898505,126.56837,36.898017,126.582612,36.904202,126.582612,36.911811,126.57545,36.932196,126.566742,36.942369,126.559093,36.994208,126.497813,36.997016,126.493419,37.007799,126.496837,37.006578,126.505382,36.998847,126.515636,36.982896,126.531586,36.976874,126.54005,36.973131,126.550304,36.97309,126.562755,36.977484,126.572113,36.984361,126.573009,36.99079,126.566173,36.993598,126.552013,37.000922,126.53297,37.01643,126.512254,37.039521,126.502921,37.054999,126.500743,37.055406,126.519054,37.049262,126.535004,37.039211,126.549327,37.027778,126.569341,37.017221,126.588452,37.010828,126.596292,37.00256,126.611467,36.996104,126.626095,36.982453,126.636095,36.968931,126.631383,36.959784,126.621674,36.952623,126.623627,36.937405,126.633556,36.928046,126.634776,36.911607,126.631114,36.917711,126.6421,36.925116,126.646495,36.933417,126.649181,36.957953,126.645375,36.966056,126.649449,36.974594,126.655793,36.988525,126.665043,36.994704,126.681544,36.994818,126.697032,36.993042,126.714348,36.987431,126.733512,36.98222,126.757767,36.97309,126.775157,36.955756,126.796235,36.934394,126.797699,36.891181,126.781993,36.897528,126.793956,36.916938,126.812755,36.918443,126.823009,36.910224,126.83017,36.895494,126.834321,36.866929,126.836518,36.860826,126.83546,36.847235,126.830821,36.839342,126.829845,36.831122,126.831798,36.819159,126.840668,36.788031,126.849132,36.77912,126.846283,36.775092,126.829845,36.766669,126.832856,36.760932,126.836762,36.757025,126.84254,36.753974,126.850841,36.776435,126.8567,36.789781,126.866547,36.804023,126.871593,36.829088,126.863292,36.824368,126.883556,36.822252,126.904796,36.852769,126.870453,36.869574,126.860199,36.876899,126.880626,36.87934,126.899018,36.893378,126.942475,36.912909,126.974457,36.918606,126.989513,36.928371,127.000336,36.952623,127.007172,36.956936,127.005219,36.964789,126.995942,36.966864,126.994151,36.970893,126.999522,36.971422,127.004893,36.971259,127.01002,36.977444,127.023936,36.978502,127.032807,36.982001,127.039399,36.993598,127.042003,36.98017,126.982188,36.969957,126.973155,36.939032,126.976329,36.932034,126.969086,36.92593,126.945811,36.929633,126.91269,36.947984,126.873383,36.975898,126.837901,37.002616,126.82441,37.00788,126.884288,37.014106,126.884288,37.015692,126.880138,37.02147,126.870697,37.02265,126.881928,37.022162,126.892589,37.019477,126.902354,37.014106,126.910981,37.033149,126.906749,37.050116,126.893077,37.069566,126.883149,37.095933,126.890473,37.100002,126.879161,37.090766,126.870453,37.074856,126.865082,37.058783,126.863292,37.041327,126.858653,37.037299,126.849132,37.044867,126.839692,37.041693,126.820567,37.037746,126.80128,37.048814,126.755219,37.060141,126.755527,37.070092,126.751191,37.083556,126.754814,37.100688,126.752859,37.117658,126.764451,37.132804,126.778268,37.13892,126.794182,37.144121,126.81121,37.144436,126.836518,37.150295,126.863536,37.156968,126.869151,37.175482,126.870697,37.179104,126.864513,37.173041,126.850597,37.158677,126.829845,37.160793,126.816905,37.165269,126.807384,37.173163,126.802257,37.18537,126.802338,37.175686,126.778575,37.1647,126.759288,37.133857,126.723643,37.127997,126.714447,37.124701,126.702891,37.124986,126.692149,37.130113,126.685639,37.139309,126.686046,37.148261,126.692149,37.164862,126.706879,37.159491,126.677745,37.161811,126.668468,37.175482,126.665294,37.185614,126.670665,37.191352,126.682872,37.195136,126.696788,37.199652,126.706879,37.212877,126.719005,37.216295,126.715831,37.213324,126.689057,37.217678,126.680186,37.22842,126.673188,37.241848,126.666515,37.254299,126.658458,37.255316,126.662934,37.256903,126.665782,37.261705,126.67213,37.257229,126.679454,37.257717,126.690522,37.261705,126.709972,37.258205,126.725841,37.251654,126.739106,37.248277,126.752208,37.254299,126.767589,37.24315,126.766368,37.232327,126.767589,37.223944,126.772472,37.22016,126.781993,37.223456,126.792491,37.232856,126.797374,37.254299,126.802338,37.2744,126.819184,37.272854,126.833018,37.265326,126.848643,37.26789,126.870697,37.276068,126.865977,37.282131,126.859874,37.2862,126.852143,37.288398,126.842784,37.287984,126.828891,37.295607,126.822544,37.297766,126.807603,37.294725,126.79556,37.295268,126.783573,37.298267,126.764643,37.30617,126.73331,37.332486,126.689793,37.344028,126.687488,37.366469,126.706865,37.377053,126.720045,37.383839,126.717162,37.389168,126.66475,37.36439,126.64034,37.379745,126.615087,37.397918,126.625382,37.413791,126.638629,37.425013,126.630308,37.432741,126.612405,37.439657,126.595985,37.457928,126.598291,37.472273,126.595018,37.485697,126.604761,37.492571,126.633444,37.496062,126.642022,37.504385,126.644163,37.507301,126.630675,37.498595,126.627025,37.496812,126.606451,37.506802,126.601106,37.525107,126.598905,37.549297,126.603792,37.558088,126.598907,37.57287,126.591105,37.584483,126.58225,37.598495,126.571935,37.607353,126.560515,37.620847,126.560286,37.641018,126.556163,37.672512,126.545421,37.754706,126.531016,37.768215,126.534923,37.770168,126.548188,37.754543,126.603282,37.757554,126.62086,37.763007,126.635509,37.765041,126.648529,37.757961,126.661876,37.746161,126.66684,37.727729,126.668793,37.708808,126.667328,37.695868,126.661876,37.672431,126.661469,37.652045,126.692149,37.639065,126.731049,37.637885,126.755219,37.653306,126.73642,37.686265,126.678803,37.721747,126.695567,37.742987,126.700531,37.757961,126.6963,37.773627,126.68686,37.782172,126.686046,37.782183,126.686045,37.793606,126.684906,37.813666,126.689464,37.829657,126.699962,37.837104,126.692475,37.836005,126.682628,37.827826,126.667491,37.82781,126.667459,37.913811,126.660516,37.937634,126.665787,37.944584,126.677828,37.946186,126.696328,37.953938,126.722115,37.979001,126.761906,38.082018,126.847327,38.096022,126.864793,38.119586,126.903344,38.134598,126.919829,38.174173,126.940134,38.200667,126.953728,38.213038,126.966065,38.218909,126.971919,38.254462,127.026747,38.285855,127.090464,38.307224,127.157489,38.312701,127.221981,38.31004,127.253814,38.318515,127.377113,38.295906,127.47194,38.298077,127.502067,38.312081,127.560823,38.325362,127.753731,38.32097,127.761948,38.306448,127.774712,38.296682,127.787011,38.293917,127.800757,38.304846,127.866851,38.300041,127.971754,38.304278,128.039864,38.323502,128.10849,38.355954,128.172362,38.399776,128.225589,38.425769,128.24874,38.45352,128.268067,38.48437,128.281089,38.519846,128.28543,38.554056,128.276955,38.571497,128.274785,38.584416,128.281089,38.60134,128.308374,38.624331,128.364922,38.578074,128.394784,38.57807,128.394786,38.505805,128.441417,38.474107,128.450694,38.426093,128.474457
