P,16777151,27.797919,-17.885121,27.742825,-17.926422,27.736518,-17.927602,27.730373,-17.92691,27.724351,-17.92691,27.718655,-17.930165,27.715644,-17.935129,27.71369,-17.940663,27.710761,-17.945139,27.704657,-17.946929,27.69953,-17.950307,27.693996,-17.957753,27.686998,-17.96524,27.67768,-17.968617,27.654364,-17.971303,27.642524,-17.979482,27.642239,-17.99413,27.653469,-18.015777,27.667873,-18.03067,27.681342,-18.039784,27.69123,-18.053131,27.700263,-18.126943,27.708564,-18.146637,27.722357,-18.16039,27.757554,-18.167226,27.768785,-18.140492,27.765367,-18.097768,27.756496,-18.056793,27.765204,-18.041982,27.798814,-18.003245,27.808051,-17.995351,27.818752,-17.99413,27.823717,-17.989858,27.832221,-17.968617,27.852037,-17.933949,27.849555,-17.914052,27.840318,-17.896474,27.827582,-17.884023,27.814521,-17.879262,27.797919,-17.885121
P,16777151,28.141506,-15.415639,28.114488,-15.414947,28.074897,-15.408559,28.068061,-15.406239,28.056301,-15.40392,28.04267,-15.399648,28.030219,-15.391591,28.024319,-15.383453,28.015815,-15.367584,28.009711,-15.363637,27.993476,-15.366282,27.975491,-15.374135,27.957506,-15.376698,27.941474,-15.363637,27.934638,-15.363637,27.929877,-15.374623,27.92121,-15.381907,27.899848,-15.391591,27.885484,-15.382721,27.86758,-15.375966,27.852281,-15.377838,27.845893,-15.394683,27.838324,-15.406972,27.80268,-15.439198,27.791246,-15.453033,27.771674,-15.523427,27.766425,-15.534901,27.765611,-15.539662,27.739407,-15.566029,27.734361,-15.577952,27.738918,-15.588246,27.746283,-15.597727,27.750312,-15.607249,27.753119,-15.650502,27.757148,-15.669545,27.763332,-15.685699,27.804348,-15.739654,27.814521,-15.747874,27.821357,-15.751861,27.831977,-15.772817,27.838446,-15.781972,27.844224,-15.786,27.901272,-15.815053,27.92178,-15.821197,27.941474,-15.81607,27.952867,-15.820058,27.968329,-15.821767,27.984076,-15.820627,27.996039,-15.81607,28.005032,-15.806996,28.023993,-15.76769,28.035956,-15.749827,28.056871,-15.725209,28.081936,-15.708363,28.105902,-15.713694,28.115058,-15.702138,28.133043,-15.69811,28.152899,-15.700063,28.167385,-15.706207,28.168199,-15.695058,28.167629,-15.684397,28.165269,-15.674428,28.160549,-15.665273,28.163886,-15.650787,28.147528,-15.597035,28.147528,-15.521311,28.134223,-15.45873,28.140937,-15.435048,28.174872,-15.43871,28.179755,-15.409291,28.177924,-15.405263,28.165025,-15.399892,28.157213,-15.400136,28.153754,-15.408559,28.141506,-15.415639
P,16777151,28.026693,-17.207111,28.019106,-17.232706,28.02457,-17.257888,28.053474,-17.310073,28.09766,-17.343221,28.133356,-17.343377,28.171047,-17.338817,28.207117,-17.309673,28.217717,-17.259173,28.205449,-17.212721,28.181098,-17.1704,28.146226,-17.116119,28.123035,-17.104279,28.100764,-17.09842,28.080967,-17.113937,28.069779,-17.133525,28.045014,-17.163187,28.031619,-17.184975,28.026693,-17.207111
P,16777151,28.572089,-16.117747,28.543819,-16.12707,28.524483,-16.157398,28.488416,-16.231391,28.461123,-16.248015,28.443316,-16.268672,28.417762,-16.296136,28.397469,-16.323896,28.391335,-16.341634,28.38115,-16.355514,28.362455,-16.365772,28.341425,-16.366107,28.324581,-16.360577,28.314631,-16.358106,28.304423,-16.361332,28.297119,-16.371,28.288342,-16.380016,28.26499,-16.386773,28.211383,-16.419233,28.167686,-16.427966,28.14967,-16.427695,28.132758,-16.441029,28.115465,-16.456776,28.057573,-16.521547,28.036474,-16.536327,28.023993,-16.545766,28.030332,-16.57971,28.011657,-16.634422,28.003654,-16.65744,27.997096,-16.67634,27.999847,-16.692683,28.013683,-16.703552,28.023,-16.705752,28.03498,-16.704091,28.038275,-16.713246,28.044501,-16.721059,28.05268,-16.72411,28.071479,-16.725942,28.078599,-16.727895,28.093817,-16.741607,28.127875,-16.780629,28.143785,-16.788686,28.165269,-16.7954,28.181871,-16.810536,28.195746,-16.826812,28.20897,-16.837148,28.253079,-16.843984,28.262519,-16.847239,28.281887,-16.861195,28.305243,-16.873402,28.33515,-16.906606,28.35497,-16.916058,28.368656,-16.891935,28.391083,-16.83744,28.383563,-16.817766,28.369127,-16.794179,28.366034,-16.782541,28.366278,-16.770131,28.373481,-16.741567,28.383262,-16.719619,28.39278,-16.68719,28.400727,-16.66418,28.39643,-16.644399,28.399667,-16.604406,28.4011,-16.584634,28.415335,-16.564479,28.417873,-16.53893,28.422105,-16.528188,28.424134,-16.507135,28.438274,-16.486904,28.475246,-16.439931,28.490627,-16.4204,28.499213,-16.414296,28.513739,-16.411977,28.519843,-16.408274,28.528754,-16.389394,28.534247,-16.381215,28.543036,-16.363352,28.546576,-16.341054,28.553453,-16.322743,28.572089,-16.316396,28.566636,-16.30016,28.564032,-16.202707,28.583441,-16.141347,28.572089,-16.117747
P,16777151,28.129218,-14.244537,28.096137,-14.271392,28.067857,-14.30134,28.050686,-14.34317,28.050767,-14.369008,28.066962,-14.408315,28.071194,-14.428619,28.067816,-14.494862,28.071194,-14.507069,28.074774,-14.503407,28.086575,-14.499257,28.098538,-14.496449,28.102525,-14.496897,28.104315,-14.489735,28.099107,-14.455556,28.100531,-14.436025,28.111233,-14.398915,28.134508,-14.341176,28.175971,-14.270131,28.201565,-14.240142,28.218573,-14.224436,28.234931,-14.213531,28.254381,-14.207387,28.3039,-14.201894,28.321845,-14.193227,28.352362,-14.171295,28.423326,-14.146392,28.434882,-14.140859,28.44359,-14.127919,28.48664,-14.098297,28.536119,-14.075551,28.587388,-14.036122,28.637112,-14.024566,28.667467,-14.010121,28.703599,-14.005279,28.716742,-13.999908,28.726874,-13.989491,28.735907,-13.972646,28.749498,-13.935414,28.753892,-13.898671,28.744208,-13.864573,28.715481,-13.83552,28.681789,-13.824371,28.636664,-13.821156,28.551581,-13.828684,28.530748,-13.835194,28.492743,-13.852935,28.47899,-13.856557,28.445502,-13.857737,28.434882,-13.856557,28.428412,-13.853627,28.414293,-13.84435,28.406928,-13.842926,28.397406,-13.847768,28.38288,-13.865712,28.376899,-13.869618,28.367743,-13.870107,28.357978,-13.871816,28.349066,-13.875152,28.328192,-13.892079,28.311103,-13.900217,28.277248,-13.911285,28.244208,-13.933705,28.227973,-13.966786,28.212836,-14.072581,28.200507,-14.11856,28.179999,-14.152008,28.170844,-14.19164,28.160549,-14.212229,28.129218,-14.244537
P,16777151,28.840644,-17.865834,28.835435,-17.841664,28.849311,-17.801381,28.842271,-17.781484,28.829413,-17.765004,28.818508,-17.755767,28.798651,-17.757802,28.774763,-17.750602,28.757912,-17.741438,28.749029,-17.721883,28.730644,-17.721044,28.699984,-17.7511,28.677549,-17.765254,28.657677,-17.757532,28.621887,-17.745604,28.603026,-17.75366,28.576821,-17.759856,28.548596,-17.78334,28.509456,-17.803298,28.475816,-17.821685,28.45539,-17.830881,28.45539,-17.837066,28.465033,-17.842885,28.475381,-17.865122,28.494426,-17.872153,28.543713,-17.879688,28.555651,-17.891166,28.571649,-17.89859,28.596303,-17.919289,28.618339,-17.924838,28.671489,-17.963098,28.696736,-17.967146,28.712563,-17.971414,28.728176,-17.976145,28.738593,-17.992299,28.749579,-18.002187,28.780097,-17.996816,28.813218,-17.970693,28.840318,-17.93635,28.855619,-17.911145,28.843946,-17.890535,28.840644,-17.865834
P,16777151,29.147406,-13.45873,29.132148,-13.462392,29.118598,-13.459137,29.104071,-13.45401,29.086005,-13.451894,29.078925,-13.453847,29.065741,-13.46227,29.058051,-13.465566,29.04975,-13.466217,29.032172,-13.464589,29.023912,-13.465566,28.999457,-13.482045,28.977484,-13.510487,28.961737,-13.54304,28.951361,-13.589955,28.942043,-13.599721,28.932603,-13.607574,28.928371,-13.619781,28.927232,-13.635487,28.922593,-13.658437,28.921536,-13.674387,28.9147,-13.709299,28.89647,-13.736073,28.870307,-13.757192,28.839586,-13.774648,28.839586,-13.780873,28.853461,-13.791493,28.859076,-13.812123,28.859442,-13.85969,28.864895,-13.867299,28.876858,-13.873647,28.888821,-13.876332,28.894232,-13.873036,28.897406,-13.861928,28.904975,-13.853424,28.921536,-13.842926,28.937893,-13.839101,28.987209,-13.835072,29.000393,-13.832102,29.048082,-13.798492,29.064887,-13.780873,29.074042,-13.766835,29.080634,-13.750559,29.084662,-13.731435,29.086005,-13.708892,29.090888,-13.690175,29.116034,-13.656484,29.126939,-13.63683,29.132392,-13.618276,29.134263,-13.602366,29.134223,-13.551178,29.138251,-13.537221,29.150295,-13.526112,29.17475,-13.513987,29.208157,-13.503163,29.225084,-13.495473,29.239936,-13.482981,29.243313,-13.465403,29.232978,-13.446604,29.20893,-13.417795,29.188707,-13.427602,29.172431,-13.431508,29.159003,-13.438791,29.147406,-13.45873
P,16777151,29.242662,-13.492014,29.226264,-13.517079,29.229397,-13.541249,29.236802,-13.541249,29.251207,-13.525746,29.273505,-13.517934,29.289455,-13.508168,29.284613,-13.486684,29.266262,-13.477895,29.242662,-13.492014
P,16777151,35.172249,-4.2969,35.171537,-4.29773,35.171656,-4.299392,35.172071,-4.300935,35.172664,-4.301885,35.172902,-4.301054,35.172724,-4.300045,35.172612,-4.298701,35.172249,-4.2969
P,16777151,35.182114,-2.426502,35.178766,-2.431414,35.18119,-2.435859,35.18523,-2.434243,35.186038,-2.429394,35.182114,-2.426502
P,16777151,35.215464,-3.901957,35.214787,-3.902533,35.215039,-3.903132,35.21531,-3.902962,35.215905,-3.902329,35.215464,-3.901957
P,16777151,35.217861,-3.899953,35.217285,-3.899818,35.217353,-3.900495,35.217217,-3.901003,35.217319,-3.901308,35.217624,-3.901274,35.217827,-3.900732,35.217861,-3.899953
P,16777151,35.276916,-2.912907,35.267874,-2.943046,35.286219,-2.963768,35.313866,-2.96692,35.329768,-2.947818,35.287991,-2.922027,35.277248,-2.913197,35.276923,-2.912913,35.276916,-2.912907
P,16777151,35.913531,-5.41597,35.910874,-5.417888,35.911612,-5.42025,35.914269,-5.42084,35.915597,-5.418774,35.913531,-5.41597
P,16777151,35.904242,-5.327382,35.900824,-5.309316,35.911689,-5.28307,35.89053,-5.29186,35.862372,-5.335561,35.847366,-5.340726,35.863807,-5.362898,35.881687,-5.378401,35.902047,-5.389718,35.924504,-5.398859,35.924506,-5.398834,35.926174,-5.385162,35.92475,-5.3662,35.91474,-5.344106,35.904242,-5.327382
P,16777151,37.70246,-0.740142,37.665188,-0.726471,37.683783,-0.746897,37.713284,-0.75121,37.746039,-0.750315,37.7744,-0.754506,37.774888,-0.74942,37.773179,-0.748199,37.770494,-0.748199,37.768215,-0.746978,37.763983,-0.743642,37.753648,-0.737538,37.747748,-0.732737,37.725531,-0.741851,37.70246,-0.740142
P,16777151,38.749254,1.437511,38.694566,1.486095,38.677768,1.526383,38.691486,1.565684,38.674913,1.582367,38.653062,1.581391,38.648839,1.557486,38.6494,1.523448,38.674597,1.474223,38.681341,1.458086,38.670274,1.438731,38.664944,1.429047,38.646446,1.412792,38.638646,1.396977,38.642061,1.38295,38.662378,1.387551,38.67,1.38346,38.680406,1.383474,38.68712,1.388682,38.696275,1.393321,38.70421,1.393728,38.707668,1.386485,38.711575,1.382823,38.719115,1.388612,38.730326,1.401002,38.724486,1.408029,38.727891,1.418142,38.739366,1.427908,38.754869,1.431326,38.755357,1.435395,38.754014,1.436534,38.751614,1.436534,38.749254,1.437511
P,16777151,39.104885,1.57838,39.102769,1.589692,39.098131,1.597911,39.091295,1.605968,39.082384,1.600841,39.062364,1.606944,39.029202,1.623057,39.028388,1.606456,39.02025,1.593272,39.007432,1.584646,38.991929,1.581391,38.985826,1.576182,38.96776,1.541189,38.930162,1.509776,38.921861,1.497244,38.910264,1.469493,38.900133,1.458669,38.904039,1.454926,38.9088,1.448416,38.913153,1.444998,38.896593,1.428559,38.890622,1.414728,38.856757,1.404145,38.832278,1.403105,38.831809,1.37065,38.851915,1.36085,38.862372,1.343516,38.857896,1.328868,38.857896,1.322032,38.859117,1.318614,38.859849,1.317719,38.857896,1.307791,38.870469,1.300304,38.87462,1.283458,38.870347,1.266612,38.857896,1.259939,38.87462,1.228201,38.885077,1.216645,38.903225,1.212169,38.927354,1.224294,38.942003,1.22755,38.954088,1.218435,38.960191,1.226736,38.965155,1.236827,38.966376,1.24822,38.960924,1.259939,38.966051,1.267263,38.968004,1.276866,38.96776,1.300955,39.009874,1.292247,39.033271,1.292817,39.043443,1.304454,39.047593,1.317556,39.057237,1.33253,39.077623,1.356781,39.077623,1.363048,39.071397,1.372244,39.083319,1.391938,39.077623,1.403331,39.090562,1.423188,39.101793,1.450694,39.107733,1.478689,39.104885,1.499522,39.114366,1.508637,39.118883,1.522716,39.118028,1.53712,39.107652,1.553559,39.105821,1.560395,39.104885,1.57838
P,16777151,39.139184,2.982308,39.116062,2.962154,39.118176,2.930867,39.151963,2.913614,39.17193,2.940424,39.18556,2.980582,39.166176,2.985367,39.139184,2.982308
P,16777151,39.968777,3.179454,39.955105,3.193126,39.959296,3.198416,39.960517,3.201345,39.955105,3.214203,39.949164,3.203624,39.936387,3.168468,39.934027,3.15561,39.928087,3.14088,39.916693,3.127452,39.908759,3.115489,39.91352,3.10434,39.91352,3.096934,39.881212,3.094737,39.87641,3.130219,39.893012,3.206798,39.886827,3.206798,39.881212,3.196788,39.874538,3.195567,39.867133,3.196462,39.859565,3.193126,39.854356,3.187185,39.851386,3.181488,39.845893,3.165212,39.839545,3.133556,39.831855,3.126313,39.811103,3.124848,39.788764,3.136485,39.76911,3.162608,39.754991,3.194835,39.749701,3.223888,39.749701,3.292491,39.755072,3.309906,39.778998,3.340343,39.784369,3.354503,39.77794,3.383149,39.75198,3.439789,39.749701,3.474376,39.739325,3.468516,39.731065,3.469412,39.723578,3.472667,39.715522,3.474376,39.710313,3.470551,39.706407,3.464366,39.700059,3.461436,39.687567,3.46754,39.659695,3.453868,39.645779,3.443207,39.639838,3.429942,39.635077,3.413097,39.623236,3.401866,39.607733,3.398692,39.591986,3.406016,39.563056,3.365408,39.523871,3.323253,39.475775,3.291759,39.420111,3.282481,39.42475,3.272716,39.427558,3.268809,39.386176,3.252615,39.35989,3.221039,39.315741,3.129405,39.290066,3.090994,39.280097,3.083263,39.276882,3.079112,39.271755,3.069998,39.26907,3.060802,39.272976,3.056651,39.304633,3.029307,39.308173,3.02296,39.313747,3.007335,39.317694,3.001313,39.326972,2.996755,39.337958,2.99464,39.347276,2.991384,39.351142,2.984223,39.353461,2.974457,39.363227,2.958832,39.365505,2.950043,39.364366,2.938162,39.359727,2.922374,39.358669,2.912608,39.363593,2.82545,39.375922,2.786632,39.400214,2.761729,39.454779,2.751231,39.462104,2.736583,39.478298,2.739513,39.502631,2.754893,39.523383,2.7435,39.543524,2.715099,39.558661,2.681651,39.564724,2.655284,39.559272,2.633474,39.531521,2.569102,39.520046,2.555675,39.492987,2.544932,39.472846,2.520193,39.470242,2.492686,39.495795,2.473806,39.497911,2.47169,39.505886,2.469005,39.512152,2.472179,39.516221,2.480642,39.537421,2.453949,39.528876,2.445811,39.525214,2.438162,39.527696,2.431163,39.537421,2.425955,39.52497,2.398285,39.523749,2.391856,39.529242,2.382091,39.547187,2.373709,39.558661,2.355642,39.576483,2.350759,39.596747,2.351736,39.611884,2.357677,39.646674,2.429373,39.650336,2.45045,39.659369,2.468272,39.700141,2.517589,39.706366,2.5324,39.708686,2.552419,39.71308,2.569672,39.723822,2.586599,39.749701,2.617686,39.754462,2.621918,39.766872,2.62908,39.770128,2.631358,39.771023,2.635997,39.769232,2.647472,39.770128,2.651866,39.789089,2.676036,39.794013,2.67921,39.79621,2.683604,39.814154,2.703949,39.818549,2.710623,39.820136,2.717947,39.83161,2.747406,39.840522,2.761729,39.849636,2.773204,39.856716,2.784841,39.859565,2.799653,39.861599,2.803233,39.870551,2.809581,39.872585,2.813243,39.871161,2.834158,39.872585,2.843598,39.88349,2.873057,39.914496,2.933279,39.920966,2.964122,39.925157,3.020274,39.936103,3.075694,39.968777,3.179454
P,16777151,40.059638,4.116791,40.045925,4.139089,40.043036,4.136974,40.035712,4.134858,40.028225,4.135427,40.024807,4.142263,40.027818,4.148529,40.034654,4.155935,40.045925,4.165782,40.060574,4.163829,40.064602,4.170502,40.059231,4.176524,40.045925,4.172618,40.038845,4.17864,40.024807,4.206716,40.017239,4.212494,40.0126,4.216889,40.00491,4.227224,40.002712,4.232677,40.000393,4.247488,39.997463,4.254568,39.986396,4.264903,39.969957,4.273367,39.955349,4.27239,39.949693,4.254568,39.943752,4.270112,39.944607,4.285899,39.941962,4.298025,39.925523,4.302908,39.910549,4.307302,39.88345,4.328787,39.867174,4.337087,39.867174,4.330333,39.87344,4.326264,39.879218,4.319753,39.884182,4.311778,39.8876,4.302908,39.821763,4.300059,39.816474,4.248139,39.843329,4.177175,39.925767,4.015066,39.936062,3.981375,39.936754,3.941335,39.925523,3.869314,39.936062,3.830658,39.947984,3.83489,39.962429,3.835704,39.975572,3.839122,39.983873,3.850515,39.989407,3.842377,39.995144,3.822032,40.001207,3.812918,40.01317,3.803396,40.018134,3.803152,40.023261,3.807058,40.035386,3.8095,40.047634,3.821869,40.059556,3.891531,40.051988,3.915457,40.059556,4.011892,40.058173,4.052013,40.059556,4.063406,40.064276,4.077566,40.074734,4.09433,40.079413,4.105072,40.067613,4.107839,40.059638,4.116791
P,16777151,42.441261,1.986163,42.441261,1.983372,42.443715,1.960634,42.451234,1.947509,42.463817,1.945648,42.481775,1.956604,42.485702,1.967972,42.47498,1.978308,42.458185,1.988436,42.443896,1.999495,42.442837,1.996084,42.441261,1.986163
P,16777151,43.731513,-7.696156,43.72724,-7.691558,43.728705,-7.68399,43.731635,-7.67516,43.734361,-7.673573,43.739203,-7.674143,43.743842,-7.672475,43.745917,-7.664622,43.746527,-7.65803,43.752672,-7.641021,43.739081,-7.637603,43.704291,-7.613026,43.688544,-7.615956,43.691107,-7.607167,43.703681,-7.594594,43.717963,-7.586415,43.714545,-7.57429,43.719794,-7.565419,43.727607,-7.555776,43.731635,-7.541412,43.728339,-7.502024,43.725328,-7.490142,43.69123,-7.407623,43.68008,-7.367055,43.598578,-7.304107,43.58161,-7.256744,43.577501,-7.260162,43.574286,-7.262278,43.571479,-7.265126,43.56863,-7.271067,43.561143,-7.271067,43.556667,-7.257721,43.559394,-7.249623,43.564805,-7.242014,43.56863,-7.230092,43.568671,-7.215443,43.563503,-7.194895,43.559272,-7.156972,43.560981,-7.095855,43.56863,-7.079335,43.561591,-7.061594,43.559394,-7.044301,43.553005,-7.032338,43.53323,-7.030873,43.522244,-7.03775,43.510443,-7.048411,43.496527,-7.053619,43.479193,-7.044586,43.479193,-7.043853,43.479193,-7.038319,43.495469,-7.032704,43.512152,-7.02953,43.525824,-7.023752,43.53323,-7.010365,43.556667,-7.001373,43.565985,-6.943959,43.56863,-6.845937,43.565131,-6.830719,43.56863,-6.770823,43.55976,-6.729644,43.557563,-6.703725,43.579047,-6.648671,43.575222,-6.597727,43.561835,-6.54662,43.547471,-6.510121,43.553087,-6.499664,43.555121,-6.488271,43.554958,-6.462961,43.559678,-6.464752,43.570868,-6.467275,43.575385,-6.469106,43.57335,-6.455312,43.563422,-6.431793,43.561143,-6.417633,43.56863,-6.366119,43.56863,-6.314605,43.570624,-6.300038,43.579617,-6.273915,43.584052,-6.249989,43.589301,-6.243886,43.594306,-6.236399,43.595893,-6.222768,43.578559,-6.190989,43.575385,-6.178049,43.5692,-6.100413,43.575385,-6.08495,43.569688,-6.069163,43.574571,-6.054189,43.583116,-6.039215,43.588446,-6.023508,43.588446,-5.907379,43.59752,-5.90217,43.604926,-5.908844,43.61286,-5.913075,43.623236,-5.900624,43.626492,-5.902577,43.633816,-5.905344,43.636827,-5.907379,43.636786,-5.875152,43.641425,-5.863515,43.653632,-5.859039,43.66295,-5.852203,43.662218,-5.836334,43.650499,-5.803822,43.63703,-5.782338,43.589545,-5.727406,43.56863,-5.708852,43.56863,-5.701975,43.582831,-5.696767,43.578559,-5.689198,43.561143,-5.67748,43.554958,-5.6256,43.561143,-5.424224,43.555243,-5.39387,43.541327,-5.390736,43.525417,-5.403554,43.513373,-5.420806,43.506537,-5.41393,43.511094,-5.403676,43.516384,-5.382639,43.520209,-5.372426,43.526719,-5.365102,43.533393,-5.362213,43.538601,-5.356801,43.540635,-5.341949,43.537665,-5.299875,43.533474,-5.284006,43.498358,-5.211903,43.489366,-5.177887,43.486274,-5.091664,43.481391,-5.067698,43.468614,-5.057037,43.474311,-5.045033,43.458767,-4.975168,43.460883,-4.967112,43.470079,-4.952545,43.471747,-4.941029,43.469509,-4.930247,43.460639,-4.907623,43.449774,-4.836537,43.421658,-4.754994,43.4171,-4.734934,43.402737,-4.512318,43.402452,-4.508168,43.383612,-4.481679,43.398708,-4.460805,43.402615,-4.432525,43.396999,-4.404897,43.383612,-4.385569,43.383612,-4.379262,43.396186,-4.368764,43.399685,-4.359364,43.395779,-4.312815,43.405382,-4.188588,43.421169,-4.160959,43.435614,-4.097727,43.438259,-4.073964,43.438259,-4.029205,43.440945,-4.023427,43.445746,-4.022572,43.450385,-4.020904,43.452501,-4.012766,43.450792,-4.005686,43.438259,-3.981435,43.442939,-3.976471,43.444159,-3.971995,43.4442,-3.967152,43.445095,-3.961008,43.446845,-3.965443,43.452501,-3.974599,43.458767,-3.974599,43.477118,-3.940053,43.482611,-3.922719,43.479193,-3.906321,43.48489,-3.893788,43.48371,-3.890859,43.479193,-3.885854,43.492377,-3.856801,43.497016,-3.826731,43.492743,-3.797027,43.479193,-3.769154,43.464871,-3.812652,43.456,-3.830963,43.445095,-3.844309,43.435899,-3.833852,43.433132,-3.829254,43.430772,-3.823842,43.43004,-3.82726,43.430121,-3.829986,43.429063,-3.831532,43.424587,-3.831288,43.424262,-3.820221,43.425482,-3.811187,43.430772,-3.796498,43.435858,-3.78954,43.449652,-3.776194,43.452501,-3.772288,43.450263,-3.763499,43.440497,-3.75414,43.438259,-3.744985,43.442328,-3.740712,43.451361,-3.743031,43.46072,-3.748891,43.465522,-3.755523,43.471747,-3.755523,43.470242,-3.741526,43.468817,-3.735748,43.465522,-3.728871,43.470526,-3.727162,43.470526,-3.725819,43.471747,-3.721425,43.479193,-3.728871,43.482733,-3.717926,43.484239,-3.688385,43.489447,-3.676991,43.496649,-3.667063,43.500678,-3.656077,43.518256,-3.579416,43.516913,-3.554351,43.499701,-3.556264,43.498969,-3.539052,43.491645,-3.525624,43.483222,-3.514719,43.479193,-3.50536,43.470486,-3.436635,43.466864,-3.431508,43.461737,-3.428293,43.455634,-3.427154,43.446845,-3.428619,43.445421,-3.432607,43.44656,-3.438873,43.445095,-3.447011,43.447699,-3.451161,43.452216,-3.460601,43.454169,-3.470041,43.448798,-3.474355,43.443061,-3.477773,43.437567,-3.485829,43.430772,-3.501698,43.428046,-3.481801,43.416775,-3.470448,43.412462,-3.46109,43.430772,-3.447011,43.419013,-3.436187,43.418077,-3.422231,43.424587,-3.392486,43.422553,-3.378041,43.410346,-3.330312,43.40412,-3.268951,43.391628,-3.223541,43.389838,-3.21052,43.385525,-3.200022,43.366238,-3.17691,43.360216,-3.150868,43.35578,-3.1315,43.354071,-3.112375,43.366889,-3.089508,43.352362,-3.057851,43.320909,-3.008168,43.328437,-3.008168,43.352566,-3.020009,43.364936,-3.023427,43.372138,-3.029286,43.376166,-3.029286,43.380927,-3.024322,43.384141,-3.010976,43.394355,-2.99942,43.413845,-2.955922,43.4171,-2.939931,43.424587,-2.939931,43.424587,-2.946685,43.430772,-2.946685,43.437934,-2.930084,43.439887,-2.905263,43.438259,-2.854237,43.441677,-2.806996,43.447862,-2.785959,43.452501,-2.768625,43.450263,-2.755849,43.438788,-2.734934,43.424506,-2.715199,43.413682,-2.706532,43.388617,-2.694936,43.36754,-2.691029,43.371446,-2.687001,43.389838,-2.67927,43.394639,-2.678456,43.40058,-2.678782,43.406195,-2.677805,43.410346,-2.672963,43.411933,-2.661204,43.409532,-2.649322,43.405951,-2.638092,43.401882,-2.606923,43.383612,-2.548899,43.377143,-2.506012,43.370632,-2.48351,43.349229,-2.464426,43.315701,-2.367421,43.30683,-2.327056,43.303494,-2.284657,43.307237,-2.241119,43.313992,-2.207875,43.314765,-2.196278,43.311591,-2.190419,43.304511,-2.183461,43.297431,-2.174469,43.294257,-2.162221,43.295356,-2.159576,43.297675,-2.156321,43.299994,-2.151519,43.301093,-2.144846,43.298896,-2.140045,43.294216,-2.137807,43.289578,-2.134836,43.287421,-2.127797,43.304145,-2.098866,43.307237,-2.086415,43.309597,-2.065541,43.328437,-1.994618,43.339219,-1.971791,43.343085,-1.960357,43.342637,-1.945627,43.335639,-1.933705,43.325873,-1.926584,43.32099,-1.918691,43.328437,-1.904652,43.331366,-1.910227,43.338568,-1.918853,43.342637,-1.925689,43.356024,-1.884918,43.380927,-1.847401,43.395087,-1.811269,43.386015,-1.794075,43.374382,-1.796449,43.353324,-1.797172,43.341128,-1.796914,43.330922,-1.768234,43.318546,-1.75578,43.299089,-1.752421,43.294793,-1.74973,43.291002,-1.747356,43.29232,-1.736556,43.296531,-1.724825,43.298624,-1.703328,43.304929,-1.683019,43.304154,-1.673872,43.297539,-1.654907,43.292372,-1.645037,43.287643,-1.645192,43.281545,-1.647983,43.272786,-1.646329,43.255681,-1.639043,43.251108,-1.634082,43.247,-1.621886,43.245811,-1.611086,43.247,-1.598477,43.251599,-1.587573,43.260358,-1.581888,43.277437,-1.573982,43.284077,-1.559047,43.283561,-1.539204,43.276765,-1.508094,43.260771,-1.466392,43.262218,-1.455281,43.265112,-1.444222,43.265009,-1.432233,43.243331,-1.403501,43.206744,-1.399677,43.166901,-1.410529,43.135275,-1.425774,43.122795,-1.438435,43.090265,-1.479621,43.081816,-1.487837,43.060138,-1.47528,43.045074,-1.457141,43.035721,-1.435024,43.030915,-1.410529,43.029209,-1.383141,43.033318,-1.366139,43.046831,-1.357613,43.073031,-1.355184,43.093081,-1.348259,43.107344,-1.331051,43.113571,-1.308623,43.109179,-1.286041,43.095975,-1.30697,43.082875,-1.315083,43.069491,-1.310587,43.055203,-1.293689,43.046831,-1.274879,43.03926,-1.216898,43.025282,-1.182533,43.005722,-1.149925,43.008254,-1.112408,43.005748,-1.103726,42.997997,-1.08719,42.993398,-1.079697,42.990219,-1.045074,42.986705,-1.028485,42.976241,-1.01629,42.957043,-0.98146,42.947896,-0.943219,42.943065,-0.863534,42.953271,-0.786433,42.946501,-0.759665,42.918727,-0.745032,42.910896,-0.740906,42.903894,-0.741423,42.899295,-0.744782,42.89392,-0.745867,42.884799,-0.740286,42.877513,-0.730106,42.876609,-0.720287,42.877668,-0.71052,42.876428,-0.700392,42.860744,-0.666079,42.849789,-0.648302,42.811445,-0.609493,42.807181,-0.608046,42.802841,-0.609958,42.799094,-0.610165,42.796846,-0.60355,42.796846,-0.587324,42.795839,-0.582931,42.789792,-0.577144,42.783307,-0.578539,42.777338,-0.578694,42.772636,-0.56903,42.77354,-0.561175,42.782015,-0.544432,42.784211,-0.535647,42.808008,-0.53389,42.807492,-0.508414,42.788914,-0.454464,42.790671,-0.423923,42.801316,-0.399738,42.829247,-0.351679,42.822736,-0.342998,42.824958,-0.335169,42.83258,-0.328244,42.842502,-0.322792,42.831831,-0.307418,42.83081,-0.305135,42.80483,-0.247034,42.786227,-0.235149,42.783875,-0.208355,42.789741,-0.17939,42.795348,-0.161407,42.777984,-0.163629,42.760699,-0.157789,42.745893,-0.145723,42.735894,-0.129238,42.730364,-0.123114,42.723311,-0.121822,42.716851,-0.119032,42.713363,-0.10849,42.710676,-0.095752,42.706128,-0.088853,42.70109,-0.084202,42.696671,-0.078414,42.685148,-0.038933,42.687525,-0.00431,42.70848,0.072843,42.715223,0.134183,42.724603,0.152941,42.726463,0.169168,42.716205,0.222394,42.710366,0.238362,42.682383,0.259808,42.668689,0.275388,42.670291,0.290245,42.699539,0.318306,42.712691,0.336031,42.717497,0.354169,42.700108,0.381816,42.696852,0.384012,42.692692,0.383676,42.688584,0.3844,42.685148,0.389283,42.682254,0.409282,42.683029,0.42879,42.690444,0.466927,42.685303,0.483515,42.68799,0.608159,42.684476,0.643609,42.68799,0.656735,42.696214,0.663426,42.698661,0.665416,42.714758,0.66645,42.729899,0.659629,42.741036,0.64764,42.744782,0.63348,42.754833,0.639578,42.759071,0.643299,42.763386,0.65074,42.774677,0.639681,42.802686,0.653737,42.824054,0.651567,42.83842,0.656321,42.845112,0.679369,42.846585,0.706757,42.845293,0.724327,42.835268,0.758847,42.832451,0.776314,42.833847,0.795744,42.831624,0.812901,42.812763,0.856102,42.804236,0.885765,42.799327,0.894446,42.787674,0.910363,42.784366,0.921111,42.788035,0.93062,42.793668,0.940025,42.796123,0.950257,42.79372,0.958732,42.783746,0.975268,42.780361,0.982916,42.776124,1.068182,42.771318,1.08906,42.759613,1.106733,42.745247,1.116552,42.729744,1.124096,42.715973,1.134328,42.706723,1.151485,42.705689,1.162544,42.713647,1.195927,42.713363,1.319123,42.70866,1.342584,42.694449,1.338243,42.690444,1.343308,42.690057,1.352713,42.686724,1.361084,42.663237,1.378758,42.643626,1.397981,42.609338,1.414828,42.595386,1.429297,42.589365,1.424853,42.579263,1.419272,42.569832,1.418032,42.565646,1.426403,42.561796,1.4263,42.540609,1.409764,42.52924,1.406456,42.531462,1.428987,42.519886,1.446557,42.504073,1.449968,42.493557,1.430227,42.492472,1.424543,42.486762,1.407593,42.453482,1.436429,42.440951,1.436429,42.434646,1.447901,42.428677,1.508466,42.429504,1.51663,42.434233,1.528206,42.439917,1.534511,42.445653,1.538851,42.450356,1.544432,42.456428,1.607478,42.466427,1.639517,42.493402,1.650369,42.496529,1.653986,42.49764,1.656984,42.496813,1.659774,42.493712,1.662358,42.490508,1.674244,42.490612,1.686336,42.494462,1.697498,42.502781,1.707006,42.501335,1.710004,42.499293,1.711967,42.496787,1.712691,42.493712,1.712174,42.488054,1.730571,42.481723,1.792686,42.475238,1.813667,42.44679,1.869787,42.442733,1.893248,42.441958,1.911955,42.436894,1.927458,42.420099,1.941101,42.382685,1.954227,42.367234,1.963735,42.354548,1.983372,42.348682,1.995671,42.34708,2.00921,42.349251,2.035255,42.352351,2.051688,42.357907,2.063264,42.371265,2.08011,42.38483,2.103985,42.390644,2.108739,42.405397,2.116284,42.410617,2.121038,42.416223,2.136954,42.411805,2.184187,42.426119,2.245992,42.428626,2.277411,42.416973,2.305316,42.409609,2.317305,42.389326,2.375493,42.384262,2.406602,42.383693,2.422518,42.367544,2.429856,42.351964,2.445566,42.340621,2.464893,42.336978,2.483393,42.328451,2.50365,42.325661,2.514812,42.325893,2.525251,42.330776,2.531969,42.346977,2.540341,42.352248,2.548092,42.352636,2.567419,42.340957,2.613411,42.337882,2.635425,42.339019,2.662194,42.34336,2.66178,42.353721,2.649378,42.372841,2.640283,42.381471,2.648241,42.406172,2.690409,42.41289,2.708082,42.414027,2.728546,42.409557,2.767717,42.412012,2.788594,42.419557,2.804614,42.441312,2.834793,42.448366,2.850813,42.449632,2.866936,42.449193,2.884092,42.45126,2.900835,42.470225,2.933702,42.461001,2.966051,42.469321,2.983104,42.467616,2.99375,42.467047,3.022998,42.465652,3.029613,42.454619,3.036021,42.445266,3.043876,42.437643,3.053591,42.432011,3.06558,42.427179,3.086147,42.425008,3.111675,42.425939,3.137824,42.431484,3.18097,42.417996,3.178722,42.396593,3.170177,42.380886,3.17449,42.363796,3.17449,42.349514,3.187348,42.339586,3.204194,42.342515,3.226492,42.343207,3.249848,42.32921,3.263031,42.32921,3.269867,42.336859,3.28061,42.334988,3.293712,42.322984,3.317719,42.288031,3.294037,42.278062,3.290375,42.262926,3.287039,42.255642,3.279389,42.250108,3.270356,42.239854,3.263031,42.245714,3.247162,42.239732,3.210134,42.249701,3.178722,42.25967,3.170177,42.256822,3.151622,42.239732,3.1303,42.218329,3.118826,42.182847,3.117442,42.158433,3.116466,42.140489,3.122488,42.127631,3.138601,42.112006,3.173106,42.092921,3.192299,42.068334,3.214496,42.055986,3.213009,42.04619,3.19986,42.033118,3.195896,42.017442,3.201589,41.99669,3.20696,41.990017,3.207856,41.984605,3.211843,41.973009,3.230561,41.965522,3.235688,41.946031,3.232188,41.913926,3.207449,41.888292,3.194916,41.87523,3.178559,41.845351,3.150165,41.847569,3.116829,41.826618,3.078631,41.799076,3.069058,41.78689,3.040341,41.73428,2.950938,41.712464,2.932991,41.706706,2.90087,41.701958,2.877254,41.69717,2.851085,41.694648,2.84018,41.692572,2.83546,41.681952,2.82016,41.677639,2.817068,41.670315,2.813162,41.668647,2.803722,41.669013,2.792003,41.645582,2.778497,41.605292,2.651866,41.535224,2.449474,41.518948,2.428966,41.489203,2.371349,41.465318,2.296723,41.448635,2.267345,41.420966,2.240408,41.356757,2.191905,41.326646,2.163259,41.303656,2.130544,41.274604,2.060313,41.265855,2.019705,41.260688,1.951345,41.247504,1.884125,41.238105,1.86378,41.235989,1.854015,41.237128,1.819835,41.192165,1.62436,41.187445,1.539236,41.116278,1.288097,41.104682,1.217784,41.09988,1.210053,41.075995,1.192475,41.068305,1.18865,41.062567,1.183604,41.058661,1.172944,41.069648,1.149099,41.071723,1.141694,41.070868,1.097667,41.064887,1.055675,41.051785,1.017426,41.0397,0.990408,40.954779,0.877452,40.899604,0.822765,40.815212,0.714203,40.785997,0.694835,40.774278,0.721528,40.76557,0.750173,40.766059,0.76238,40.771023,0.767263,40.778388,0.76352,40.785997,0.750173,40.78502,0.766938,40.779486,0.780528,40.771186,0.792003,40.748399,0.815929,40.732123,0.841807,40.73314,0.854177,40.727932,0.873709,40.707099,0.872406,40.686265,0.858084,40.67536,0.848318,40.660956,0.784028,40.642239,0.756358,40.583401,0.707042,40.565172,0.677094,40.556912,0.64796,40.553453,0.615896,40.582099,0.592459,40.586859,0.640636,40.574734,0.663178,40.590359,0.696218,40.633734,0.732677,40.636176,0.712494,40.634223,0.682221,40.613715,0.599783,40.603664,0.58017,40.590033,0.563487,40.572333,0.548513,40.51435,0.517426,40.484198,0.501313,40.465033,0.483409,40.45067,0.466156,40.434068,0.452647,40.408433,0.446137,40.388251,0.420258,40.284898,0.350597,40.274359,0.338959,40.257514,0.312104,40.246772,0.298839,40.209784,0.26474,40.171536,0.205251,40.078843,0.144542,40.056342,0.117035,40.031928,0.066173,40.002875,0.040497,39.931952,-0.002919,39.901801,-0.028676,39.847927,-0.091298,39.71544,-0.194488,39.704942,-0.199818,39.680854,-0.202138,39.664089,-0.208933,39.651394,-0.219838,39.631049,-0.243723,39.616238,-0.257436,39.5987,-0.269561,39.581814,-0.274892,39.569363,-0.281484,39.534003,-0.312734,39.516221,-0.323354,39.480407,-0.330593,39.430675,-0.327472,39.388129,-0.320668,39.322008,-0.30134,39.215446,-0.238701,39.199336,-0.227818,39.181839,-0.215493,39.175245,-0.227857,39.166275,-0.242182,39.148053,-0.236505,39.111782,-0.226703,39.07869,-0.210027,39.042259,-0.18404,39.002143,-0.15803,38.951117,-0.120676,38.93651,-0.105946,38.913398,-0.068593,38.882758,-0.030995,38.869696,-0.009755,38.864325,0.017426,38.860785,0.06308,38.849921,0.111013,38.831,0.153982,38.803534,0.185313,38.801907,0.181,38.796088,0.170909,38.791815,0.182872,38.785224,0.190766,38.768134,0.217865,38.770209,0.227712,38.75788,0.23406,38.742255,0.234548,38.734565,0.227712,38.73371,0.208995,38.730414,0.192068,38.724026,0.176768,38.713528,0.162608,38.69245,0.15089,38.689927,0.148936,38.686347,0.14503,38.685492,0.125743,38.682807,0.118582,38.672553,0.105317,38.667629,0.093679,38.660956,0.083018,38.645209,0.073131,38.631008,0.080577,38.634833,0.060435,38.632229,0.046641,38.627387,0.033376,38.624742,0.015025,38.624416,-0.01476,38.620673,-0.028798,38.611721,-0.042958,38.595282,-0.054758,38.580756,-0.055084,38.566962,-0.053619,38.55272,-0.060048,38.539944,-0.075429,38.535346,-0.090199,38.535346,-0.131744,38.527248,-0.176991,38.519599,-0.202138,38.501654,-0.233957,38.470038,-0.329416,38.461615,-0.344553,38.450019,-0.350819,38.44595,-0.358713,38.413764,-0.395172,38.398871,-0.406077,38.37934,-0.410146,38.368964,-0.409983,38.364814,-0.413686,38.36343,-0.445872,38.360053,-0.460194,38.351874,-0.47057,38.336737,-0.474355,38.338365,-0.509836,38.298651,-0.518788,38.207221,-0.504018,38.195502,-0.515452,38.192165,-0.532867,38.1942,-0.568837,38.189643,-0.591379,38.178046,-0.609486,38.162421,-0.623687,38.145819,-0.634389,38.131659,-0.640736,38.116034,-0.645009,38.073798,-0.64802,38.007758,-0.652496,37.989325,-0.65453,37.980292,-0.663401,37.972154,-0.689931,37.956285,-0.708852,37.94302,-0.718414,37.863349,-0.758616,37.847073,-0.760732,37.845852,-0.760569,37.806057,-0.756093,37.796129,-0.760732,37.822821,-0.787994,37.770087,-0.812408,37.761379,-0.825551,37.75609,-0.847808,37.742499,-0.856109,37.723782,-0.85261,37.676703,-0.819814,37.666897,-0.809926,37.650092,-0.777699,37.641303,-0.754791,37.63935,-0.734853,37.651516,-0.726471,37.643012,-0.707997,37.631334,-0.701243,37.619534,-0.705312,37.610541,-0.719716,37.60342,-0.727895,37.599433,-0.736643,37.599433,-0.745676,37.604315,-0.754506,37.599595,-0.764027,37.591457,-0.791493,37.588446,-0.807973,37.576402,-0.836415,37.576402,-0.873891,37.574286,-0.886708,37.569037,-0.900624,37.555894,-0.92516,37.561021,-0.933705,37.576402,-0.9735,37.581448,-1.006418,37.582587,-1.069936,37.580878,-1.087758,37.576402,-1.103424,37.568671,-1.114654,37.559027,-1.119985,37.549384,-1.116851,37.532135,-1.105767,37.538001,-1.137172,37.543755,-1.167057,37.555076,-1.173408,37.563883,-1.178585,37.566565,-1.199732,37.576077,-1.228993,37.579203,-1.242699,37.567013,-1.257667,37.557661,-1.261671,37.558417,-1.289784,37.561991,-1.323735,37.549913,-1.353261,37.541368,-1.369171,37.506537,-1.413686,37.498114,-1.430369,37.494696,-1.450225,37.492703,-1.455556,37.487982,-1.46349,37.482245,-1.470896,37.477607,-1.47411,37.472724,-1.476674,37.439765,-1.487294,37.433214,-1.488352,37.427802,-1.496938,37.429267,-1.502797,37.432685,-1.508168,37.433214,-1.515004,37.428656,-1.523915,37.414984,-1.543731,37.412177,-1.552968,37.409939,-1.567738,37.392279,-1.618723,37.381036,-1.641618,37.369247,-1.645913,37.361259,-1.652839,37.363308,-1.670888,37.354438,-1.680165,37.336982,-1.68578,37.316433,-1.698964,37.282416,-1.728505,37.235216,-1.787221,37.207058,-1.812734,37.166368,-1.830352,37.131619,-1.837758,37.104438,-1.849843,37.076606,-1.855214,37.015489,-1.884999,36.987616,-1.906117,36.975287,-1.906972,36.966376,-1.904164,36.958767,-1.900502,36.950059,-1.898671,36.941189,-1.900339,36.935981,-1.905222,36.933539,-1.912872,36.932196,-1.935292,36.929877,-1.941396,36.919949,-1.953847,36.900499,-1.988922,36.88703,-2.002797,36.845771,-2.013051,36.833767,-2.02477,36.824327,-2.040476,36.810085,-2.056874,36.802436,-2.06074,36.783555,-2.065907,36.775336,-2.071156,36.770616,-2.080312,36.768256,-2.09142,36.765163,-2.100819,36.746121,-2.111073,36.736396,-2.126698,36.729926,-2.146718,36.727566,-2.166127,36.737128,-2.203643,36.760077,-2.231679,36.78738,-2.256134,36.810085,-2.282786,36.827908,-2.318349,36.834255,-2.339141,36.836778,-2.361684,36.833767,-2.380238,36.820014,-2.412709,36.81627,-2.433095,36.818305,-2.442332,36.827745,-2.46939,36.829942,-2.481435,36.818793,-2.56078,36.811306,-2.576894,36.773098,-2.59671,36.72842,-2.617177,36.707017,-2.64269,36.704169,-2.647572,36.69481,-2.658884,36.685981,-2.684356,36.682034,-2.718251,36.687405,-2.736195,36.680365,-2.756663,36.694607,-2.782948,36.707302,-2.802602,36.713894,-2.820994,36.711737,-2.829986,36.702419,-2.83906,36.700222,-2.848256,36.704942,-2.858754,36.734402,-2.886098,36.750312,-2.913971,36.751654,-2.933258,36.737109,-2.987719,36.749756,-3.076453,36.744526,-3.156711,36.754828,-3.227895,36.7449,-3.329579,36.736925,-3.34439,36.725938,-3.358306,36.713894,-3.378774,36.695516,-3.415155,36.696096,-3.477602,36.721047,-3.515963,36.718406,-3.53606,36.712373,-3.549832,36.726579,-3.586402,36.74255,-3.6011,36.74128,-3.63242,36.73937,-3.665667,36.728808,-3.679822,36.724097,-3.731281,36.742474,-3.803433,36.75197,-3.838541,36.743388,-3.889445,36.726793,-3.960961,36.747992,-4.056711,36.743564,-4.079958,36.725733,-4.110172,36.715399,-4.197011,36.712388,-4.224721,36.723863,-4.403188,36.719875,-4.420318,36.710679,-4.433258,36.671454,-4.461171,36.663031,-4.466868,36.65119,-4.480458,36.636664,-4.491119,36.620551,-4.495351,36.580715,-4.524826,36.573818,-4.5878,36.530556,-4.615021,36.512112,-4.64981,36.507636,-4.65925,36.5008,-4.680287,36.492987,-4.722768,36.493964,-4.764231,36.505683,-4.88032,36.506537,-4.902659,36.504014,-4.91218,36.496853,-4.923533,36.457094,-4.994166,36.452216,-5.062489,36.429023,-5.108713,36.425564,-5.121042,36.421942,-5.157623,36.417426,-5.173655,36.4112,-5.186554,36.397162,-5.199656,36.357937,-5.227122,36.348538,-5.227935,36.312079,-5.2447,36.297105,-5.253651,36.292548,-5.258616,36.287095,-5.26594,36.282538,-5.274119,36.277411,-5.290598,36.269843,-5.289499,36.26081,-5.285308,36.247382,-5.29662,36.198147,-5.329335,36.187812,-5.334055,36.14112,-5.338773,36.141109,-5.358387,36.163153,-5.366607,36.172309,-5.382517,36.179226,-5.406077,36.179755,-5.425445,36.169989,-5.4287,36.161485,-5.437896,36.14879,-5.442332,36.134548,-5.441477,36.121527,-5.434885,36.114203,-5.43989,36.0987,-5.437164,36.088935,-5.43163,36.080797,-5.4287,36.069566,-5.431833,36.062812,-5.438629,36.05744,-5.445505,36.050727,-5.466501,36.021633,-5.566599,36.013983,-5.581003,36.006456,-5.611765,36.03677,-5.629709,36.055976,-5.671702,36.067125,-5.689361,36.059963,-5.713124,36.06566,-5.733876,36.075588,-5.753651,36.085517,-5.796051,36.096829,-5.811269,36.122382,-5.832753,36.173896,-5.897898,36.184068,-5.917185,36.183824,-5.938954,36.176988,-5.983551,36.189521,-6.036773,36.217231,-6.062489,36.250678,-6.082183,36.280707,-6.104726,36.304307,-6.159454,36.318712,-6.165964,36.335313,-6.168528,36.353583,-6.175201,36.370714,-6.184193,36.402452,-6.218373,36.446479,-6.242055,36.476426,-6.25711,36.511298,-6.279612,36.525987,-6.301422,36.534125,-6.310007,36.538764,-6.297678,36.537299,-6.289377,36.51378,-6.257517,36.504747,-6.248972,36.496283,-6.254099,36.48664,-6.246653,36.472683,-6.231475,36.474962,-6.219065,36.480536,-6.211497,36.493842,-6.200754,36.513536,-6.179351,36.514228,-6.186472,36.508897,-6.206817,36.51085,-6.224355,36.52619,-6.232452,36.556667,-6.226023,36.575751,-6.234893,36.612372,-6.283193,36.616848,-6.293853,36.620551,-6.361724,36.624254,-6.379791,36.636908,-6.394683,36.676703,-6.406972,36.69595,-6.417633,36.714586,-6.431549,36.733303,-6.437896,36.751207,-6.433339,36.767646,-6.41454,36.775092,-6.396311,36.785834,-6.358876,36.794989,-6.345611,36.818264,-6.335194,36.859931,-6.343739,36.883734,-6.338206,36.907213,-6.304351,36.90233,-6.223256,36.932115,-6.194814,36.921698,-6.214019,36.913398,-6.239654,36.912909,-6.265045,36.92593,-6.283559,36.912665,-6.325917,36.901272,-6.344716,36.880276,-6.352447,36.819892,-6.346669,36.80858,-6.352447,36.808173,-6.38801,36.837795,-6.416249,36.904202,-6.448638,36.935614,-6.471099,36.959662,-6.499582,37.101386,-6.744862,37.112779,-6.771474,37.117743,-6.794667,37.123725,-6.811757,37.151109,-6.853017,37.158677,-6.87328,37.166571,-6.892893,37.188951,-6.910878,37.215074,-6.917633,37.227607,-6.910756,37.235785,-6.898752,37.277533,-6.864125,37.295233,-6.852691,37.249579,-6.903472,37.233873,-6.931142,37.233832,-6.962554,37.227607,-6.962554,37.20067,-6.940745,37.183173,-6.930084,37.172349,-6.928456,37.171088,-6.94164,37.205512,-7.029368,37.213935,-7.061676,37.224251,-7.10104,37.214748,-7.127349,37.2119,-7.098988,37.206488,-7.085561,37.201565,-7.32787,37.196234,-7.343088,37.181708,-7.362904,37.179918,-7.381418,37.185452,-7.398508,37.192816,-7.414418,37.236746,-7.429387,37.259329,-7.434244,37.274522,-7.427578,37.307336,-7.437448,37.386763,-7.444993,37.417872,-7.462253,37.429138,-7.460031,37.451126,-7.462925,37.475569,-7.468868,37.49425,-7.475947,37.500374,-7.481477,37.511665,-7.498633,37.518124,-7.506333,37.528334,-7.514613,37.529338,-7.515428,37.535178,-7.517547,37.541947,-7.518425,37.555667,-7.52367,37.555512,-7.527598,37.556701,-7.529122,37.567165,-7.529691,37.571196,-7.526487,37.580937,-7.515841,37.585872,-7.514653,37.590368,-7.512534,37.595277,-7.511759,37.601401,-7.514343,37.606388,-7.504886,37.628867,-7.478479,37.636903,-7.471606,37.651966,-7.466335,37.700077,-7.45755,37.730153,-7.444011,37.750617,-7.426338,37.811931,-7.334405,37.850766,-7.306862,37.884872,-7.295803,37.931536,-7.273892,37.949235,-7.268621,37.959441,-7.269086,37.96895,-7.272135,37.977011,-7.272704,37.982954,-7.265831,37.98807,-7.23405,37.993832,-7.223301,37.993031,-7.21033,37.98993,-7.197618,37.98869,-7.185267,37.993832,-7.172865,37.996803,-7.159739,38.000653,-7.152246,38.011583,-7.141911,38.032383,-7.131989,38.040005,-7.123256,38.038661,-7.105944,38.020213,-7.049358,38.022564,-7.023985,38.046826,-7.015769,38.059332,-7.006363,38.089614,-6.99763,38.119948,-6.978975,38.153331,-6.965487,38.168162,-6.957633,38.196636,-6.947504,38.198386,-6.950576,38.206145,-6.964196,38.204284,-6.992101,38.198031,-7.018146,38.198238,-7.02104,38.199633,-7.026414,38.186223,-7.038713,38.177542,-7.063053,38.173382,-7.088322,38.173588,-7.103515,38.183633,-7.117068,38.1909,-7.126873,38.272084,-7.167181,38.276528,-7.1724,38.286527,-7.189453,38.29216,-7.196326,38.298387,-7.200667,38.311694,-7.207126,38.317533,-7.211364,38.424581,-7.317146,38.440962,-7.345516,38.446362,-7.35921,38.458326,-7.344844,38.469436,-7.335181,38.481011,-7.334095,38.494137,-7.345619,38.505868,-7.335801,38.556252,-7.317714,38.60382,-7.275856,38.617696,-7.27043,38.625395,-7.273531,38.628909,-7.279422,38.631907,-7.286036,38.638159,-7.290946,38.646118,-7.292496,38.656272,-7.292961,38.679087,-7.290946,38.713245,-7.284073,38.720428,-7.280714,38.733735,-7.272187,38.737507,-7.27043,38.766134,-7.225878,38.77536,-7.211519,38.779985,-7.196429,38.790889,-7.179738,38.803421,-7.166199,38.812903,-7.160618,38.819285,-7.151006,38.827192,-7.104859,38.833367,-7.088684,38.843237,-7.07654,38.851118,-7.064293,38.855149,-7.056076,38.869437,-7.057265,38.884992,-7.0522,38.904603,-7.06605,38.918633,-7.044501,38.94287,-7.022125,38.993771,-6.988638,39.003822,-6.97882,39.013951,-6.973291,39.02302,-6.974893,39.030074,-6.986313,39.047178,-6.979388,39.066764,-6.985693,39.084696,-6.999697,39.096814,-7.015769,39.109138,-7.038816,39.114771,-7.064913,39.112446,-7.091268,39.101103,-7.115194,39.097485,-7.127286,39.099527,-7.142531,39.105444,-7.157207,39.113479,-7.167491,39.121851,-7.168886,39.141385,-7.15793,39.151513,-7.155812,39.170633,-7.168059,39.17916,-7.191572,39.184844,-7.219322,39.195645,-7.244127,39.211303,-7.258079,39.231353,-7.265779,39.252334,-7.264332,39.270627,-7.250845,39.317911,-7.300454,39.329538,-7.319264,39.341321,-7.326654,39.362611,-7.331408,39.384729,-7.331925,39.398837,-7.326706,39.413254,-7.318851,39.436095,-7.313632,39.457438,-7.313528,39.467411,-7.320918,39.476093,-7.362931,39.483999,-7.38417,39.493663,-7.399414,39.515574,-7.408923,39.524204,-7.417553,39.537846,-7.451349,39.550249,-7.468092,39.581048,-7.497858,39.59376,-7.515841,39.663213,-7.548243,39.677207,-7.555872,39.679801,-7.557286,39.671843,-7.341433,39.674789,-7.327843,39.680318,-7.311409,39.683315,-7.292754,39.682333,-7.25286,39.686519,-7.235755,39.676184,-7.214051,39.675099,-7.18289,39.689258,-7.035767,39.694012,-7.021143,39.715458,-7.009619,39.722796,-7.010704,39.729617,-7.01365,39.738919,-7.01334,39.748324,-7.008741,39.764706,-6.996803,39.774214,-6.993031,39.782586,-6.994581,39.791784,-6.99887,39.802533,-7.000266,39.816072,-6.993031,39.821136,-6.985228,39.828526,-6.962335,39.832867,-6.952827,39.861909,-6.92766,39.871573,-6.92425,39.888316,-6.923474,39.897152,-6.921769,39.902165,-6.921562,39.912242,-6.925128,39.917926,-6.925231,39.922422,-6.922286,39.928107,-6.912571,39.931982,-6.909522,39.956684,-6.903682,39.965624,-6.899755,39.976476,-6.901615,39.987121,-6.896913,40.009187,-6.879705,40.064894,-6.919909,40.08634,-6.94213,40.102928,-6.955721,40.110318,-6.966418,40.113418,-6.977166,40.116312,-7.003676,40.119051,-7.015769,40.132642,-7.027654,40.166748,-7.034837,40.181373,-7.043105,40.193052,-7.034579,40.216203,-7.02476,40.225504,-7.015769,40.231706,-6.997785,40.253358,-6.954687,40.254978,-6.942101,40.255839,-6.935412,40.254443,-6.915826,40.255477,-6.896448,40.265244,-6.878051,40.271238,-6.875105,40.279188,-6.874509,40.287775,-6.873865,40.295526,-6.870196,40.300952,-6.863943,40.325343,-6.820793,40.33232,-6.811957,40.356401,-6.794438,40.380585,-6.82808,40.409524,-6.851283,40.442132,-6.857122,40.47722,-6.838673,40.502542,-6.815316,40.514634,-6.812525,40.531894,-6.818055,40.545537,-6.828545,40.55458,-6.839759,40.56476,-6.848389,40.582227,-6.850456,40.597781,-6.844461,40.630183,-6.82131,40.647184,-6.814282,40.659328,-6.814231,40.677156,-6.816246,40.710694,-6.824307,40.743302,-6.836968,40.757513,-6.839139,40.776892,-6.839139,40.786762,-6.837278,40.79224,-6.834539,40.797821,-6.833506,40.808311,-6.836813,40.814926,-6.838053,40.840247,-6.836658,40.844226,-6.820328,40.856835,-6.816194,40.870065,-6.821155,40.875904,-6.832059,40.878901,-6.847045,40.887221,-6.855262,40.908305,-6.863633,40.948923,-6.885182,40.966751,-6.899238,40.992073,-6.930606,41.00339,-6.940424,41.015999,-6.942491,41.029125,-6.931794,41.047935,-6.927867,41.048098,-6.927448,41.0561,-6.906835,41.051914,-6.845288,41.054136,-6.818003,41.06442,-6.80436,41.108861,-6.764776,41.127051,-6.756508,41.151753,-6.758988,41.158833,-6.755216,41.171442,-6.742245,41.194334,-6.70695,41.202447,-6.701266,41.217382,-6.693773,41.257845,-6.658219,41.267611,-6.646644,41.269937,-6.628919,41.270712,-6.563496,41.275621,-6.554453,41.294948,-6.495852,41.31412,-6.463141,41.339028,-6.430998,41.377475,-6.399579,41.378406,-6.395496,41.376545,-6.383197,41.377475,-6.379167,41.383005,-6.376738,41.390808,-6.375549,41.396854,-6.376169,41.397319,-6.379167,41.405174,-6.366248,41.409256,-6.352347,41.411013,-6.321134,41.419592,-6.321031,41.465635,-6.282945,41.472302,-6.28248,41.478968,-6.285167,41.486874,-6.285891,41.497003,-6.279534,41.517519,-6.253645,41.57028,-6.205947,41.580099,-6.216127,41.594904,-6.23008,41.628235,-6.272248,41.650146,-6.317103,41.663608,-6.365937,41.676243,-6.447069,41.676553,-6.460815,41.672057,-6.46774,41.665933,-6.474355,41.658802,-6.488049,41.653092,-6.503035,41.650921,-6.513422,41.658905,-6.541534,41.674899,-6.55528,41.694459,-6.560499,41.713036,-6.563083,41.722442,-6.567682,41.731046,-6.574349,41.739727,-6.577397,41.74921,-6.571506,41.757504,-6.564375,41.766883,-6.560137,41.848584,-6.535746,41.86742,-6.524222,41.873879,-6.550061,41.875869,-6.567889,41.882897,-6.575795,41.926072,-6.567631,41.942609,-6.571661,41.95465,-6.585149,41.962324,-6.609488,41.940955,-6.622821,41.933075,-6.656772,41.930853,-6.727983,41.93757,-6.757903,41.979713,-6.794387,41.983769,-6.824928,41.953952,-6.831232,41.942945,-6.854952,41.939095,-6.917118,41.943358,-6.945127,41.957698,-6.969518,41.962996,-6.983456,41.96638,-6.992359,41.953668,-7.015769,41.942015,-7.05127,41.952789,-7.082741,41.972426,-7.113179,41.98749,-7.145373,41.985733,-7.159739,41.978369,-7.177309,41.96961,-7.192605,41.963719,-7.199943,41.94974,-7.202114,41.917365,-7.195654,41.9015,-7.197928,41.889161,-7.209316,41.879047,-7.21865,41.863699,-7.251465,41.845406,-7.322468,41.843209,-7.340503,41.844036,-7.376832,41.842047,-7.391921,41.835199,-7.405409,41.814503,-7.429542,41.805951,-7.442719,41.821841,-7.446957,41.83923,-7.456569,41.852537,-7.469384,41.856206,-7.483285,41.856904,-7.493,41.864939,-7.508142,41.864991,-7.515841,41.860159,-7.523283,41.854165,-7.525247,41.847369,-7.526332,41.84016,-7.531551,41.832047,-7.546692,41.826595,-7.567104,41.824218,-7.588395,41.825536,-7.606068,41.832331,-7.622192,41.841737,-7.622812,41.873182,-7.60736,41.874913,-7.661156,41.881347,-7.678674,41.896255,-7.706372,41.899252,-7.72203,41.888375,-7.750142,41.877135,-7.812154,41.878375,-7.839233,41.875765,-7.849723,41.870262,-7.854425,41.863777,-7.857888,41.857885,-7.864812,41.857937,-7.896593,41.886824,-7.903363,41.913851,-7.906102,41.908167,-7.925791,41.896669,-7.930493,41.879951,-7.935351,41.866955,-7.944756,41.866619,-7.963359,41.868608,-7.979431,41.863673,-7.993642,41.853958,-8.005889,41.841892,-8.015708,41.816389,-8.048574,41.815986,-8.050446,41.806726,-8.093481,41.810705,-8.179574,41.812613,-8.179265,41.836595,-8.175388,41.84985,-8.177041,41.85773,-8.184586,41.868195,-8.220398,41.886049,-8.231715,41.904678,-8.230216,41.922714,-8.220708,41.965424,-8.182132,41.986818,-8.15296,42.0009,-8.123918,42.010899,-8.108028,42.023483,-8.097356,42.040923,-8.095083,42.055806,-8.103196,42.066865,-8.11844,42.072911,-8.137612,42.071387,-8.158386,42.065263,-8.176163,42.062085,-8.191304,42.069552,-8.204016,42.085779,-8.207375,42.128799,-8.204327,42.144018,-8.213396,42.15363,-8.222362,42.137584,-8.252334,42.132003,-8.270679,42.131435,-8.287836,42.130091,-8.29538,42.125828,-8.304269,42.108439,-8.329952,42.101695,-8.346747,42.083091,-8.501208,42.077717,-8.520018,42.060069,-8.554434,42.054411,-8.572805,42.053662,-8.609418,42.051026,-8.626885,42.041492,-8.643886,42.031441,-8.652568,42.009892,-8.663213,41.999815,-8.67081,41.989609,-8.691274,41.983769,-8.717008,41.975113,-8.739591,41.96898,-8.750803,41.952582,-8.761952,41.937161,-8.777089,41.925686,-8.7954,41.92121,-8.815989,41.913967,-8.832834,41.899482,-8.848785,41.888902,-8.864654,41.893297,-8.881256,41.907131,-8.878733,42.101752,-8.89859,42.119086,-8.895497,42.126044,-8.884592,42.126614,-8.84496,42.13052,-8.826527,42.139716,-8.819081,42.14761,-8.82372,42.154446,-8.842763,42.160834,-8.846995,42.164293,-8.84203,42.174506,-8.815989,42.178697,-8.813466,42.188137,-8.811025,42.197496,-8.805776,42.201728,-8.795237,42.204535,-8.790639,42.222235,-8.771962,42.252346,-8.719553,42.256415,-8.706451,42.258531,-8.701894,42.280911,-8.669911,42.286322,-8.652008,42.29682,-8.631744,42.301947,-8.625152,42.310207,-8.621653,42.340806,-8.621653,42.34748,-8.622711,42.348334,-8.626454,42.346381,-8.634755,42.335598,-8.649892,42.316799,-8.660756,42.299018,-8.674794,42.291164,-8.699574,42.287584,-8.719838,42.268988,-8.773915,42.260077,-8.784983,42.258246,-8.795766,42.260972,-8.848297,42.256415,-8.867502,42.268988,-8.863637,42.291083,-8.853424,42.304836,-8.853261,42.304836,-8.846995,42.28913,-8.832997,42.296698,-8.827219,42.329047,-8.826527,42.337226,-8.828521,42.34162,-8.830719,42.344143,-8.82726,42.346381,-8.812856,42.340155,-8.776926,42.342719,-8.771962,42.355699,-8.764638,42.388739,-8.726877,42.400377,-8.709828,42.416449,-8.676869,42.426907,-8.662506,42.441352,-8.655263,42.437974,-8.664377,42.438422,-8.672515,42.441352,-8.682525,42.440619,-8.691274,42.439643,-8.694488,42.437974,-8.696767,42.427965,-8.718821,42.413235,-8.743642,42.407213,-8.757639,42.402899,-8.779368,42.400702,-8.811025,42.403713,-8.843577,42.4147,-8.867502,42.425971,-8.875722,42.445014,-8.880238,42.455634,-8.88801,42.461005,-8.90095,42.465399,-8.935455,42.469306,-8.942616,42.479071,-8.935048,42.487616,-8.916737,42.493883,-8.895985,42.496568,-8.881256,42.493394,-8.869008,42.485012,-8.860829,42.475572,-8.861155,42.469306,-8.874338,42.465033,-8.865549,42.460761,-8.851552,42.45893,-8.836985,42.461859,-8.826527,42.472357,-8.822499,42.484117,-8.825185,42.49494,-8.825063,42.502753,-8.812856,42.537421,-8.825185,42.554633,-8.826527,42.569525,-8.822987,42.581448,-8.813832,42.589301,-8.801584,42.59219,-8.788401,42.604722,-8.775502,42.666083,-8.738759,42.688422,-8.730946,42.688422,-8.737172,42.672431,-8.744049,42.656887,-8.753896,42.645168,-8.767323,42.64057,-8.784983,42.645941,-8.803822,42.658515,-8.815989,42.67414,-8.826243,42.68244,-8.839508,42.661566,-8.854604,42.649115,-8.857004,42.64057,-8.846995,42.617499,-8.868764,42.611802,-8.880523,42.620103,-8.894846,42.630601,-8.889475,42.625474,-8.903432,42.606431,-8.936391,42.593695,-8.922231,42.586819,-8.93399,42.579169,-8.969879,42.57392,-8.972768,42.551215,-8.980784,42.548896,-8.989166,42.543402,-8.99706,42.530707,-9.011545,42.543118,-9.026357,42.561469,-9.028554,42.578111,-9.033355,42.585395,-9.055816,42.596137,-9.070872,42.620307,-9.065745,42.645941,-9.051422,42.661078,-9.038808,42.673041,-9.039459,42.687934,-9.036285,42.707709,-9.030141,42.719753,-9.018788,42.726833,-9.014027,42.733832,-9.006256,42.737006,-8.994496,42.739081,-8.992014,42.751288,-8.963124,42.777777,-8.937367,42.788113,-8.922231,42.792304,-8.898264,42.799343,-8.891347,42.815009,-8.884918,42.831122,-8.887685,42.839464,-8.908437,42.816596,-8.912587,42.802517,-8.92809,42.795111,-8.951039,42.792304,-8.977366,42.797878,-9.028188,42.794745,-9.04894,42.778022,-9.045644,42.759711,-9.068674,42.754828,-9.081288,42.757514,-9.10025,42.766059,-9.113433,42.778998,-9.120107,42.794989,-9.125478,42.812771,-9.134999,42.812608,-9.122548,42.816352,-9.113189,42.82331,-9.106191,42.833279,-9.10025,42.844835,-9.108388,42.851752,-9.122222,42.857449,-9.141225,42.865302,-9.142323,42.878607,-9.147532,42.884467,-9.148671,42.888373,-9.146637,42.896064,-9.137522,42.902167,-9.134999,42.9112,-9.133697,42.917548,-9.134511,42.921413,-9.141428,42.922634,-9.158599,42.926825,-9.167877,42.945258,-9.183461,42.949327,-9.195872,42.943142,-9.195872,42.9324,-9.190012,42.926581,-9.19579,42.92475,-9.20519,42.925727,-9.210072,42.939032,-9.214345,42.940212,-9.224233,42.934882,-9.235585,42.928778,-9.244252,42.920233,-9.251698,42.900173,-9.261708,42.891303,-9.268422,42.893337,-9.273061,42.916612,-9.282948,42.922634,-9.291982,42.928778,-9.291982,42.938341,-9.28539,42.980333,-9.26476,42.986518,-9.263987,42.994493,-9.26183,43.002387,-9.258656,43.008002,-9.254791,43.016791,-9.250966,43.023261,-9.257314,43.031277,-9.272125,43.054999,-9.27953,43.060492,-9.271108,43.060899,-9.257924,43.06977,-9.251088,43.087999,-9.245717,43.096503,-9.233957,43.102729,-9.22232,43.114447,-9.2176,43.105048,-9.202952,43.102322,-9.189809,43.105577,-9.176829,43.114447,-9.162262,43.119737,-9.15689,43.124701,-9.154205,43.129584,-9.150299,43.134874,-9.141225,43.137966,-9.133127,43.139594,-9.125803,43.14114,-9.107737,43.148505,-9.107737,43.142524,-9.124664,43.138699,-9.147084,43.139757,-9.163319,43.148505,-9.162262,43.136542,-9.194203,43.137885,-9.208363,43.155341,-9.2176,43.188747,-9.170074,43.201524,-9.137929,43.189521,-9.100413,43.189765,-9.08316,43.192328,-9.065175,43.196357,-9.052398,43.204535,-9.039784,43.21015,-9.026967,43.223863,-9.016754,43.238756,-9.011545,43.238756,-9.004058,43.226874,-8.985748,43.227484,-8.958974,43.235297,-8.932525,43.245022,-8.915273,43.244086,-8.936391,43.249945,-8.94815,43.272284,-8.963124,43.271959,-8.967519,43.276923,-8.979807,43.283026,-8.988026,43.285956,-8.980784,43.286566,-8.970855,43.29975,-8.930491,43.320746,-8.88801,43.32689,-8.856597,43.334052,-8.84911,43.338935,-8.841176,43.341213,-8.829986,43.335842,-8.817006,43.312445,-8.785553,43.307074,-8.768544,43.304918,-8.750478,43.295559,-8.711741,43.293402,-8.693105,43.301174,-8.665395,43.315863,-8.630035,43.324205,-8.592519,43.313218,-8.55842,43.331529,-8.505971,43.337795,-8.497548,43.346625,-8.494252,43.354315,-8.486073,43.359687,-8.475982,43.363349,-8.455719,43.367377,-8.451405,43.371975,-8.448964,43.375312,-8.443023,43.385891,-8.388295,43.372707,-8.384674,43.362982,-8.375722,43.348619,-8.353586,43.359931,-8.34081,43.369045,-8.33727,43.392727,-8.339915,43.405666,-8.330719,43.403144,-8.310618,43.389594,-8.281565,43.385932,-8.267201,43.377021,-8.260813,43.365668,-8.257069,43.354885,-8.250559,43.338121,-8.227528,43.328315,-8.217275,43.313218,-8.210194,43.32925,-8.202463,43.344672,-8.202952,43.375312,-8.210194,43.390692,-8.209625,43.399726,-8.204823,43.406806,-8.193959,43.416327,-8.175404,43.423245,-8.195058,43.424954,-8.213287,43.423082,-8.247141,43.427314,-8.26476,43.446234,-8.288726,43.451077,-8.305165,43.461982,-8.286488,43.471503,-8.185618,43.473293,-8.178782,43.477973,-8.171457,43.484565,-8.166982,43.492011,-8.168568,43.492743,-8.173451,43.485175,-8.196523,43.477729,-8.257314,43.481269,-8.253651,43.482856,-8.250885,43.485175,-8.243723,43.487738,-8.247548,43.492011,-8.257314,43.478949,-8.269195,43.472968,-8.288971,43.471503,-8.333119,43.486762,-8.325347,43.50788,-8.321685,43.522895,-8.31664,43.519355,-8.305165,43.532945,-8.292104,43.538235,-8.30016,43.546332,-8.308217,43.556342,-8.313222,43.567125,-8.312652,43.567125,-8.308705,43.564846,-8.291331,43.567125,-8.284657,43.564521,-8.260976,43.575507,-8.232249,43.65648,-8.086659,43.645453,-8.082997,43.639635,-8.074615,43.638861,-8.063547,43.642808,-8.051869,43.64232,-8.062408,43.642808,-8.065541,43.649075,-8.065541,43.650946,-8.061269,43.654242,-8.056467,43.65648,-8.051869,43.667873,-8.071156,43.678534,-8.073964,43.689276,-8.069163,43.700873,-8.065541,43.709418,-8.059316,43.712104,-8.044504,43.711737,-8.010976,43.717841,-7.981191,43.730129,-7.952952,43.746772,-7.928131,43.766343,-7.908559,43.763251,-7.880849,43.748847,-7.869049,43.731187,-7.86148,43.717963,-7.846506,43.711737,-7.846506,43.714179,-7.852284,43.716254,-7.862294,43.717963,-7.867584,43.709418,-7.874623,43.700507,-7.879262,43.691962,-7.879791,43.684475,-7.873769,43.678616,-7.884104,43.679674,-7.887318,43.684475,-7.894887,43.679755,-7.901235,43.67829,-7.903879,43.676988,-7.908559,43.670152,-7.908559,43.668199,-7.858388,43.675605,-7.849233,43.697455,-7.867584,43.703437,-7.856028,43.703803,-7.843861,43.697455,-7.819163,43.700751,-7.821401,43.708075,-7.823964,43.711737,-7.826039,43.72309,-7.812001,43.734117,-7.793853,43.74258,-7.773793,43.750067,-7.734039,43.760688,-7.712758,43.774888,-7.695709,43.789984,-7.688832,43.793443,-7.685536,43.790473,-7.678334,43.782864,-7.671295,43.772528,-7.668324,43.766669,-7.672597,43.745917,-7.695627,43.731513,-7.696156
